attention,delta,meditation,rawValue,theta,lowAlpha,highAlpha,lowBeta,highBeta,lowGamma,midGamma,poorSignal,blinkStrength,label
0,0,0,0,0,0,0,0,0,0,0,0,0,4
0,0,0,0,0,0,0,0,0,0,0,0,0,4
0,0,0,0,0,0,0,0,0,0,0,0,0,4
0,0,0,0,0,0,0,0,0,0,0,0,0,4
0,0,0,0,0,0,0,0,0,0,0,0,0,4
0,0,0,0,0,0,0,0,0,0,0,0,0,4
0,0,0,0,0,0,0,0,0,0,0,0,0,4
0,0,0,0,0,0,0,0,0,0,0,0,0,4
0,0,0,0,0,0,0,0,0,0,0,0,0,4
0,0,0,0,0,0,0,0,0,0,0,0,0,4
0,0,0,0,0,0,0,0,0,0,0,0,0,4
0,0,0,0,0,0,0,0,0,0,0,0,0,4
0,0,0,0,0,0,0,0,0,0,0,0,0,4
0,0,0,0,0,0,0,0,0,0,0,0,0,4
0,0,0,0,0,0,0,0,0,0,0,0,0,4
0,0,0,0,0,0,0,0,0,0,0,0,0,4
0,0,0,0,0,0,0,0,0,0,0,0,0,4
0,0,0,0,0,0,0,0,0,0,0,0,0,4
0,0,0,0,0,0,0,0,0,0,0,0,0,4
0,0,0,0,0,0,0,0,0,0,0,0,0,4
0,0,0,0,0,0,0,0,0,0,0,0,0,4
0,0,0,0,0,0,0,0,0,0,0,0,0,4
0,0,0,0,0,0,0,0,0,0,0,0,0,4
0,0,0,0,0,0,0,0,0,0,0,0,0,4
0,0,0,0,0,0,0,0,0,0,0,0,0,4
0,0,0,0,0,0,0,0,0,0,0,0,0,4
0,0,0,0,0,0,0,0,0,0,0,0,0,4
0,0,0,0,0,0,0,0,0,0,0,0,0,4
0,0,0,0,0,0,0,0,0,0,0,0,0,4
0,0,0,0,0,0,0,0,0,0,0,0,0,4
0,0,0,0,0,0,0,0,0,0,0,0,0,4
0,0,0,0,0,0,0,0,0,0,0,0,0,4
0,0,0,44,0,0,0,0,0,0,0,0,0,4
0,0,0,44,0,0,0,0,0,0,0,0,0,4
0,0,0,45,0,0,0,0,0,0,0,0,0,4
0,0,0,44,0,0,0,0,0,0,0,0,0,4
0,0,0,45,0,0,0,0,0,0,0,0,0,4
0,0,0,45,0,0,0,0,0,0,0,0,0,4
0,0,0,45,0,0,0,0,0,0,0,0,0,4
0,0,0,44,0,0,0,0,0,0,0,0,0,4
0,0,0,45,0,0,0,0,0,0,0,0,0,4
0,0,0,45,0,0,0,0,0,0,0,0,0,4
0,1,0,45,3,0,1,2,2,1,1,25,0,4
0,1,0,44,3,0,1,2,2,1,1,25,0,4
0,1,0,44,3,0,1,2,2,1,1,25,0,4
0,1,0,774,3,0,1,2,2,1,1,25,0,4
0,1,0,1334,3,0,1,2,2,1,1,25,0,4
0,1,0,182,3,0,1,2,2,1,1,25,0,4
0,1,0,67,3,0,1,2,2,1,1,25,0,4
0,1,0,49,3,0,1,2,2,1,1,25,0,4
0,1,0,44,3,0,1,2,2,1,1,25,0,4
0,1,0,540,3,0,1,2,2,1,1,25,0,4
0,472578,0,-1947,76660,35067,62169,17046,8719,14858,45524,51,0,4
0,472578,0,-360,76660,35067,62169,17046,8719,14858,45524,51,0,4
0,472578,0,-582,76660,35067,62169,17046,8719,14858,45524,51,0,4
0,472578,0,-43,76660,35067,62169,17046,8719,14858,45524,51,0,4
0,472578,0,36,76660,35067,62169,17046,8719,14858,45524,51,0,4
0,472578,0,2047,76660,35067,62169,17046,8719,14858,45524,51,0,4
0,472578,0,583,76660,35067,62169,17046,8719,14858,45524,51,0,4
0,472578,0,128,76660,35067,62169,17046,8719,14858,45524,51,0,4
0,472578,0,57,76660,35067,62169,17046,8719,14858,45524,51,0,4
0,472578,0,45,76660,35067,62169,17046,8719,14858,45524,51,0,4
0,1887044,0,43,96640,54750,52407,38696,23470,39496,12051,51,0,4
0,1887044,0,-2048,96640,54750,52407,38696,23470,39496,12051,51,0,4
0,1887044,0,-674,96640,54750,52407,38696,23470,39496,12051,51,0,4
0,1887044,0,1612,96640,54750,52407,38696,23470,39496,12051,51,0,4
0,1887044,0,-1069,96640,54750,52407,38696,23470,39496,12051,51,0,4
0,1887044,0,1106,96640,54750,52407,38696,23470,39496,12051,51,0,4
0,1887044,0,-1347,96640,54750,52407,38696,23470,39496,12051,51,0,4
0,1887044,0,-168,96640,54750,52407,38696,23470,39496,12051,51,0,4
0,1887044,0,11,96640,54750,52407,38696,23470,39496,12051,51,0,4
0,1887044,0,1703,96640,54750,52407,38696,23470,39496,12051,51,0,4
0,1241459,0,250,591369,220537,365911,435457,190279,235116,87045,51,0,4
0,1241459,0,76,591369,220537,365911,435457,190279,235116,87045,51,0,4
0,1241459,0,50,591369,220537,365911,435457,190279,235116,87045,51,0,4
0,1241459,0,44,591369,220537,365911,435457,190279,235116,87045,51,0,4
0,1241459,0,43,591369,220537,365911,435457,190279,235116,87045,51,0,4
0,1241459,0,43,591369,220537,365911,435457,190279,235116,87045,51,0,4
0,1241459,0,43,591369,220537,365911,435457,190279,235116,87045,51,0,4
0,1241459,0,43,591369,220537,365911,435457,190279,235116,87045,51,0,4
0,1241459,0,-2048,591369,220537,365911,435457,190279,235116,87045,51,0,4
0,1241459,0,-841,591369,220537,365911,435457,190279,235116,87045,51,0,4
0,319712,0,-67,343409,43268,13564,24531,9660,4997,1506,25,0,4
0,319712,0,27,343409,43268,13564,24531,9660,4997,1506,25,0,4
0,319712,0,40,343409,43268,13564,24531,9660,4997,1506,25,0,4
0,319712,0,1450,343409,43268,13564,24531,9660,4997,1506,25,0,4
0,319712,0,263,343409,43268,13564,24531,9660,4997,1506,25,0,4
0,319712,0,77,343409,43268,13564,24531,9660,4997,1506,25,0,4
0,319712,0,49,343409,43268,13564,24531,9660,4997,1506,25,0,4
0,319712,0,52,343409,43268,13564,24531,9660,4997,1506,25,0,4
0,319712,0,44,343409,43268,13564,24531,9660,4997,1506,25,0,4
0,319712,0,43,343409,43268,13564,24531,9660,4997,1506,25,0,4
0,900526,0,225,108107,5549,9793,5294,3477,1258,813,25,0,4
0,900526,0,-413,108107,5549,9793,5294,3477,1258,813,25,0,4
0,900526,0,-24,108107,5549,9793,5294,3477,1258,813,25,0,4
0,900526,0,37,108107,5549,9793,5294,3477,1258,813,25,0,4
0,900526,0,43,108107,5549,9793,5294,3477,1258,813,25,0,4
0,900526,0,44,108107,5549,9793,5294,3477,1258,813,25,0,4
0,900526,0,44,108107,5549,9793,5294,3477,1258,813,25,0,4
0,900526,0,45,108107,5549,9793,5294,3477,1258,813,25,0,4
0,900526,0,45,108107,5549,9793,5294,3477,1258,813,25,0,4
0,900526,0,45,108107,5549,9793,5294,3477,1258,813,25,0,4
0,1009090,0,73,186328,241346,226651,146811,39367,94847,105695,25,0,4
0,1009090,0,43,186328,241346,226651,146811,39367,94847,105695,25,0,4
0,1009090,0,45,186328,241346,226651,146811,39367,94847,105695,25,0,4
0,1009090,0,44,186328,241346,226651,146811,39367,94847,105695,25,0,4
0,1009090,0,44,186328,241346,226651,146811,39367,94847,105695,25,0,4
0,1009090,0,44,186328,241346,226651,146811,39367,94847,105695,25,0,4
0,1009090,0,45,186328,241346,226651,146811,39367,94847,105695,25,0,4
0,1009090,0,45,186328,241346,226651,146811,39367,94847,105695,25,0,4
0,1009090,0,-84,186328,241346,226651,146811,39367,94847,105695,25,0,4
0,1009090,0,1527,186328,241346,226651,146811,39367,94847,105695,25,0,4
0,540373,0,311,1031432,805865,576790,927504,968080,388887,379487,51,0,4
0,540373,0,858,1031432,805865,576790,927504,968080,388887,379487,51,0,4
0,540373,0,1306,1031432,805865,576790,927504,968080,388887,379487,51,0,4
0,540373,0,196,1031432,805865,576790,927504,968080,388887,379487,51,0,4
0,540373,0,67,1031432,805865,576790,927504,968080,388887,379487,51,0,4
0,540373,0,-2048,1031432,805865,576790,927504,968080,388887,379487,51,0,4
0,540373,0,-521,1031432,805865,576790,927504,968080,388887,379487,51,0,4
0,540373,0,-40,1031432,805865,576790,927504,968080,388887,379487,51,0,4
0,540373,0,33,1031432,805865,576790,927504,968080,388887,379487,51,0,4
0,589719,0,43,150538,117676,91131,21799,30998,22155,17325,51,0,4
0,589719,0,390,150538,117676,91131,21799,30998,22155,17325,51,0,4
0,589719,0,2047,150538,117676,91131,21799,30998,22155,17325,51,0,4
0,589719,0,2047,150538,117676,91131,21799,30998,22155,17325,51,0,4
0,589719,0,547,150538,117676,91131,21799,30998,22155,17325,51,0,4
0,589719,0,121,150538,117676,91131,21799,30998,22155,17325,51,0,4
0,589719,0,56,150538,117676,91131,21799,30998,22155,17325,51,0,4
0,589719,0,48,150538,117676,91131,21799,30998,22155,17325,51,0,4
0,589719,0,44,150538,117676,91131,21799,30998,22155,17325,51,0,4
0,589719,0,44,150538,117676,91131,21799,30998,22155,17325,51,0,4
0,242645,0,43,13272,4731,13062,11397,17374,15189,9242,51,0,4
0,242645,0,-296,13272,4731,13062,11397,17374,15189,9242,51,0,4
0,242645,0,-925,13272,4731,13062,11397,17374,15189,9242,51,0,4
0,242645,0,-91,13272,4731,13062,11397,17374,15189,9242,51,0,4
0,242645,0,28,13272,4731,13062,11397,17374,15189,9242,51,0,4
0,242645,0,42,13272,4731,13062,11397,17374,15189,9242,51,0,4
0,242645,0,1537,13272,4731,13062,11397,17374,15189,9242,51,0,4
0,242645,0,276,13272,4731,13062,11397,17374,15189,9242,51,0,4
0,242645,0,69,13272,4731,13062,11397,17374,15189,9242,51,0,4
0,242645,0,49,13272,4731,13062,11397,17374,15189,9242,51,0,4
0,840868,0,44,53083,11460,11006,8013,8246,7660,7231,51,0,4
0,840868,0,43,53083,11460,11006,8013,8246,7660,7231,51,0,4
0,840868,0,44,53083,11460,11006,8013,8246,7660,7231,51,0,4
0,840868,0,-989,53083,11460,11006,8013,8246,7660,7231,51,0,4
0,840868,0,-114,53083,11460,11006,8013,8246,7660,7231,51,0,4
0,840868,0,21,53083,11460,11006,8013,8246,7660,7231,51,0,4
0,840868,0,42,53083,11460,11006,8013,8246,7660,7231,51,0,4
0,840868,0,2047,53083,11460,11006,8013,8246,7660,7231,51,0,4
0,840868,0,460,53083,11460,11006,8013,8246,7660,7231,51,0,4
0,840868,0,89,53083,11460,11006,8013,8246,7660,7231,51,0,4
0,2023081,0,53,142563,10378,37472,46652,37139,41164,41307,51,0,4
0,2023081,0,44,142563,10378,37472,46652,37139,41164,41307,51,0,4
0,2023081,0,44,142563,10378,37472,46652,37139,41164,41307,51,0,4
0,2023081,0,43,142563,10378,37472,46652,37139,41164,41307,51,0,4
0,2023081,0,44,142563,10378,37472,46652,37139,41164,41307,51,0,4
0,2023081,0,-1757,142563,10378,37472,46652,37139,41164,41307,51,0,4
0,2023081,0,-233,142563,10378,37472,46652,37139,41164,41307,51,0,4
0,2023081,0,2,142563,10378,37472,46652,37139,41164,41307,51,0,4
0,2023081,0,2047,142563,10378,37472,46652,37139,41164,41307,51,0,4
0,2023081,0,546,142563,10378,37472,46652,37139,41164,41307,51,0,4
0,2754926,0,107,215919,41493,151704,45969,27743,24900,33335,51,0,4
0,2754926,0,55,215919,41493,151704,45969,27743,24900,33335,51,0,4
0,2754926,0,44,215919,41493,151704,45969,27743,24900,33335,51,0,4
0,2754926,0,44,215919,41493,151704,45969,27743,24900,33335,51,0,4
0,2754926,0,43,215919,41493,151704,45969,27743,24900,33335,51,0,4
0,2754926,0,44,215919,41493,151704,45969,27743,24900,33335,51,0,4
0,2754926,0,43,215919,41493,151704,45969,27743,24900,33335,51,0,4
0,2754926,0,43,215919,41493,151704,45969,27743,24900,33335,51,0,4
0,2754926,0,-1078,215919,41493,151704,45969,27743,24900,33335,51,0,4
0,2754926,0,-125,215919,41493,151704,45969,27743,24900,33335,51,0,4
0,933241,0,13,547555,92462,55569,25629,15026,6388,3502,25,0,4
0,933241,0,42,547555,92462,55569,25629,15026,6388,3502,25,0,4
0,933241,0,2047,547555,92462,55569,25629,15026,6388,3502,25,0,4
0,933241,0,1210,547555,92462,55569,25629,15026,6388,3502,25,0,4
0,933241,0,226,547555,92462,55569,25629,15026,6388,3502,25,0,4
0,933241,0,72,547555,92462,55569,25629,15026,6388,3502,25,0,4
0,933241,0,49,547555,92462,55569,25629,15026,6388,3502,25,0,4
0,933241,0,44,547555,92462,55569,25629,15026,6388,3502,25,0,4
0,933241,0,43,547555,92462,55569,25629,15026,6388,3502,25,0,4
0,933241,0,43,547555,92462,55569,25629,15026,6388,3502,25,0,4
0,523785,0,-2048,7723,2831,6858,8730,10736,3919,1881,51,0,4
0,523785,0,-476,7723,2831,6858,8730,10736,3919,1881,51,0,4
0,523785,0,-20,7723,2831,6858,8730,10736,3919,1881,51,0,4
0,523785,0,35,7723,2831,6858,8730,10736,3919,1881,51,0,4
0,523785,0,43,7723,2831,6858,8730,10736,3919,1881,51,0,4
0,523785,0,1271,7723,2831,6858,8730,10736,3919,1881,51,0,4
0,523785,0,234,7723,2831,6858,8730,10736,3919,1881,51,0,4
0,523785,0,66,7723,2831,6858,8730,10736,3919,1881,51,0,4
0,523785,0,48,7723,2831,6858,8730,10736,3919,1881,51,0,4
0,523785,0,44,7723,2831,6858,8730,10736,3919,1881,51,0,4
0,1137096,0,44,93063,85584,111163,47190,39522,6397,3911,51,0,4
0,1137096,0,44,93063,85584,111163,47190,39522,6397,3911,51,0,4
0,1137096,0,48,93063,85584,111163,47190,39522,6397,3911,51,0,4
0,1137096,0,-1372,93063,85584,111163,47190,39522,6397,3911,51,0,4
0,1137096,0,-171,93063,85584,111163,47190,39522,6397,3911,51,0,4
0,1137096,0,11,93063,85584,111163,47190,39522,6397,3911,51,0,4
0,1137096,0,40,93063,85584,111163,47190,39522,6397,3911,51,0,4
0,1137096,0,416,93063,85584,111163,47190,39522,6397,3911,51,0,4
0,1137096,0,28,93063,85584,111163,47190,39522,6397,3911,51,0,4
0,1137096,0,42,93063,85584,111163,47190,39522,6397,3911,51,0,4
0,605931,0,44,35981,2299,4523,5830,5277,5671,7018,25,0,4
0,605931,0,2047,35981,2299,4523,5830,5277,5671,7018,25,0,4
0,605931,0,585,35981,2299,4523,5830,5277,5671,7018,25,0,4
0,605931,0,129,35981,2299,4523,5830,5277,5671,7018,25,0,4
0,605931,0,57,35981,2299,4523,5830,5277,5671,7018,25,0,4
0,605931,0,48,35981,2299,4523,5830,5277,5671,7018,25,0,4
0,605931,0,56,35981,2299,4523,5830,5277,5671,7018,25,0,4
0,605931,0,342,35981,2299,4523,5830,5277,5671,7018,25,0,4
0,605931,0,102,35981,2299,4523,5830,5277,5671,7018,25,0,4
0,605931,0,55,35981,2299,4523,5830,5277,5671,7018,25,0,4
0,705837,0,-235,40237,12460,36894,1553,6086,7767,44793,25,0,4
0,705837,0,-421,40237,12460,36894,1553,6086,7767,44793,25,0,4
0,705837,0,-25,40237,12460,36894,1553,6086,7767,44793,25,0,4
0,705837,0,34,40237,12460,36894,1553,6086,7767,44793,25,0,4
0,705837,0,43,40237,12460,36894,1553,6086,7767,44793,25,0,4
0,705837,0,2047,40237,12460,36894,1553,6086,7767,44793,25,0,4
0,705837,0,460,40237,12460,36894,1553,6086,7767,44793,25,0,4
0,705837,0,90,40237,12460,36894,1553,6086,7767,44793,25,0,4
0,705837,0,1208,40237,12460,36894,1553,6086,7767,44793,25,0,4
0,705837,0,336,40237,12460,36894,1553,6086,7767,44793,25,0,4
0,1375986,0,82,460514,160487,299097,157774,220886,85568,79160,51,0,4
0,1375986,0,51,460514,160487,299097,157774,220886,85568,79160,51,0,4
0,1375986,0,43,460514,160487,299097,157774,220886,85568,79160,51,0,4
0,1375986,0,43,460514,160487,299097,157774,220886,85568,79160,51,0,4
0,1375986,0,-2048,460514,160487,299097,157774,220886,85568,79160,51,0,4
0,1375986,0,-422,460514,160487,299097,157774,220886,85568,79160,51,0,4
0,1375986,0,-25,460514,160487,299097,157774,220886,85568,79160,51,0,4
0,1375986,0,34,460514,160487,299097,157774,220886,85568,79160,51,0,4
0,1375986,0,2047,460514,160487,299097,157774,220886,85568,79160,51,0,4
0,1375986,0,571,460514,160487,299097,157774,220886,85568,79160,51,0,4
0,2223924,0,112,295008,34534,20301,15506,32132,41933,45258,51,0,4
0,2223924,0,320,295008,34534,20301,15506,32132,41933,45258,51,0,4
0,2223924,0,176,295008,34534,20301,15506,32132,41933,45258,51,0,4
0,2223924,0,66,295008,34534,20301,15506,32132,41933,45258,51,0,4
0,2223924,0,48,295008,34534,20301,15506,32132,41933,45258,51,0,4
0,2223924,0,44,295008,34534,20301,15506,32132,41933,45258,51,0,4
0,2223924,0,-1476,295008,34534,20301,15506,32132,41933,45258,51,0,4
0,2223924,0,-188,295008,34534,20301,15506,32132,41933,45258,51,0,4
0,2223924,0,7,295008,34534,20301,15506,32132,41933,45258,51,0,4
0,2223924,0,2047,295008,34534,20301,15506,32132,41933,45258,51,0,4
0,1922978,0,554,87123,91397,46782,104956,50310,38873,122476,25,0,4
0,1922978,0,123,87123,91397,46782,104956,50310,38873,122476,25,0,4
0,1922978,0,97,87123,91397,46782,104956,50310,38873,122476,25,0,4
0,1922978,0,-854,87123,91397,46782,104956,50310,38873,122476,25,0,4
0,1922978,0,2047,87123,91397,46782,104956,50310,38873,122476,25,0,4
0,1922978,0,-953,87123,91397,46782,104956,50310,38873,122476,25,0,4
0,1922978,0,-59,87123,91397,46782,104956,50310,38873,122476,25,0,4
0,1922978,0,1282,87123,91397,46782,104956,50310,38873,122476,25,0,4
0,1922978,0,-969,87123,91397,46782,104956,50310,38873,122476,25,0,4
0,1760719,0,1291,194118,73468,193287,102459,28136,48055,30214,51,0,4
0,1760719,0,236,194118,73468,193287,102459,28136,48055,30214,51,0,4
0,1760719,0,74,194118,73468,193287,102459,28136,48055,30214,51,0,4
0,1760719,0,49,194118,73468,193287,102459,28136,48055,30214,51,0,4
0,1760719,0,51,194118,73468,193287,102459,28136,48055,30214,51,0,4
0,1760719,0,-1677,194118,73468,193287,102459,28136,48055,30214,51,0,4
0,1760719,0,-151,194118,73468,193287,102459,28136,48055,30214,51,0,4
0,1760719,0,16,194118,73468,193287,102459,28136,48055,30214,51,0,4
0,1760719,0,40,194118,73468,193287,102459,28136,48055,30214,51,0,4
0,1760719,0,2047,194118,73468,193287,102459,28136,48055,30214,51,0,4
0,1887393,0,564,80422,2568,5099,4521,1971,653,733,51,0,4
0,1887393,0,124,80422,2568,5099,4521,1971,653,733,51,0,4
0,1887393,0,56,80422,2568,5099,4521,1971,653,733,51,0,4
0,1887393,0,45,80422,2568,5099,4521,1971,653,733,51,0,4
0,1887393,0,43,80422,2568,5099,4521,1971,653,733,51,0,4
0,1887393,0,43,80422,2568,5099,4521,1971,653,733,51,0,4
0,1887393,0,49,80422,2568,5099,4521,1971,653,733,51,0,4
0,1887393,0,-1289,80422,2568,5099,4521,1971,653,733,51,0,4
0,1887393,0,-161,80422,2568,5099,4521,1971,653,733,51,0,4
0,1887393,0,12,80422,2568,5099,4521,1971,653,733,51,0,4
0,2035467,0,41,204761,50082,44774,9173,3456,6599,7987,25,0,4
0,2035467,0,43,204761,50082,44774,9173,3456,6599,7987,25,0,4
0,2035467,0,1349,204761,50082,44774,9173,3456,6599,7987,25,0,4
0,2035467,0,1162,204761,50082,44774,9173,3456,6599,7987,25,0,4
0,2035467,0,235,204761,50082,44774,9173,3456,6599,7987,25,0,4
0,2035467,0,65,204761,50082,44774,9173,3456,6599,7987,25,0,4
0,2035467,0,49,204761,50082,44774,9173,3456,6599,7987,25,0,4
0,2035467,0,44,204761,50082,44774,9173,3456,6599,7987,25,0,4
0,2035467,0,-348,204761,50082,44774,9173,3456,6599,7987,25,0,4
0,2035467,0,-1269,204761,50082,44774,9173,3456,6599,7987,25,0,4
0,500586,0,-121,42585,12192,14160,16300,5032,3967,5626,51,0,4
0,500586,0,20,42585,12192,14160,16300,5032,3967,5626,51,0,4
0,500586,0,41,42585,12192,14160,16300,5032,3967,5626,51,0,4
0,500586,0,43,42585,12192,14160,16300,5032,3967,5626,51,0,4
0,500586,0,44,42585,12192,14160,16300,5032,3967,5626,51,0,4
0,500586,0,1603,42585,12192,14160,16300,5032,3967,5626,51,0,4
0,500586,0,278,42585,12192,14160,16300,5032,3967,5626,51,0,4
0,500586,0,81,42585,12192,14160,16300,5032,3967,5626,51,0,4
0,500586,0,51,42585,12192,14160,16300,5032,3967,5626,51,0,4
0,500586,0,44,42585,12192,14160,16300,5032,3967,5626,51,0,4
0,452504,0,43,57800,11279,3773,2925,837,573,228,25,0,4
0,452504,0,44,57800,11279,3773,2925,837,573,228,25,0,4
0,452504,0,-1406,57800,11279,3773,2925,837,573,228,25,0,4
0,452504,0,-179,57800,11279,3773,2925,837,573,228,25,0,4
0,452504,0,9,57800,11279,3773,2925,837,573,228,25,0,4
0,452504,0,41,57800,11279,3773,2925,837,573,228,25,0,4
0,452504,0,2047,57800,11279,3773,2925,837,573,228,25,0,4
0,452504,0,-297,57800,11279,3773,2925,837,573,228,25,0,4
0,452504,0,2047,57800,11279,3773,2925,837,573,228,25,0,4
0,452504,0,794,57800,11279,3773,2925,837,573,228,25,0,4
0,1749698,0,146,699191,5001,113268,48211,142500,81923,101601,51,0,4
0,1749698,0,59,699191,5001,113268,48211,142500,81923,101601,51,0,4
0,1749698,0,45,699191,5001,113268,48211,142500,81923,101601,51,0,4
0,1749698,0,43,699191,5001,113268,48211,142500,81923,101601,51,0,4
0,1749698,0,-2048,699191,5001,113268,48211,142500,81923,101601,51,0,4
0,1749698,0,-661,699191,5001,113268,48211,142500,81923,101601,51,0,4
0,1749698,0,-61,699191,5001,113268,48211,142500,81923,101601,51,0,4
0,1749698,0,27,699191,5001,113268,48211,142500,81923,101601,51,0,4
0,1749698,0,42,699191,5001,113268,48211,142500,81923,101601,51,0,4
0,1749698,0,2047,699191,5001,113268,48211,142500,81923,101601,51,0,4
0,1795349,0,-1735,123613,36919,5969,32668,37224,33567,24624,51,0,4
0,1795349,0,2047,123613,36919,5969,32668,37224,33567,24624,51,0,4
0,1795349,0,646,123613,36919,5969,32668,37224,33567,24624,51,0,4
0,1795349,0,137,123613,36919,5969,32668,37224,33567,24624,51,0,4
0,1795349,0,58,123613,36919,5969,32668,37224,33567,24624,51,0,4
0,1795349,0,45,123613,36919,5969,32668,37224,33567,24624,51,0,4
0,1795349,0,48,123613,36919,5969,32668,37224,33567,24624,51,0,4
0,1795349,0,-2048,123613,36919,5969,32668,37224,33567,24624,51,0,4
0,1795349,0,-773,123613,36919,5969,32668,37224,33567,24624,51,0,4
0,1795349,0,-54,123613,36919,5969,32668,37224,33567,24624,51,0,4
0,714975,0,26,57485,6872,18812,21187,13724,28899,58234,51,0,4
0,714975,0,42,57485,6872,18812,21187,13724,28899,58234,51,0,4
0,714975,0,1625,57485,6872,18812,21187,13724,28899,58234,51,0,4
0,714975,0,2047,57485,6872,18812,21187,13724,28899,58234,51,0,4
0,714975,0,454,57485,6872,18812,21187,13724,28899,58234,51,0,4
0,714975,0,107,57485,6872,18812,21187,13724,28899,58234,51,0,4
0,714975,0,54,57485,6872,18812,21187,13724,28899,58234,51,0,4
0,714975,0,45,57485,6872,18812,21187,13724,28899,58234,51,0,4
0,714975,0,-839,57485,6872,18812,21187,13724,28899,58234,51,0,4
0,714975,0,-475,57485,6872,18812,21187,13724,28899,58234,51,0,4
0,598373,0,-46,641295,173643,112248,24112,59457,36143,12411,51,0,4
0,598373,0,35,641295,173643,112248,24112,59457,36143,12411,51,0,4
0,598373,0,40,641295,173643,112248,24112,59457,36143,12411,51,0,4
0,598373,0,2047,641295,173643,112248,24112,59457,36143,12411,51,0,4
0,598373,0,456,641295,173643,112248,24112,59457,36143,12411,51,0,4
0,598373,0,107,641295,173643,112248,24112,59457,36143,12411,51,0,4
0,598373,0,54,641295,173643,112248,24112,59457,36143,12411,51,0,4
0,598373,0,44,641295,173643,112248,24112,59457,36143,12411,51,0,4
0,598373,0,43,641295,173643,112248,24112,59457,36143,12411,51,0,4
0,598373,0,43,641295,173643,112248,24112,59457,36143,12411,51,0,4
0,745984,0,44,28680,9217,2625,1359,2127,3686,4215,25,0,4
0,745984,0,-2048,28680,9217,2625,1359,2127,3686,4215,25,0,4
0,745984,0,-532,28680,9217,2625,1359,2127,3686,4215,25,0,4
0,745984,0,-13,28680,9217,2625,1359,2127,3686,4215,25,0,4
0,745984,0,36,28680,9217,2625,1359,2127,3686,4215,25,0,4
0,745984,0,43,28680,9217,2625,1359,2127,3686,4215,25,0,4
0,745984,0,43,28680,9217,2625,1359,2127,3686,4215,25,0,4
0,745984,0,41,28680,9217,2625,1359,2127,3686,4215,25,0,4
0,745984,0,2047,28680,9217,2625,1359,2127,3686,4215,25,0,4
0,745984,0,950,28680,9217,2625,1359,2127,3686,4215,25,0,4
0,1237300,0,156,396084,162322,65925,75278,52164,61583,115347,51,0,4
0,1237300,0,59,396084,162322,65925,75278,52164,61583,115347,51,0,4
0,1237300,0,45,396084,162322,65925,75278,52164,61583,115347,51,0,4
0,1237300,0,-897,396084,162322,65925,75278,52164,61583,115347,51,0,4
0,1237300,0,-1000,396084,162322,65925,75278,52164,61583,115347,51,0,4
0,1237300,0,2047,396084,162322,65925,75278,52164,61583,115347,51,0,4
0,1237300,0,1441,396084,162322,65925,75278,52164,61583,115347,51,0,4
0,1237300,0,-2048,396084,162322,65925,75278,52164,61583,115347,51,0,4
0,1237300,0,2047,396084,162322,65925,75278,52164,61583,115347,51,0,4
0,1237300,0,-2048,396084,162322,65925,75278,52164,61583,115347,51,0,4
0,1435061,0,-493,92832,225432,258151,152236,102203,111733,157785,51,0,4
0,1435061,0,-37,92832,225432,258151,152236,102203,111733,157785,51,0,4
0,1435061,0,33,92832,225432,258151,152236,102203,111733,157785,51,0,4
0,1435061,0,2047,92832,225432,258151,152236,102203,111733,157785,51,0,4
0,1435061,0,876,92832,225432,258151,152236,102203,111733,157785,51,0,4
0,1435061,0,172,92832,225432,258151,152236,102203,111733,157785,51,0,4
0,1435061,0,-1677,92832,225432,258151,152236,102203,111733,157785,51,0,4
0,1435061,0,945,92832,225432,258151,152236,102203,111733,157785,51,0,4
0,1435061,0,-295,92832,225432,258151,152236,102203,111733,157785,51,0,4
0,1435061,0,631,92832,225432,258151,152236,102203,111733,157785,51,0,4
0,3079157,0,-693,486061,224182,545206,233214,370630,235596,227684,51,0,4
0,3079157,0,-520,486061,224182,545206,233214,370630,235596,227684,51,0,4
0,3079157,0,-148,486061,224182,545206,233214,370630,235596,227684,51,0,4
0,3079157,0,-1092,486061,224182,545206,233214,370630,235596,227684,51,0,4
0,3079157,0,-130,486061,224182,545206,233214,370630,235596,227684,51,0,4
0,3079157,0,18,486061,224182,545206,233214,370630,235596,227684,51,0,4
0,3079157,0,2047,486061,224182,545206,233214,370630,235596,227684,51,0,4
0,3079157,0,1115,486061,224182,545206,233214,370630,235596,227684,51,0,4
0,3079157,0,182,486061,224182,545206,233214,370630,235596,227684,51,0,4
0,2108882,0,-345,504067,337585,94297,205294,371064,151160,74524,51,0,4
0,2108882,0,1104,504067,337585,94297,205294,371064,151160,74524,51,0,4
0,2108882,0,2047,504067,337585,94297,205294,371064,151160,74524,51,0,4
0,2108882,0,346,504067,337585,94297,205294,371064,151160,74524,51,0,4
0,2108882,0,-1522,504067,337585,94297,205294,371064,151160,74524,51,0,4
0,2108882,0,58,504067,337585,94297,205294,371064,151160,74524,51,0,4
0,2108882,0,-1805,504067,337585,94297,205294,371064,151160,74524,51,0,4
0,2108882,0,-157,504067,337585,94297,205294,371064,151160,74524,51,0,4
0,2108882,0,13,504067,337585,94297,205294,371064,151160,74524,51,0,4
0,2108882,0,2047,504067,337585,94297,205294,371064,151160,74524,51,0,4
0,87789,0,441,1269094,433897,492019,233747,169730,173848,274566,51,0,4
0,87789,0,105,1269094,433897,492019,233747,169730,173848,274566,51,0,4
0,87789,0,54,1269094,433897,492019,233747,169730,173848,274566,51,0,4
0,87789,0,185,1269094,433897,492019,233747,169730,173848,274566,51,0,4
0,87789,0,145,1269094,433897,492019,233747,169730,173848,274566,51,0,4
0,87789,0,56,1269094,433897,492019,233747,169730,173848,274566,51,0,4
0,87789,0,-1020,1269094,433897,492019,233747,169730,173848,274566,51,0,4
0,87789,0,1401,1269094,433897,492019,233747,169730,173848,274566,51,0,4
0,87789,0,258,1269094,433897,492019,233747,169730,173848,274566,51,0,4
0,87789,0,-1570,1269094,433897,492019,233747,169730,173848,274566,51,0,4
0,670860,0,-162,355059,226568,197168,117195,60516,39336,42087,51,0,4
0,670860,0,20,355059,226568,197168,117195,60516,39336,42087,51,0,4
0,670860,0,2047,355059,226568,197168,117195,60516,39336,42087,51,0,4
0,670860,0,322,355059,226568,197168,117195,60516,39336,42087,51,0,4
0,670860,0,87,355059,226568,197168,117195,60516,39336,42087,51,0,4
0,670860,0,-1515,355059,226568,197168,117195,60516,39336,42087,51,0,4
0,670860,0,-1932,355059,226568,197168,117195,60516,39336,42087,51,0,4
0,670860,0,665,355059,226568,197168,117195,60516,39336,42087,51,0,4
0,670860,0,112,355059,226568,197168,117195,60516,39336,42087,51,0,4
0,670860,0,81,355059,226568,197168,117195,60516,39336,42087,51,0,4
0,2491034,0,51,281718,56504,22727,41250,106943,89035,59680,51,0,4
0,2491034,0,-2048,281718,56504,22727,41250,106943,89035,59680,51,0,4
0,2491034,0,-531,281718,56504,22727,41250,106943,89035,59680,51,0,4
0,2491034,0,-42,281718,56504,22727,41250,106943,89035,59680,51,0,4
0,2491034,0,714,281718,56504,22727,41250,106943,89035,59680,51,0,4
0,2491034,0,1420,281718,56504,22727,41250,106943,89035,59680,51,0,4
0,2491034,0,258,281718,56504,22727,41250,106943,89035,59680,51,0,4
0,2491034,0,41,281718,56504,22727,41250,106943,89035,59680,51,0,4
0,2491034,0,-629,281718,56504,22727,41250,106943,89035,59680,51,0,4
0,2491034,0,1956,281718,56504,22727,41250,106943,89035,59680,51,0,4
0,689044,0,265,149547,7490,11771,21493,32293,18534,16776,51,0,4
0,689044,0,2047,149547,7490,11771,21493,32293,18534,16776,51,0,4
0,689044,0,1127,149547,7490,11771,21493,32293,18534,16776,51,0,4
0,689044,0,-73,149547,7490,11771,21493,32293,18534,16776,51,0,4
0,689044,0,-898,149547,7490,11771,21493,32293,18534,16776,51,0,4
0,689044,0,-100,149547,7490,11771,21493,32293,18534,16776,51,0,4
0,689044,0,19,149547,7490,11771,21493,32293,18534,16776,51,0,4
0,689044,0,1204,149547,7490,11771,21493,32293,18534,16776,51,0,4
0,689044,0,225,149547,7490,11771,21493,32293,18534,16776,51,0,4
0,689044,0,73,149547,7490,11771,21493,32293,18534,16776,51,0,4
0,171442,0,-2048,6727,3684,1166,5519,6308,2799,2810,51,0,4
0,171442,0,-732,6727,3684,1166,5519,6308,2799,2810,51,0,4
0,171442,0,1896,6727,3684,1166,5519,6308,2799,2810,51,0,4
0,171442,0,487,6727,3684,1166,5519,6308,2799,2810,51,0,4
0,171442,0,290,6727,3684,1166,5519,6308,2799,2810,51,0,4
0,171442,0,74,6727,3684,1166,5519,6308,2799,2810,51,0,4
0,171442,0,-2048,6727,3684,1166,5519,6308,2799,2810,51,0,4
0,171442,0,-578,6727,3684,1166,5519,6308,2799,2810,51,0,4
0,171442,0,-50,6727,3684,1166,5519,6308,2799,2810,51,0,4
0,171442,0,11,6727,3684,1166,5519,6308,2799,2810,51,0,4
0,717940,0,1634,449944,44018,95294,26303,23499,28808,166065,51,0,4
0,717940,0,330,449944,44018,95294,26303,23499,28808,166065,51,0,4
0,717940,0,86,449944,44018,95294,26303,23499,28808,166065,51,0,4
0,717940,0,-2048,449944,44018,95294,26303,23499,28808,166065,51,0,4
0,717940,0,1403,449944,44018,95294,26303,23499,28808,166065,51,0,4
0,717940,0,1153,449944,44018,95294,26303,23499,28808,166065,51,0,4
0,717940,0,217,449944,44018,95294,26303,23499,28808,166065,51,0,4
0,717940,0,72,449944,44018,95294,26303,23499,28808,166065,51,0,4
0,717940,0,51,449944,44018,95294,26303,23499,28808,166065,51,0,4
0,717940,0,-2048,449944,44018,95294,26303,23499,28808,166065,51,0,4
0,320362,0,-601,20502,3717,12963,17708,8326,14509,9053,51,0,4
0,320362,0,-53,20502,3717,12963,17708,8326,14509,9053,51,0,4
0,320362,0,28,20502,3717,12963,17708,8326,14509,9053,51,0,4
0,320362,0,55,20502,3717,12963,17708,8326,14509,9053,51,0,4
0,320362,0,1501,20502,3717,12963,17708,8326,14509,9053,51,0,4
0,320362,0,200,20502,3717,12963,17708,8326,14509,9053,51,0,4
0,320362,0,-882,20502,3717,12963,17708,8326,14509,9053,51,0,4
0,320362,0,1221,20502,3717,12963,17708,8326,14509,9053,51,0,4
0,320362,0,657,20502,3717,12963,17708,8326,14509,9053,51,0,4
0,320362,0,139,20502,3717,12963,17708,8326,14509,9053,51,0,4
0,2240833,0,60,536844,151968,201739,173182,117095,125065,94882,51,0,4
0,2240833,0,1525,536844,151968,201739,173182,117095,125065,94882,51,0,4
0,2240833,0,-1610,536844,151968,201739,173182,117095,125065,94882,51,0,4
0,2240833,0,-211,536844,151968,201739,173182,117095,125065,94882,51,0,4
0,2240833,0,5,536844,151968,201739,173182,117095,125065,94882,51,0,4
0,2240833,0,1176,536844,151968,201739,173182,117095,125065,94882,51,0,4
0,2240833,0,1542,536844,151968,201739,173182,117095,125065,94882,51,0,4
0,2240833,0,325,536844,151968,201739,173182,117095,125065,94882,51,0,4
0,2240833,0,-550,536844,151968,201739,173182,117095,125065,94882,51,0,4
0,2240833,0,-1529,536844,151968,201739,173182,117095,125065,94882,51,0,4
0,1314623,0,1920,78511,36931,8624,16882,18364,33526,25167,51,0,4
0,1314623,0,336,78511,36931,8624,16882,18364,33526,25167,51,0,4
0,1314623,0,89,78511,36931,8624,16882,18364,33526,25167,51,0,4
0,1314623,0,42,78511,36931,8624,16882,18364,33526,25167,51,0,4
0,1314623,0,-2048,78511,36931,8624,16882,18364,33526,25167,51,0,4
0,1314623,0,-681,78511,36931,8624,16882,18364,33526,25167,51,0,4
0,1314623,0,-29,78511,36931,8624,16882,18364,33526,25167,51,0,4
0,1314623,0,34,78511,36931,8624,16882,18364,33526,25167,51,0,4
0,1314623,0,2047,78511,36931,8624,16882,18364,33526,25167,51,0,4
0,1314623,0,994,78511,36931,8624,16882,18364,33526,25167,51,0,4
0,704028,0,167,8944,4403,2789,3042,4228,4257,9772,51,0,4
0,704028,0,72,8944,4403,2789,3042,4228,4257,9772,51,0,4
0,704028,0,393,8944,4403,2789,3042,4228,4257,9772,51,0,4
0,704028,0,99,8944,4403,2789,3042,4228,4257,9772,51,0,4
0,704028,0,51,8944,4403,2789,3042,4228,4257,9772,51,0,4
0,704028,0,50,8944,4403,2789,3042,4228,4257,9772,51,0,4
0,704028,0,44,8944,4403,2789,3042,4228,4257,9772,51,0,4
0,704028,0,-2048,8944,4403,2789,3042,4228,4257,9772,51,0,4
0,704028,0,-741,8944,4403,2789,3042,4228,4257,9772,51,0,4
0,704028,0,-74,8944,4403,2789,3042,4228,4257,9772,51,0,4
0,1616221,0,29,202737,41715,37598,38992,16463,9123,25205,51,0,4
0,1616221,0,2047,202737,41715,37598,38992,16463,9123,25205,51,0,4
0,1616221,0,449,202737,41715,37598,38992,16463,9123,25205,51,0,4
0,1616221,0,106,202737,41715,37598,38992,16463,9123,25205,51,0,4
0,1616221,0,-2048,202737,41715,37598,38992,16463,9123,25205,51,0,4
0,1616221,0,-253,202737,41715,37598,38992,16463,9123,25205,51,0,4
0,1616221,0,1329,202737,41715,37598,38992,16463,9123,25205,51,0,4
0,1616221,0,245,202737,41715,37598,38992,16463,9123,25205,51,0,4
0,1616221,0,80,202737,41715,37598,38992,16463,9123,25205,51,0,4
0,639883,0,51,82100,4161,23973,27635,5245,6213,37561,51,0,4
0,639883,0,-2048,82100,4161,23973,27635,5245,6213,37561,51,0,4
0,639883,0,-332,82100,4161,23973,27635,5245,6213,37561,51,0,4
0,639883,0,-12,82100,4161,23973,27635,5245,6213,37561,51,0,4
0,639883,0,1465,82100,4161,23973,27635,5245,6213,37561,51,0,4
0,639883,0,1237,82100,4161,23973,27635,5245,6213,37561,51,0,4
0,639883,0,171,82100,4161,23973,27635,5245,6213,37561,51,0,4
0,639883,0,-2048,82100,4161,23973,27635,5245,6213,37561,51,0,4
0,639883,0,1338,82100,4161,23973,27635,5245,6213,37561,51,0,4
0,639883,0,753,82100,4161,23973,27635,5245,6213,37561,51,0,4
0,1288507,0,132,123438,35070,55330,11552,16923,55643,45679,51,0,4
0,1288507,0,-131,123438,35070,55330,11552,16923,55643,45679,51,0,4
0,1288507,0,1395,123438,35070,55330,11552,16923,55643,45679,51,0,4
0,1288507,0,-1623,123438,35070,55330,11552,16923,55643,45679,51,0,4
0,1288507,0,-794,123438,35070,55330,11552,16923,55643,45679,51,0,4
0,1288507,0,-83,123438,35070,55330,11552,16923,55643,45679,51,0,4
0,1288507,0,140,123438,35070,55330,11552,16923,55643,45679,51,0,4
0,1288507,0,2047,123438,35070,55330,11552,16923,55643,45679,51,0,4
0,1288507,0,426,123438,35070,55330,11552,16923,55643,45679,51,0,4
0,1288507,0,-455,123438,35070,55330,11552,16923,55643,45679,51,0,4
0,1973463,0,-1489,87654,79943,129139,74555,45744,82523,35410,51,0,4
0,1973463,0,1736,87654,79943,129139,74555,45744,82523,35410,51,0,4
0,1973463,0,297,87654,79943,129139,74555,45744,82523,35410,51,0,4
0,1973463,0,88,87654,79943,129139,74555,45744,82523,35410,51,0,4
0,1973463,0,2,87654,79943,129139,74555,45744,82523,35410,51,0,4
0,1973463,0,91,87654,79943,129139,74555,45744,82523,35410,51,0,4
0,1973463,0,-2029,87654,79943,129139,74555,45744,82523,35410,51,0,4
0,1973463,0,-277,87654,79943,129139,74555,45744,82523,35410,51,0,4
0,1973463,0,-4,87654,79943,129139,74555,45744,82523,35410,51,0,4
0,1973463,0,38,87654,79943,129139,74555,45744,82523,35410,51,0,4
0,267389,0,2047,20458,9342,12401,16869,22339,13883,11026,51,0,4
0,267389,0,620,20458,9342,12401,16869,22339,13883,11026,51,0,4
0,267389,0,132,20458,9342,12401,16869,22339,13883,11026,51,0,4
0,267389,0,35,20458,9342,12401,16869,22339,13883,11026,51,0,4
0,267389,0,-1846,20458,9342,12401,16869,22339,13883,11026,51,0,4
0,267389,0,2047,20458,9342,12401,16869,22339,13883,11026,51,0,4
0,267389,0,604,20458,9342,12401,16869,22339,13883,11026,51,0,4
0,267389,0,132,20458,9342,12401,16869,22339,13883,11026,51,0,4
0,267389,0,356,20458,9342,12401,16869,22339,13883,11026,51,0,4
0,267389,0,-2048,20458,9342,12401,16869,22339,13883,11026,51,0,4
0,528299,0,-300,22793,27596,20573,28771,13653,4409,15007,51,0,4
0,528299,0,-6,22793,27596,20573,28771,13653,4409,15007,51,0,4
0,528299,0,2047,22793,27596,20573,28771,13653,4409,15007,51,0,4
0,528299,0,532,22793,27596,20573,28771,13653,4409,15007,51,0,4
0,528299,0,120,22793,27596,20573,28771,13653,4409,15007,51,0,4
0,528299,0,58,22793,27596,20573,28771,13653,4409,15007,51,0,4
0,528299,0,-2048,22793,27596,20573,28771,13653,4409,15007,51,0,4
0,528299,0,2047,22793,27596,20573,28771,13653,4409,15007,51,0,4
0,528299,0,775,22793,27596,20573,28771,13653,4409,15007,51,0,4
0,528299,0,157,22793,27596,20573,28771,13653,4409,15007,51,0,4
0,920302,0,58,418835,61698,41529,70361,39012,18733,68534,51,0,4
0,920302,0,48,418835,61698,41529,70361,39012,18733,68534,51,0,4
0,920302,0,-2048,418835,61698,41529,70361,39012,18733,68534,51,0,4
0,920302,0,-376,418835,61698,41529,70361,39012,18733,68534,51,0,4
0,920302,0,-19,418835,61698,41529,70361,39012,18733,68534,51,0,4
0,920302,0,658,418835,61698,41529,70361,39012,18733,68534,51,0,4
0,920302,0,1513,418835,61698,41529,70361,39012,18733,68534,51,0,4
0,920302,0,273,418835,61698,41529,70361,39012,18733,68534,51,0,4
0,920302,0,71,418835,61698,41529,70361,39012,18733,68534,51,0,4
0,920302,0,-1974,418835,61698,41529,70361,39012,18733,68534,51,0,4
0,2247607,0,1787,144288,18604,31265,30818,22502,9533,31551,51,0,4
0,2247607,0,768,144288,18604,31265,30818,22502,9533,31551,51,0,4
0,2247607,0,181,144288,18604,31265,30818,22502,9533,31551,51,0,4
0,2247607,0,64,144288,18604,31265,30818,22502,9533,31551,51,0,4
0,2247607,0,35,144288,18604,31265,30818,22502,9533,31551,51,0,4
0,2247607,0,61,144288,18604,31265,30818,22502,9533,31551,51,0,4
0,2247607,0,-2048,144288,18604,31265,30818,22502,9533,31551,51,0,4
0,2247607,0,-551,144288,18604,31265,30818,22502,9533,31551,51,0,4
0,2247607,0,-36,144288,18604,31265,30818,22502,9533,31551,51,0,4
0,2247607,0,37,144288,18604,31265,30818,22502,9533,31551,51,0,4
0,1073063,0,137,75603,7846,5501,28282,12082,11609,23511,51,0,4
0,1073063,0,1943,75603,7846,5501,28282,12082,11609,23511,51,0,4
0,1073063,0,342,75603,7846,5501,28282,12082,11609,23511,51,0,4
0,1073063,0,-1435,75603,7846,5501,28282,12082,11609,23511,51,0,4
0,1073063,0,1752,75603,7846,5501,28282,12082,11609,23511,51,0,4
0,1073063,0,310,75603,7846,5501,28282,12082,11609,23511,51,0,4
0,1073063,0,87,75603,7846,5501,28282,12082,11609,23511,51,0,4
0,1073063,0,54,75603,7846,5501,28282,12082,11609,23511,51,0,4
0,1073063,0,48,75603,7846,5501,28282,12082,11609,23511,51,0,4
0,1073063,0,-1771,75603,7846,5501,28282,12082,11609,23511,51,0,4
0,1720220,0,-882,355844,226925,157315,169916,61988,104982,307871,51,0,4
0,1720220,0,-97,355844,226925,157315,169916,61988,104982,307871,51,0,4
0,1720220,0,74,355844,226925,157315,169916,61988,104982,307871,51,0,4
0,1720220,0,2047,355844,226925,157315,169916,61988,104982,307871,51,0,4
0,1720220,0,692,355844,226925,157315,169916,61988,104982,307871,51,0,4
0,1720220,0,147,355844,226925,157315,169916,61988,104982,307871,51,0,4
0,1720220,0,-2048,355844,226925,157315,169916,61988,104982,307871,51,0,4
0,1720220,0,-836,355844,226925,157315,169916,61988,104982,307871,51,0,4
0,1720220,0,1878,355844,226925,157315,169916,61988,104982,307871,51,0,4
0,1720220,0,329,355844,226925,157315,169916,61988,104982,307871,51,0,4
0,685217,0,-1018,217695,45425,31118,16590,8372,3785,8637,51,0,4
0,685217,0,252,217695,45425,31118,16590,8372,3785,8637,51,0,4
0,685217,0,80,217695,45425,31118,16590,8372,3785,8637,51,0,4
0,685217,0,-2048,217695,45425,31118,16590,8372,3785,8637,51,0,4
0,685217,0,-502,217695,45425,31118,16590,8372,3785,8637,51,0,4
0,685217,0,-37,217695,45425,31118,16590,8372,3785,8637,51,0,4
0,685217,0,1419,217695,45425,31118,16590,8372,3785,8637,51,0,4
0,685217,0,1385,217695,45425,31118,16590,8372,3785,8637,51,0,4
0,685217,0,211,217695,45425,31118,16590,8372,3785,8637,51,0,4
0,685217,0,-2048,217695,45425,31118,16590,8372,3785,8637,51,0,4
0,1993880,0,-184,64467,3746,10918,79899,26037,11774,51957,51,0,4
0,1993880,0,-1354,64467,3746,10918,79899,26037,11774,51957,51,0,4
0,1993880,0,1057,64467,3746,10918,79899,26037,11774,51957,51,0,4
0,1993880,0,680,64467,3746,10918,79899,26037,11774,51957,51,0,4
0,1993880,0,141,64467,3746,10918,79899,26037,11774,51957,51,0,4
0,1993880,0,60,64467,3746,10918,79899,26037,11774,51957,51,0,4
0,1993880,0,-1508,64467,3746,10918,79899,26037,11774,51957,51,0,4
0,1993880,0,-138,64467,3746,10918,79899,26037,11774,51957,51,0,4
0,1993880,0,757,64467,3746,10918,79899,26037,11774,51957,51,0,4
0,1993880,0,1164,64467,3746,10918,79899,26037,11774,51957,51,0,4
0,2197833,0,184,213212,118815,217654,148418,163524,101864,203890,51,0,4
0,2197833,0,-2048,213212,118815,217654,148418,163524,101864,203890,51,0,4
0,2197833,0,-708,213212,118815,217654,148418,163524,101864,203890,51,0,4
0,2197833,0,-123,213212,118815,217654,148418,163524,101864,203890,51,0,4
0,2197833,0,2047,213212,118815,217654,148418,163524,101864,203890,51,0,4
0,2197833,0,985,213212,118815,217654,148418,163524,101864,203890,51,0,4
0,2197833,0,205,213212,118815,217654,148418,163524,101864,203890,51,0,4
0,2197833,0,70,213212,118815,217654,148418,163524,101864,203890,51,0,4
0,2197833,0,-2001,213212,118815,217654,148418,163524,101864,203890,51,0,4
0,2197833,0,-283,213212,118815,217654,148418,163524,101864,203890,51,0,4
0,253958,0,6,111157,26590,4212,9271,14895,4492,16859,51,0,4
0,253958,0,2047,111157,26590,4212,9271,14895,4492,16859,51,0,4
0,253958,0,674,111157,26590,4212,9271,14895,4492,16859,51,0,4
0,253958,0,145,111157,26590,4212,9271,14895,4492,16859,51,0,4
0,253958,0,-539,111157,26590,4212,9271,14895,4492,16859,51,0,4
0,253958,0,-827,111157,26590,4212,9271,14895,4492,16859,51,0,4
0,253958,0,1988,111157,26590,4212,9271,14895,4492,16859,51,0,4
0,253958,0,294,111157,26590,4212,9271,14895,4492,16859,51,0,4
0,253958,0,69,111157,26590,4212,9271,14895,4492,16859,51,0,4
0,491509,0,61,364080,15084,36705,37716,24547,30630,128881,51,0,4
0,491509,0,-2048,364080,15084,36705,37716,24547,30630,128881,51,0,4
0,491509,0,-342,364080,15084,36705,37716,24547,30630,128881,51,0,4
0,491509,0,-12,364080,15084,36705,37716,24547,30630,128881,51,0,4
0,491509,0,53,364080,15084,36705,37716,24547,30630,128881,51,0,4
0,491509,0,2047,364080,15084,36705,37716,24547,30630,128881,51,0,4
0,491509,0,464,364080,15084,36705,37716,24547,30630,128881,51,0,4
0,491509,0,-1435,364080,15084,36705,37716,24547,30630,128881,51,0,4
0,491509,0,876,364080,15084,36705,37716,24547,30630,128881,51,0,4
0,491509,0,1957,364080,15084,36705,37716,24547,30630,128881,51,0,4
0,647567,0,420,72802,16392,1853,18480,13812,2504,25419,51,0,4
0,647567,0,103,72802,16392,1853,18480,13812,2504,25419,51,0,4
0,647567,0,-2048,72802,16392,1853,18480,13812,2504,25419,51,0,4
0,647567,0,-659,72802,16392,1853,18480,13812,2504,25419,51,0,4
0,647567,0,-60,72802,16392,1853,18480,13812,2504,25419,51,0,4
0,647567,0,26,72802,16392,1853,18480,13812,2504,25419,51,0,4
0,647567,0,1338,72802,16392,1853,18480,13812,2504,25419,51,0,4
0,647567,0,1131,72802,16392,1853,18480,13812,2504,25419,51,0,4
0,647567,0,184,72802,16392,1853,18480,13812,2504,25419,51,0,4
0,647567,0,-51,72802,16392,1853,18480,13812,2504,25419,51,0,4
0,2273768,0,-1400,225726,107305,43999,41462,25416,12985,59899,51,0,4
0,2273768,0,1716,225726,107305,43999,41462,25416,12985,59899,51,0,4
0,2273768,0,435,225726,107305,43999,41462,25416,12985,59899,51,0,4
0,2273768,0,86,225726,107305,43999,41462,25416,12985,59899,51,0,4
0,2273768,0,64,225726,107305,43999,41462,25416,12985,59899,51,0,4
0,2273768,0,-50,225726,107305,43999,41462,25416,12985,59899,51,0,4
0,2273768,0,-985,225726,107305,43999,41462,25416,12985,59899,51,0,4
0,2273768,0,-82,225726,107305,43999,41462,25416,12985,59899,51,0,4
0,2273768,0,26,225726,107305,43999,41462,25416,12985,59899,51,0,4
0,2273768,0,2047,225726,107305,43999,41462,25416,12985,59899,51,0,4
0,574760,0,817,99960,83783,43116,25282,70967,31307,35198,51,0,4
0,574760,0,167,99960,83783,43116,25282,70967,31307,35198,51,0,4
0,574760,0,-2048,99960,83783,43116,25282,70967,31307,35198,51,0,4
0,574760,0,455,99960,83783,43116,25282,70967,31307,35198,51,0,4
0,574760,0,1633,99960,83783,43116,25282,70967,31307,35198,51,0,4
0,574760,0,291,99960,83783,43116,25282,70967,31307,35198,51,0,4
0,574760,0,73,99960,83783,43116,25282,70967,31307,35198,51,0,4
0,574760,0,52,99960,83783,43116,25282,70967,31307,35198,51,0,4
0,574760,0,48,99960,83783,43116,25282,70967,31307,35198,51,0,4
0,574760,0,-2048,99960,83783,43116,25282,70967,31307,35198,51,0,4
0,668679,0,-322,52717,18878,37984,27106,35345,17366,25044,51,0,4
0,668679,0,-10,52717,18878,37984,27106,35345,17366,25044,51,0,4
0,668679,0,295,52717,18878,37984,27106,35345,17366,25044,51,0,4
0,668679,0,1538,52717,18878,37984,27106,35345,17366,25044,51,0,4
0,668679,0,277,52717,18878,37984,27106,35345,17366,25044,51,0,4
0,668679,0,-2048,52717,18878,37984,27106,35345,17366,25044,51,0,4
0,668679,0,1276,52717,18878,37984,27106,35345,17366,25044,51,0,4
0,668679,0,1235,52717,18878,37984,27106,35345,17366,25044,51,0,4
0,668679,0,176,52717,18878,37984,27106,35345,17366,25044,51,0,4
0,668679,0,58,52717,18878,37984,27106,35345,17366,25044,51,0,4
0,1639420,0,36,264188,34540,66898,41181,32449,10372,60443,51,0,4
0,1639420,0,282,264188,34540,66898,41181,32449,10372,60443,51,0,4
0,1639420,0,-168,264188,34540,66898,41181,32449,10372,60443,51,0,4
0,1639420,0,-1317,264188,34540,66898,41181,32449,10372,60443,51,0,4
0,1639420,0,-164,264188,34540,66898,41181,32449,10372,60443,51,0,4
0,1639420,0,869,264188,34540,66898,41181,32449,10372,60443,51,0,4
0,1639420,0,2006,264188,34540,66898,41181,32449,10372,60443,51,0,4
0,1639420,0,291,264188,34540,66898,41181,32449,10372,60443,51,0,4
0,1639420,0,-2048,264188,34540,66898,41181,32449,10372,60443,51,0,4
0,1639420,0,-1169,264188,34540,66898,41181,32449,10372,60443,51,0,4
0,1542996,0,2047,314426,16113,21677,29392,43170,16385,64120,51,0,4
0,1542996,0,534,314426,16113,21677,29392,43170,16385,64120,51,0,4
0,1542996,0,122,314426,16113,21677,29392,43170,16385,64120,51,0,4
0,1542996,0,-40,314426,16113,21677,29392,43170,16385,64120,51,0,4
0,1542996,0,1105,314426,16113,21677,29392,43170,16385,64120,51,0,4
0,1542996,0,-2010,314426,16113,21677,29392,43170,16385,64120,51,0,4
0,1542996,0,-708,314426,16113,21677,29392,43170,16385,64120,51,0,4
0,1542996,0,-66,314426,16113,21677,29392,43170,16385,64120,51,0,4
0,1542996,0,27,314426,16113,21677,29392,43170,16385,64120,51,0,4
0,1542996,0,1664,314426,16113,21677,29392,43170,16385,64120,51,0,4
0,584487,0,722,32974,480,17235,12173,9059,4484,17021,51,0,4
0,584487,0,44,32974,480,17235,12173,9059,4484,17021,51,0,4
0,584487,0,-2048,32974,480,17235,12173,9059,4484,17021,51,0,4
0,584487,0,684,32974,480,17235,12173,9059,4484,17021,51,0,4
0,584487,0,545,32974,480,17235,12173,9059,4484,17021,51,0,4
0,584487,0,132,32974,480,17235,12173,9059,4484,17021,51,0,4
0,584487,0,58,32974,480,17235,12173,9059,4484,17021,51,0,4
0,584487,0,22,32974,480,17235,12173,9059,4484,17021,51,0,4
0,584487,0,70,32974,480,17235,12173,9059,4484,17021,51,0,4
0,584487,0,-2048,32974,480,17235,12173,9059,4484,17021,51,0,4
0,1269921,0,-362,598872,208033,233024,95850,47545,9400,160554,51,0,4
0,1269921,0,-17,598872,208033,233024,95850,47545,9400,160554,51,0,4
0,1269921,0,36,598872,208033,233024,95850,47545,9400,160554,51,0,4
0,1269921,0,1460,598872,208033,233024,95850,47545,9400,160554,51,0,4
0,1269921,0,1191,598872,208033,233024,95850,47545,9400,160554,51,0,4
0,1269921,0,-1176,598872,208033,233024,95850,47545,9400,160554,51,0,4
0,1269921,0,1509,598872,208033,233024,95850,47545,9400,160554,51,0,4
0,1269921,0,273,598872,208033,233024,95850,47545,9400,160554,51,0,4
0,1269921,0,80,598872,208033,233024,95850,47545,9400,160554,51,0,4
0,1269921,0,51,598872,208033,233024,95850,47545,9400,160554,51,0,4
0,1901800,0,45,45539,11758,11254,13010,15915,2575,21595,51,0,4
0,1901800,0,182,45539,11758,11254,13010,15915,2575,21595,51,0,4
0,1901800,0,68,45539,11758,11254,13010,15915,2575,21595,51,0,4
0,1901800,0,-2048,45539,11758,11254,13010,15915,2575,21595,51,0,4
0,1901800,0,-225,45539,11758,11254,13010,15915,2575,21595,51,0,4
0,1901800,0,4,45539,11758,11254,13010,15915,2575,21595,51,0,4
0,1901800,0,1474,45539,11758,11254,13010,15915,2575,21595,51,0,4
0,1901800,0,1554,45539,11758,11254,13010,15915,2575,21595,51,0,4
0,1901800,0,279,45539,11758,11254,13010,15915,2575,21595,51,0,4
0,1901800,0,-1777,45539,11758,11254,13010,15915,2575,21595,51,0,4
0,1833947,0,-726,103105,16371,19031,53982,20607,18695,47690,51,0,4
0,1833947,0,2047,103105,16371,19031,53982,20607,18695,47690,51,0,4
0,1833947,0,391,103105,16371,19031,53982,20607,18695,47690,51,0,4
0,1833947,0,99,103105,16371,19031,53982,20607,18695,47690,51,0,4
0,1833947,0,77,103105,16371,19031,53982,20607,18695,47690,51,0,4
0,1833947,0,176,103105,16371,19031,53982,20607,18695,47690,51,0,4
0,1833947,0,-72,103105,16371,19031,53982,20607,18695,47690,51,0,4
0,1833947,0,-1514,103105,16371,19031,53982,20607,18695,47690,51,0,4
0,1833947,0,-195,103105,16371,19031,53982,20607,18695,47690,51,0,4
0,1833947,0,9,103105,16371,19031,53982,20607,18695,47690,51,0,4
0,809993,0,284,46277,50343,18681,25210,11091,19809,19142,51,0,4
0,809993,0,2047,46277,50343,18681,25210,11091,19809,19142,51,0,4
0,809993,0,538,46277,50343,18681,25210,11091,19809,19142,51,0,4
0,809993,0,49,46277,50343,18681,25210,11091,19809,19142,51,0,4
0,809993,0,-1205,46277,50343,18681,25210,11091,19809,19142,51,0,4
0,809993,0,2010,46277,50343,18681,25210,11091,19809,19142,51,0,4
0,809993,0,400,46277,50343,18681,25210,11091,19809,19142,51,0,4
0,809993,0,101,46277,50343,18681,25210,11091,19809,19142,51,0,4
0,809993,0,64,46277,50343,18681,25210,11091,19809,19142,51,0,4
0,220689,0,51,16409,8062,7927,4505,1292,1473,19327,51,0,4
0,220689,0,-2048,16409,8062,7927,4505,1292,1473,19327,51,0,4
0,220689,0,-852,16409,8062,7927,4505,1292,1473,19327,51,0,4
0,220689,0,-68,16409,8062,7927,4505,1292,1473,19327,51,0,4
0,220689,0,29,16409,8062,7927,4505,1292,1473,19327,51,0,4
0,220689,0,2047,16409,8062,7927,4505,1292,1473,19327,51,0,4
0,220689,0,875,16409,8062,7927,4505,1292,1473,19327,51,0,4
0,220689,0,177,16409,8062,7927,4505,1292,1473,19327,51,0,4
0,220689,0,-1899,16409,8062,7927,4505,1292,1473,19327,51,0,4
0,220689,0,-923,16409,8062,7927,4505,1292,1473,19327,51,0,4
0,643987,0,2047,42956,13641,10538,6300,9344,11067,7651,51,0,4
0,643987,0,378,42956,13641,10538,6300,9344,11067,7651,51,0,4
0,643987,0,100,42956,13641,10538,6300,9344,11067,7651,51,0,4
0,643987,0,56,42956,13641,10538,6300,9344,11067,7651,51,0,4
0,643987,0,49,42956,13641,10538,6300,9344,11067,7651,51,0,4
0,643987,0,-806,42956,13641,10538,6300,9344,11067,7651,51,0,4
0,643987,0,-1052,42956,13641,10538,6300,9344,11067,7651,51,0,4
0,643987,0,-123,42956,13641,10538,6300,9344,11067,7651,51,0,4
0,643987,0,20,42956,13641,10538,6300,9344,11067,7651,51,0,4
0,643987,0,1302,42956,13641,10538,6300,9344,11067,7651,51,0,4
0,760705,0,1584,103006,38672,21816,12565,1625,1979,16984,51,0,4
0,760705,0,285,103006,38672,21816,12565,1625,1979,16984,51,0,4
0,760705,0,-1986,103006,38672,21816,12565,1625,1979,16984,51,0,4
0,760705,0,-734,103006,38672,21816,12565,1625,1979,16984,51,0,4
0,760705,0,1722,103006,38672,21816,12565,1625,1979,16984,51,0,4
0,760705,0,305,103006,38672,21816,12565,1625,1979,16984,51,0,4
0,760705,0,85,103006,38672,21816,12565,1625,1979,16984,51,0,4
0,760705,0,51,103006,38672,21816,12565,1625,1979,16984,51,0,4
0,760705,0,-341,103006,38672,21816,12565,1625,1979,16984,51,0,4
0,760705,0,-1929,103006,38672,21816,12565,1625,1979,16984,51,0,4
0,781878,0,-978,61857,30704,49593,95598,85557,6334,17776,51,0,4
0,781878,0,-110,61857,30704,49593,95598,85557,6334,17776,51,0,4
0,781878,0,21,61857,30704,49593,95598,85557,6334,17776,51,0,4
0,781878,0,2047,61857,30704,49593,95598,85557,6334,17776,51,0,4
0,781878,0,788,61857,30704,49593,95598,85557,6334,17776,51,0,4
0,781878,0,60,61857,30704,49593,95598,85557,6334,17776,51,0,4
0,781878,0,-1493,61857,30704,49593,95598,85557,6334,17776,51,0,4
0,781878,0,2047,61857,30704,49593,95598,85557,6334,17776,51,0,4
0,781878,0,755,61857,30704,49593,95598,85557,6334,17776,51,0,4
0,781878,0,155,61857,30704,49593,95598,85557,6334,17776,51,0,4
0,870999,0,58,42379,30125,3519,8462,11041,4067,9482,51,0,4
0,870999,0,50,42379,30125,3519,8462,11041,4067,9482,51,0,4
0,870999,0,-187,42379,30125,3519,8462,11041,4067,9482,51,0,4
0,870999,0,-1196,42379,30125,3519,8462,11041,4067,9482,51,0,4
0,870999,0,-90,42379,30125,3519,8462,11041,4067,9482,51,0,4
0,870999,0,2047,42379,30125,3519,8462,11041,4067,9482,51,0,4
0,870999,0,800,42379,30125,3519,8462,11041,4067,9482,51,0,4
0,870999,0,163,42379,30125,3519,8462,11041,4067,9482,51,0,4
0,870999,0,65,42379,30125,3519,8462,11041,4067,9482,51,0,4
0,870999,0,-1733,42379,30125,3519,8462,11041,4067,9482,51,0,4
0,765511,0,536,48656,89214,24285,24677,18292,10496,14914,51,0,4
0,765511,0,1350,48656,89214,24285,24677,18292,10496,14914,51,0,4
0,765511,0,195,48656,89214,24285,24677,18292,10496,14914,51,0,4
0,765511,0,70,48656,89214,24285,24677,18292,10496,14914,51,0,4
0,765511,0,50,48656,89214,24285,24677,18292,10496,14914,51,0,4
0,765511,0,48,48656,89214,24285,24677,18292,10496,14914,51,0,4
0,765511,0,-2048,48656,89214,24285,24677,18292,10496,14914,51,0,4
0,765511,0,-456,48656,89214,24285,24677,18292,10496,14914,51,0,4
0,765511,0,-29,48656,89214,24285,24677,18292,10496,14914,51,0,4
0,765511,0,1264,48656,89214,24285,24677,18292,10496,14914,51,0,4
0,1904899,0,1174,50746,44952,9731,24297,14120,3363,14055,51,0,4
0,1904899,0,220,50746,44952,9731,24297,14120,3363,14055,51,0,4
0,1904899,0,-2048,50746,44952,9731,24297,14120,3363,14055,51,0,4
0,1904899,0,321,50746,44952,9731,24297,14120,3363,14055,51,0,4
0,1904899,0,1330,50746,44952,9731,24297,14120,3363,14055,51,0,4
0,1904899,0,246,50746,44952,9731,24297,14120,3363,14055,51,0,4
0,1904899,0,72,50746,44952,9731,24297,14120,3363,14055,51,0,4
0,1904899,0,434,50746,44952,9731,24297,14120,3363,14055,51,0,4
0,1904899,0,112,50746,44952,9731,24297,14120,3363,14055,51,0,4
0,1904899,0,-2048,50746,44952,9731,24297,14120,3363,14055,51,0,4
0,844379,0,-492,178063,59239,46093,29310,20359,3812,18451,51,0,4
0,844379,0,-37,178063,59239,46093,29310,20359,3812,18451,51,0,4
0,844379,0,34,178063,59239,46093,29310,20359,3812,18451,51,0,4
0,844379,0,2047,178063,59239,46093,29310,20359,3812,18451,51,0,4
0,844379,0,455,178063,59239,46093,29310,20359,3812,18451,51,0,4
0,844379,0,113,178063,59239,46093,29310,20359,3812,18451,51,0,4
0,844379,0,-2048,178063,59239,46093,29310,20359,3812,18451,51,0,4
0,844379,0,1010,178063,59239,46093,29310,20359,3812,18451,51,0,4
0,844379,0,182,178063,59239,46093,29310,20359,3812,18451,51,0,4
0,844379,0,59,178063,59239,46093,29310,20359,3812,18451,51,0,4
0,1456612,0,49,40150,19213,5868,15425,12874,3016,8523,51,0,4
0,1456612,0,48,40150,19213,5868,15425,12874,3016,8523,51,0,4
0,1456612,0,-2048,40150,19213,5868,15425,12874,3016,8523,51,0,4
0,1456612,0,-594,40150,19213,5868,15425,12874,3016,8523,51,0,4
0,1456612,0,-51,40150,19213,5868,15425,12874,3016,8523,51,0,4
0,1456612,0,168,40150,19213,5868,15425,12874,3016,8523,51,0,4
0,1456612,0,1556,40150,19213,5868,15425,12874,3016,8523,51,0,4
0,1456612,0,583,40150,19213,5868,15425,12874,3016,8523,51,0,4
0,1456612,0,128,40150,19213,5868,15425,12874,3016,8523,51,0,4
0,1456612,0,64150,40150,19213,5868,15425,12874,3016,8523,51,0,4
0,1813401,0,2047,30357,35187,25679,37700,28518,11913,67823,51,0,4
0,1813401,0,429,30357,35187,25679,37700,28518,11913,67823,51,0,4
0,1813401,0,105,30357,35187,25679,37700,28518,11913,67823,51,0,4
0,1813401,0,58,30357,35187,25679,37700,28518,11913,67823,51,0,4
0,1813401,0,56,30357,35187,25679,37700,28518,11913,67823,51,0,4
0,1813401,0,306,30357,35187,25679,37700,28518,11913,67823,51,0,4
0,1813401,0,-2048,30357,35187,25679,37700,28518,11913,67823,51,0,4
0,1813401,0,-219,30357,35187,25679,37700,28518,11913,67823,51,0,4
0,1813401,0,3,30357,35187,25679,37700,28518,11913,67823,51,0,4
0,1813401,0,1074,30357,35187,25679,37700,28518,11913,67823,51,0,4
0,1222565,0,2047,110743,60454,174221,18893,28585,6055,34245,51,0,4
0,1222565,0,474,110743,60454,174221,18893,28585,6055,34245,51,0,4
0,1222565,0,-493,110743,60454,174221,18893,28585,6055,34245,51,0,4
0,1222565,0,-1089,110743,60454,174221,18893,28585,6055,34245,51,0,4
0,1222565,0,2029,110743,60454,174221,18893,28585,6055,34245,51,0,4
0,1222565,0,441,110743,60454,174221,18893,28585,6055,34245,51,0,4
0,1222565,0,106,110743,60454,174221,18893,28585,6055,34245,51,0,4
0,1222565,0,56,110743,60454,174221,18893,28585,6055,34245,51,0,4
0,1222565,0,49,110743,60454,174221,18893,28585,6055,34245,51,0,4
0,1222565,0,-2048,110743,60454,174221,18893,28585,6055,34245,51,0,4
0,195353,0,-472,23469,8431,12361,3251,2217,2887,5247,51,0,4
0,195353,0,-34,23469,8431,12361,3251,2217,2887,5247,51,0,4
0,195353,0,34,23469,8431,12361,3251,2217,2887,5247,51,0,4
0,195353,0,2047,23469,8431,12361,3251,2217,2887,5247,51,0,4
0,195353,0,940,23469,8431,12361,3251,2217,2887,5247,51,0,4
0,195353,0,-234,23469,8431,12361,3251,2217,2887,5247,51,0,4
0,195353,0,-807,23469,8431,12361,3251,2217,2887,5247,51,0,4
0,195353,0,1816,23469,8431,12361,3251,2217,2887,5247,51,0,4
0,195353,0,394,23469,8431,12361,3251,2217,2887,5247,51,0,4
0,195353,0,100,23469,8431,12361,3251,2217,2887,5247,51,0,4
0,597746,0,55,124652,37530,66306,22796,10204,3813,50393,51,0,4
0,597746,0,38,124652,37530,66306,22796,10204,3813,50393,51,0,4
0,597746,0,-2048,124652,37530,66306,22796,10204,3813,50393,51,0,4
0,597746,0,-584,124652,37530,66306,22796,10204,3813,50393,51,0,4
0,597746,0,-51,124652,37530,66306,22796,10204,3813,50393,51,0,4
0,597746,0,1125,124652,37530,66306,22796,10204,3813,50393,51,0,4
0,597746,0,1686,124652,37530,66306,22796,10204,3813,50393,51,0,4
0,597746,0,651,124652,37530,66306,22796,10204,3813,50393,51,0,4
0,597746,0,105,124652,37530,66306,22796,10204,3813,50393,51,0,4
0,597746,0,-2048,124652,37530,66306,22796,10204,3813,50393,51,0,4
0,1013187,0,-108,53511,12319,6643,11777,3461,1689,18545,51,0,4
0,1013187,0,-762,53511,12319,6643,11777,3461,1689,18545,51,0,4
0,1013187,0,987,53511,12319,6643,11777,3461,1689,18545,51,0,4
0,1013187,0,204,53511,12319,6643,11777,3461,1689,18545,51,0,4
0,1013187,0,72,53511,12319,6643,11777,3461,1689,18545,51,0,4
0,1013187,0,124,53511,12319,6643,11777,3461,1689,18545,51,0,4
0,1013187,0,-2048,53511,12319,6643,11777,3461,1689,18545,51,0,4
0,1013187,0,-243,53511,12319,6643,11777,3461,1689,18545,51,0,4
0,1013187,0,2,53511,12319,6643,11777,3461,1689,18545,51,0,4
0,719315,0,500,95172,47303,62208,61916,55371,14836,35943,51,0,4
0,719315,0,1740,95172,47303,62208,61916,55371,14836,35943,51,0,4
0,719315,0,515,95172,47303,62208,61916,55371,14836,35943,51,0,4
0,719315,0,-84,95172,47303,62208,61916,55371,14836,35943,51,0,4
0,719315,0,-549,95172,47303,62208,61916,55371,14836,35943,51,0,4
0,719315,0,1093,95172,47303,62208,61916,55371,14836,35943,51,0,4
0,719315,0,208,95172,47303,62208,61916,55371,14836,35943,51,0,4
0,719315,0,61,95172,47303,62208,61916,55371,14836,35943,51,0,4
0,719315,0,50,95172,47303,62208,61916,55371,14836,35943,51,0,4
0,719315,0,39,95172,47303,62208,61916,55371,14836,35943,51,0,4
0,946188,0,-2048,31704,4487,2064,12325,25713,14912,16982,51,0,4
0,946188,0,-523,31704,4487,2064,12325,25713,14912,16982,51,0,4
0,946188,0,-41,31704,4487,2064,12325,25713,14912,16982,51,0,4
0,946188,0,294,31704,4487,2064,12325,25713,14912,16982,51,0,4
0,946188,0,1865,31704,4487,2064,12325,25713,14912,16982,51,0,4
0,946188,0,402,31704,4487,2064,12325,25713,14912,16982,51,0,4
0,946188,0,-409,31704,4487,2064,12325,25713,14912,16982,51,0,4
0,946188,0,-1512,31704,4487,2064,12325,25713,14912,16982,51,0,4
0,946188,0,2047,31704,4487,2064,12325,25713,14912,16982,51,0,4
0,946188,0,941,31704,4487,2064,12325,25713,14912,16982,51,0,4
0,1172537,0,132,220878,15372,20431,32841,27897,3611,9768,51,0,4
0,1172537,0,35,220878,15372,20431,32841,27897,3611,9768,51,0,4
0,1172537,0,165,220878,15372,20431,32841,27897,3611,9768,51,0,4
0,1172537,0,-1913,220878,15372,20431,32841,27897,3611,9768,51,0,4
0,1172537,0,-257,220878,15372,20431,32841,27897,3611,9768,51,0,4
0,1172537,0,-1,220878,15372,20431,32841,27897,3611,9768,51,0,4
0,1172537,0,41,220878,15372,20431,32841,27897,3611,9768,51,0,4
0,1172537,0,68,220878,15372,20431,32841,27897,3611,9768,51,0,4
0,1172537,0,2047,220878,15372,20431,32841,27897,3611,9768,51,0,4
0,1172537,0,469,220878,15372,20431,32841,27897,3611,9768,51,0,4
0,1545015,0,-764,49093,48715,16559,13898,28879,6836,28280,51,0,4
0,1545015,0,-414,49093,48715,16559,13898,28879,6836,28280,51,0,4
0,1545015,0,1655,49093,48715,16559,13898,28879,6836,28280,51,0,4
0,1545015,0,293,49093,48715,16559,13898,28879,6836,28280,51,0,4
0,1545015,0,84,49093,48715,16559,13898,28879,6836,28280,51,0,4
0,1545015,0,52,49093,48715,16559,13898,28879,6836,28280,51,0,4
0,1545015,0,48,49093,48715,16559,13898,28879,6836,28280,51,0,4
0,1545015,0,48,49093,48715,16559,13898,28879,6836,28280,51,0,4
0,1545015,0,-1474,49093,48715,16559,13898,28879,6836,28280,51,0,4
0,1545015,0,-188,49093,48715,16559,13898,28879,6836,28280,51,0,4
0,2239188,0,16,790312,114655,72920,183396,106969,22008,72088,51,0,4
0,2239188,0,1587,790312,114655,72920,183396,106969,22008,72088,51,0,4
0,2239188,0,1332,790312,114655,72920,183396,106969,22008,72088,51,0,4
0,2239188,0,245,790312,114655,72920,183396,106969,22008,72088,51,0,4
0,2239188,0,-2048,790312,114655,72920,183396,106969,22008,72088,51,0,4
0,2239188,0,-282,790312,114655,72920,183396,106969,22008,72088,51,0,4
0,2239188,0,1970,790312,114655,72920,183396,106969,22008,72088,51,0,4
0,2239188,0,250,790312,114655,72920,183396,106969,22008,72088,51,0,4
0,2239188,0,76,790312,114655,72920,183396,106969,22008,72088,51,0,4
0,2239188,0,51,790312,114655,72920,183396,106969,22008,72088,51,0,4
0,997024,0,-1387,73345,33589,13070,26151,12683,8347,31910,51,0,4
0,997024,0,-1110,73345,33589,13070,26151,12683,8347,31910,51,0,4
0,997024,0,-102,73345,33589,13070,26151,12683,8347,31910,51,0,4
0,997024,0,22,73345,33589,13070,26151,12683,8347,31910,51,0,4
0,997024,0,1399,73345,33589,13070,26151,12683,8347,31910,51,0,4
0,997024,0,1193,73345,33589,13070,26151,12683,8347,31910,51,0,4
0,997024,0,486,73345,33589,13070,26151,12683,8347,31910,51,0,4
0,997024,0,-795,73345,33589,13070,26151,12683,8347,31910,51,0,4
0,997024,0,-1813,73345,33589,13070,26151,12683,8347,31910,51,0,4
0,997024,0,2047,73345,33589,13070,26151,12683,8347,31910,51,0,4
0,728834,0,534,287162,7570,103710,40193,21143,5546,99416,51,0,4
0,728834,0,155,287162,7570,103710,40193,21143,5546,99416,51,0,4
0,728834,0,57,287162,7570,103710,40193,21143,5546,99416,51,0,4
0,728834,0,48,287162,7570,103710,40193,21143,5546,99416,51,0,4
0,728834,0,-2048,287162,7570,103710,40193,21143,5546,99416,51,0,4
0,728834,0,-482,287162,7570,103710,40193,21143,5546,99416,51,0,4
0,728834,0,-35,287162,7570,103710,40193,21143,5546,99416,51,0,4
0,728834,0,234,287162,7570,103710,40193,21143,5546,99416,51,0,4
0,728834,0,1788,287162,7570,103710,40193,21143,5546,99416,51,0,4
0,728834,0,426,287162,7570,103710,40193,21143,5546,99416,51,0,4
0,2037886,0,97,32353,4215,5183,7679,4198,1076,1996,51,0,4
0,2037886,0,-2048,32353,4215,5183,7679,4198,1076,1996,51,0,4
0,2037886,0,-674,32353,4215,5183,7679,4198,1076,1996,51,0,4
0,2037886,0,2047,32353,4215,5183,7679,4198,1076,1996,51,0,4
0,2037886,0,391,32353,4215,5183,7679,4198,1076,1996,51,0,4
0,2037886,0,-701,32353,4215,5183,7679,4198,1076,1996,51,0,4
0,2037886,0,1004,32353,4215,5183,7679,4198,1076,1996,51,0,4
0,2037886,0,-2048,32353,4215,5183,7679,4198,1076,1996,51,0,4
0,2037886,0,-685,32353,4215,5183,7679,4198,1076,1996,51,0,4
0,2037886,0,-67,32353,4215,5183,7679,4198,1076,1996,51,0,4
0,951444,0,2047,236225,43845,186678,39800,54543,26821,52619,51,0,4
0,951444,0,709,236225,43845,186678,39800,54543,26821,52619,51,0,4
0,951444,0,154,236225,43845,186678,39800,54543,26821,52619,51,0,4
0,951444,0,52,236225,43845,186678,39800,54543,26821,52619,51,0,4
0,951444,0,-2048,236225,43845,186678,39800,54543,26821,52619,51,0,4
0,951444,0,-297,236225,43845,186678,39800,54543,26821,52619,51,0,4
0,951444,0,2006,236225,43845,186678,39800,54543,26821,52619,51,0,4
0,951444,0,352,236225,43845,186678,39800,54543,26821,52619,51,0,4
0,951444,0,92,236225,43845,186678,39800,54543,26821,52619,51,0,4
0,951444,0,53,236225,43845,186678,39800,54543,26821,52619,51,0,4
0,2007728,0,-2048,25131,15539,28141,24516,16501,5935,21702,51,0,4
0,2007728,0,-338,25131,15539,28141,24516,16501,5935,21702,51,0,4
0,2007728,0,-11,25131,15539,28141,24516,16501,5935,21702,51,0,4
0,2007728,0,1952,25131,15539,28141,24516,16501,5935,21702,51,0,4
0,2007728,0,676,25131,15539,28141,24516,16501,5935,21702,51,0,4
0,2007728,0,186,25131,15539,28141,24516,16501,5935,21702,51,0,4
0,2007728,0,-1900,25131,15539,28141,24516,16501,5935,21702,51,0,4
0,2007728,0,-823,25131,15539,28141,24516,16501,5935,21702,51,0,4
0,2007728,0,2047,25131,15539,28141,24516,16501,5935,21702,51,0,4
0,2007728,0,715,25131,15539,28141,24516,16501,5935,21702,51,0,4
0,2122330,0,129,155298,68310,19239,11590,22565,9390,20195,51,0,4
0,2122330,0,59,155298,68310,19239,11590,22565,9390,20195,51,0,4
0,2122330,0,-1421,155298,68310,19239,11590,22565,9390,20195,51,0,4
0,2122330,0,-1164,155298,68310,19239,11590,22565,9390,20195,51,0,4
0,2122330,0,-140,155298,68310,19239,11590,22565,9390,20195,51,0,4
0,2122330,0,906,155298,68310,19239,11590,22565,9390,20195,51,0,4
0,2122330,0,1693,155298,68310,19239,11590,22565,9390,20195,51,0,4
0,2122330,0,301,155298,68310,19239,11590,22565,9390,20195,51,0,4
0,2122330,0,73,155298,68310,19239,11590,22565,9390,20195,51,0,4
0,2122330,0,-405,155298,68310,19239,11590,22565,9390,20195,51,0,4
0,590678,0,-1489,6329,1575,1001,2500,1616,1104,2197,51,0,4
0,590678,0,-36,6329,1575,1001,2500,1616,1104,2197,51,0,4
0,590678,0,1012,6329,1575,1001,2500,1616,1104,2197,51,0,4
0,590678,0,192,6329,1575,1001,2500,1616,1104,2197,51,0,4
0,590678,0,68,6329,1575,1001,2500,1616,1104,2197,51,0,4
0,590678,0,-180,6329,1575,1001,2500,1616,1104,2197,51,0,4
0,590678,0,-1306,6329,1575,1001,2500,1616,1104,2197,51,0,4
0,590678,0,-163,6329,1575,1001,2500,1616,1104,2197,51,0,4
0,590678,0,839,6329,1575,1001,2500,1616,1104,2197,51,0,4
0,468219,0,1452,7095,4219,884,9322,13295,5733,7277,51,0,4
0,468219,0,263,7095,4219,884,9322,13295,5733,7277,51,0,4
0,468219,0,-53,7095,4219,884,9322,13295,5733,7277,51,0,4
0,468219,0,-2048,7095,4219,884,9322,13295,5733,7277,51,0,4
0,468219,0,-246,7095,4219,884,9322,13295,5733,7277,51,0,4
0,468219,0,1620,7095,4219,884,9322,13295,5733,7277,51,0,4
0,468219,0,-610,7095,4219,884,9322,13295,5733,7277,51,0,4
0,468219,0,-808,7095,4219,884,9322,13295,5733,7277,51,0,4
0,468219,0,499,7095,4219,884,9322,13295,5733,7277,51,0,4
0,468219,0,-820,7095,4219,884,9322,13295,5733,7277,51,0,4
0,978024,0,-1548,132748,19882,9014,12414,14712,2870,39116,51,0,4
0,978024,0,-200,132748,19882,9014,12414,14712,2870,39116,51,0,4
0,978024,0,481,132748,19882,9014,12414,14712,2870,39116,51,0,4
0,978024,0,1424,132748,19882,9014,12414,14712,2870,39116,51,0,4
0,978024,0,260,132748,19882,9014,12414,14712,2870,39116,51,0,4
0,978024,0,-135,132748,19882,9014,12414,14712,2870,39116,51,0,4
0,978024,0,-2048,132748,19882,9014,12414,14712,2870,39116,51,0,4
0,978024,0,-343,132748,19882,9014,12414,14712,2870,39116,51,0,4
0,978024,0,-1373,132748,19882,9014,12414,14712,2870,39116,51,0,4
0,978024,0,-88,132748,19882,9014,12414,14712,2870,39116,51,0,4
0,435993,0,1223,19038,1779,4177,6262,4381,879,3682,51,0,4
0,435993,0,1067,19038,1779,4177,6262,4381,879,3682,51,0,4
0,435993,0,-1753,19038,1779,4177,6262,4381,879,3682,51,0,4
0,435993,0,-173,19038,1779,4177,6262,4381,879,3682,51,0,4
0,435993,0,2047,19038,1779,4177,6262,4381,879,3682,51,0,4
0,435993,0,449,19038,1779,4177,6262,4381,879,3682,51,0,4
0,435993,0,107,19038,1779,4177,6262,4381,879,3682,51,0,4
0,435993,0,55,19038,1779,4177,6262,4381,879,3682,51,0,4
0,435993,0,48,19038,1779,4177,6262,4381,879,3682,51,0,4
0,435993,0,-2048,19038,1779,4177,6262,4381,879,3682,51,0,4
0,359791,0,-274,15854,17823,39727,34552,20988,8393,15949,51,0,4
0,359791,0,288,15854,17823,39727,34552,20988,8393,15949,51,0,4
0,359791,0,1385,15854,17823,39727,34552,20988,8393,15949,51,0,4
0,359791,0,-300,15854,17823,39727,34552,20988,8393,15949,51,0,4
0,359791,0,947,15854,17823,39727,34552,20988,8393,15949,51,0,4
0,359791,0,-1828,15854,17823,39727,34552,20988,8393,15949,51,0,4
0,359791,0,74,15854,17823,39727,34552,20988,8393,15949,51,0,4
0,359791,0,1569,15854,17823,39727,34552,20988,8393,15949,51,0,4
0,359791,0,499,15854,17823,39727,34552,20988,8393,15949,51,0,4
0,359791,0,116,15854,17823,39727,34552,20988,8393,15949,51,0,4
0,957255,0,55,235189,16588,75399,61472,146514,64814,188658,51,0,4
0,957255,0,-2048,235189,16588,75399,61472,146514,64814,188658,51,0,4
0,957255,0,-298,235189,16588,75399,61472,146514,64814,188658,51,0,4
0,957255,0,-6,235189,16588,75399,61472,146514,64814,188658,51,0,4
0,957255,0,1298,235189,16588,75399,61472,146514,64814,188658,51,0,4
0,957255,0,2047,235189,16588,75399,61472,146514,64814,188658,51,0,4
0,957255,0,1080,235189,16588,75399,61472,146514,64814,188658,51,0,4
0,957255,0,-1842,235189,16588,75399,61472,146514,64814,188658,51,0,4
0,957255,0,-1250,235189,16588,75399,61472,146514,64814,188658,51,0,4
0,957255,0,2047,235189,16588,75399,61472,146514,64814,188658,51,0,4
0,791283,0,1185,143236,64663,6253,65644,71160,16472,139899,51,0,4
0,791283,0,211,143236,64663,6253,65644,71160,16472,139899,51,0,4
0,791283,0,66,143236,64663,6253,65644,71160,16472,139899,51,0,4
0,791283,0,48,143236,64663,6253,65644,71160,16472,139899,51,0,4
0,791283,0,-3,143236,64663,6253,65644,71160,16472,139899,51,0,4
0,791283,0,-1549,143236,64663,6253,65644,71160,16472,139899,51,0,4
0,791283,0,465,143236,64663,6253,65644,71160,16472,139899,51,0,4
0,791283,0,602,143236,64663,6253,65644,71160,16472,139899,51,0,4
0,791283,0,360,143236,64663,6253,65644,71160,16472,139899,51,0,4
0,791283,0,-237,143236,64663,6253,65644,71160,16472,139899,51,0,4
0,2669034,0,-1771,1196841,218588,50862,142045,48110,91619,121548,51,0,4
0,2669034,0,-248,1196841,218588,50862,142045,48110,91619,121548,51,0,4
0,2669034,0,2,1196841,218588,50862,142045,48110,91619,121548,51,0,4
0,2669034,0,-110,1196841,218588,50862,142045,48110,91619,121548,51,0,4
0,2669034,0,1977,1196841,218588,50862,142045,48110,91619,121548,51,0,4
0,2669034,0,937,1196841,218588,50862,142045,48110,91619,121548,51,0,4
0,2669034,0,183,1196841,218588,50862,142045,48110,91619,121548,51,0,4
0,2669034,0,-2048,1196841,218588,50862,142045,48110,91619,121548,51,0,4
0,2669034,0,-243,1196841,218588,50862,142045,48110,91619,121548,51,0,4
0,2669034,0,1620,1196841,218588,50862,142045,48110,91619,121548,51,0,4
0,2006611,0,349,87068,105645,84992,43939,34519,44941,23431,51,0,4
0,2006611,0,101,87068,105645,84992,43939,34519,44941,23431,51,0,4
0,2006611,0,-597,87068,105645,84992,43939,34519,44941,23431,51,0,4
0,2006611,0,-2048,87068,105645,84992,43939,34519,44941,23431,51,0,4
0,2006611,0,-345,87068,105645,84992,43939,34519,44941,23431,51,0,4
0,2006611,0,-12,87068,105645,84992,43939,34519,44941,23431,51,0,4
0,2006611,0,598,87068,105645,84992,43939,34519,44941,23431,51,0,4
0,2006611,0,2047,87068,105645,84992,43939,34519,44941,23431,51,0,4
0,2006611,0,529,87068,105645,84992,43939,34519,44941,23431,51,0,4
0,2006611,0,121,87068,105645,84992,43939,34519,44941,23431,51,0,4
0,1061130,0,-2022,16924,10189,8168,11944,2289,733,7970,51,0,4
0,1061130,0,-55,16924,10189,8168,11944,2289,733,7970,51,0,4
0,1061130,0,1899,16924,10189,8168,11944,2289,733,7970,51,0,4
0,1061130,0,377,16924,10189,8168,11944,2289,733,7970,51,0,4
0,1061130,0,99,16924,10189,8168,11944,2289,733,7970,51,0,4
0,1061130,0,52,16924,10189,8168,11944,2289,733,7970,51,0,4
0,1061130,0,-2048,16924,10189,8168,11944,2289,733,7970,51,0,4
0,1061130,0,-603,16924,10189,8168,11944,2289,733,7970,51,0,4
0,1061130,0,-53,16924,10189,8168,11944,2289,733,7970,51,0,4
0,1061130,0,29,16924,10189,8168,11944,2289,733,7970,51,0,4
0,1171382,0,1062,324534,50298,72381,24217,45263,10597,58539,51,0,4
0,1171382,0,892,324534,50298,72381,24217,45263,10597,58539,51,0,4
0,1171382,0,177,324534,50298,72381,24217,45263,10597,58539,51,0,4
0,1171382,0,-1148,324534,50298,72381,24217,45263,10597,58539,51,0,4
0,1171382,0,-1050,324534,50298,72381,24217,45263,10597,58539,51,0,4
0,1171382,0,1818,324534,50298,72381,24217,45263,10597,58539,51,0,4
0,1171382,0,413,324534,50298,72381,24217,45263,10597,58539,51,0,4
0,1171382,0,97,324534,50298,72381,24217,45263,10597,58539,51,0,4
0,1171382,0,53,324534,50298,72381,24217,45263,10597,58539,51,0,4
0,1171382,0,-838,324534,50298,72381,24217,45263,10597,58539,51,0,4
0,418277,0,-1140,77892,6525,6684,6476,4495,1673,14244,51,0,4
0,418277,0,-136,77892,6525,6684,6476,4495,1673,14244,51,0,4
0,418277,0,19,77892,6525,6684,6476,4495,1673,14244,51,0,4
0,418277,0,960,77892,6525,6684,6476,4495,1673,14244,51,0,4
0,418277,0,1355,77892,6525,6684,6476,4495,1673,14244,51,0,4
0,418277,0,214,77892,6525,6684,6476,4495,1673,14244,51,0,4
0,418277,0,-2048,77892,6525,6684,6476,4495,1673,14244,51,0,4
0,418277,0,-428,77892,6525,6684,6476,4495,1673,14244,51,0,4
0,418277,0,2047,77892,6525,6684,6476,4495,1673,14244,51,0,4
0,418277,0,375,77892,6525,6684,6476,4495,1673,14244,51,0,4
0,1673008,0,104,56948,11389,14612,11964,4818,1305,6398,51,0,4
0,1673008,0,67,56948,11389,14612,11964,4818,1305,6398,51,0,4
0,1673008,0,-1340,56948,11389,14612,11964,4818,1305,6398,51,0,4
0,1673008,0,-524,56948,11389,14612,11964,4818,1305,6398,51,0,4
0,1673008,0,-19,56948,11389,14612,11964,4818,1305,6398,51,0,4
0,1673008,0,76,56948,11389,14612,11964,4818,1305,6398,51,0,4
0,1673008,0,2047,56948,11389,14612,11964,4818,1305,6398,51,0,4
0,1673008,0,501,56948,11389,14612,11964,4818,1305,6398,51,0,4
0,1673008,0,103,56948,11389,14612,11964,4818,1305,6398,51,0,4
0,2303350,0,-2048,29917,15087,25135,34775,14852,5500,29203,51,0,4
0,2303350,0,-313,29917,15087,25135,34775,14852,5500,29203,51,0,4
0,2303350,0,1452,29917,15087,25135,34775,14852,5500,29203,51,0,4
0,2303350,0,262,29917,15087,25135,34775,14852,5500,29203,51,0,4
0,2303350,0,77,29917,15087,25135,34775,14852,5500,29203,51,0,4
0,2303350,0,51,29917,15087,25135,34775,14852,5500,29203,51,0,4
0,2303350,0,-284,29917,15087,25135,34775,14852,5500,29203,51,0,4
0,2303350,0,-1737,29917,15087,25135,34775,14852,5500,29203,51,0,4
0,2303350,0,-230,29917,15087,25135,34775,14852,5500,29203,51,0,4
0,2303350,0,5,29917,15087,25135,34775,14852,5500,29203,51,0,4
0,662463,0,1412,86433,37244,22385,18402,19588,12060,4742,51,0,4
0,662463,0,949,86433,37244,22385,18402,19588,12060,4742,51,0,4
0,662463,0,194,86433,37244,22385,18402,19588,12060,4742,51,0,4
0,662463,0,80,86433,37244,22385,18402,19588,12060,4742,51,0,4
0,662463,0,-2048,86433,37244,22385,18402,19588,12060,4742,51,0,4
0,662463,0,-67,86433,37244,22385,18402,19588,12060,4742,51,0,4
0,662463,0,1757,86433,37244,22385,18402,19588,12060,4742,51,0,4
0,662463,0,-349,86433,37244,22385,18402,19588,12060,4742,51,0,4
0,662463,0,-440,86433,37244,22385,18402,19588,12060,4742,51,0,4
0,662463,0,-875,86433,37244,22385,18402,19588,12060,4742,51,0,4
0,1725620,0,204,537354,189217,198627,114834,68944,24944,96381,51,0,4
0,1725620,0,-1723,537354,189217,198627,114834,68944,24944,96381,51,0,4
0,1725620,0,-228,537354,189217,198627,114834,68944,24944,96381,51,0,4
0,1725620,0,275,537354,189217,198627,114834,68944,24944,96381,51,0,4
0,1725620,0,2047,537354,189217,198627,114834,68944,24944,96381,51,0,4
0,1725620,0,820,537354,189217,198627,114834,68944,24944,96381,51,0,4
0,1725620,0,165,537354,189217,198627,114834,68944,24944,96381,51,0,4
0,1725620,0,-1835,537354,189217,198627,114834,68944,24944,96381,51,0,4
0,1725620,0,-974,537354,189217,198627,114834,68944,24944,96381,51,0,4
0,1725620,0,58,537354,189217,198627,114834,68944,24944,96381,51,0,4
0,1497086,0,-105,139760,40634,57306,65929,62132,10056,113232,51,0,4
0,1497086,0,876,139760,40634,57306,65929,62132,10056,113232,51,0,4
0,1497086,0,571,139760,40634,57306,65929,62132,10056,113232,51,0,4
0,1497086,0,129,139760,40634,57306,65929,62132,10056,113232,51,0,4
0,1497086,0,-1785,139760,40634,57306,65929,62132,10056,113232,51,0,4
0,1497086,0,-632,139760,40634,57306,65929,62132,10056,113232,51,0,4
0,1497086,0,-23,139760,40634,57306,65929,62132,10056,113232,51,0,4
0,1497086,0,923,139760,40634,57306,65929,62132,10056,113232,51,0,4
0,1497086,0,1750,139760,40634,57306,65929,62132,10056,113232,51,0,4
0,1497086,0,378,139760,40634,57306,65929,62132,10056,113232,51,0,4
0,558007,0,86,105486,17046,17073,10612,7631,1521,31932,51,0,4
0,558007,0,-756,105486,17046,17073,10612,7631,1521,31932,51,0,4
0,558007,0,-1363,105486,17046,17073,10612,7631,1521,31932,51,0,4
0,558007,0,1521,105486,17046,17073,10612,7631,1521,31932,51,0,4
0,558007,0,410,105486,17046,17073,10612,7631,1521,31932,51,0,4
0,558007,0,123,105486,17046,17073,10612,7631,1521,31932,51,0,4
0,558007,0,147,105486,17046,17073,10612,7631,1521,31932,51,0,4
0,558007,0,251,105486,17046,17073,10612,7631,1521,31932,51,0,4
0,558007,0,-2048,105486,17046,17073,10612,7631,1521,31932,51,0,4
0,558007,0,-691,105486,17046,17073,10612,7631,1521,31932,51,0,4
0,1316870,0,-46,91616,14590,31742,11438,19718,4732,118489,51,0,4
0,1316870,0,33,91616,14590,31742,11438,19718,4732,118489,51,0,4
