0,645421,0,54,56867,15038,8555,4769,7209,3660,25957,25,0,1
0,645421,0,-40,56867,15038,8555,4769,7209,3660,25957,25,0,1
0,645421,0,84,56867,15038,8555,4769,7209,3660,25957,25,0,1
0,645421,0,52,56867,15038,8555,4769,7209,3660,25957,25,0,1
0,645421,0,140,56867,15038,8555,4769,7209,3660,25957,25,0,1
0,645421,0,74,56867,15038,8555,4769,7209,3660,25957,25,0,1
0,645421,0,-146,56867,15038,8555,4769,7209,3660,25957,25,0,1
0,645421,0,-77,56867,15038,8555,4769,7209,3660,25957,25,0,1
0,645421,0,64,56867,15038,8555,4769,7209,3660,25957,25,0,1
0,645421,0,93,56867,15038,8555,4769,7209,3660,25957,25,0,1
0,97017,0,12,22219,6540,3850,6283,4981,2587,26432,0,0,1
0,97017,0,-33,22219,6540,3850,6283,4981,2587,26432,0,0,1
0,97017,0,-250,22219,6540,3850,6283,4981,2587,26432,0,0,1
0,97017,0,183,22219,6540,3850,6283,4981,2587,26432,0,0,1
0,97017,0,100,22219,6540,3850,6283,4981,2587,26432,0,0,1
0,97017,0,261,22219,6540,3850,6283,4981,2587,26432,0,0,1
0,97017,0,-70,22219,6540,3850,6283,4981,2587,26432,0,0,1
0,97017,0,11,22219,6540,3850,6283,4981,2587,26432,0,0,1
0,97017,0,10,22219,6540,3850,6283,4981,2587,26432,0,0,1
0,97017,0,20,22219,6540,3850,6283,4981,2587,26432,0,0,1
0,808762,0,28,64177,34271,39433,40855,16890,8489,119674,0,0,1
0,808762,0,0,64177,34271,39433,40855,16890,8489,119674,0,0,1
0,808762,0,6,64177,34271,39433,40855,16890,8489,119674,0,0,1
0,808762,0,48,64177,34271,39433,40855,16890,8489,119674,0,0,1
0,808762,0,64,64177,34271,39433,40855,16890,8489,119674,0,0,1
0,808762,0,225,64177,34271,39433,40855,16890,8489,119674,0,0,1
0,808762,0,-220,64177,34271,39433,40855,16890,8489,119674,0,0,1
0,808762,0,-7,64177,34271,39433,40855,16890,8489,119674,0,0,1
0,808762,0,41,64177,34271,39433,40855,16890,8489,119674,0,0,1
0,808762,0,-5,64177,34271,39433,40855,16890,8489,119674,0,0,1
0,357542,0,359,85990,67979,16870,9088,6513,5989,209359,0,0,1
0,357542,0,-133,85990,67979,16870,9088,6513,5989,209359,0,0,1
0,357542,0,-9,85990,67979,16870,9088,6513,5989,209359,0,0,1
0,357542,0,0,85990,67979,16870,9088,6513,5989,209359,0,0,1
0,357542,0,184,85990,67979,16870,9088,6513,5989,209359,0,0,1
0,357542,0,13,85990,67979,16870,9088,6513,5989,209359,0,0,1
0,357542,0,-181,85990,67979,16870,9088,6513,5989,209359,0,0,1
0,357542,0,-30,85990,67979,16870,9088,6513,5989,209359,0,0,1
0,357542,0,52,85990,67979,16870,9088,6513,5989,209359,0,0,1
0,357542,0,99,85990,67979,16870,9088,6513,5989,209359,0,0,1
30,751925,30,112,110941,16872,3935,7872,2573,3424,19857,0,0,1
30,751925,30,128,110941,16872,3935,7872,2573,3424,19857,0,0,1
30,751925,30,105,110941,16872,3935,7872,2573,3424,19857,0,0,1
30,751925,30,272,110941,16872,3935,7872,2573,3424,19857,0,0,1
30,751925,30,-167,110941,16872,3935,7872,2573,3424,19857,0,0,1
30,751925,30,-86,110941,16872,3935,7872,2573,3424,19857,0,0,1
30,751925,30,41,110941,16872,3935,7872,2573,3424,19857,0,0,1
30,751925,30,51,110941,16872,3935,7872,2573,3424,19857,0,0,1
30,751925,30,121,110941,16872,3935,7872,2573,3424,19857,0,0,1
30,751925,30,66,110941,16872,3935,7872,2573,3424,19857,0,0,1
51,162989,34,1,38151,13890,7955,4657,18471,5011,112213,0,0,1
51,162989,34,457,38151,13890,7955,4657,18471,5011,112213,0,0,1
51,162989,34,-30,38151,13890,7955,4657,18471,5011,112213,0,0,1
51,162989,34,40,38151,13890,7955,4657,18471,5011,112213,0,0,1
51,162989,34,-139,38151,13890,7955,4657,18471,5011,112213,0,0,1
51,162989,34,-51,38151,13890,7955,4657,18471,5011,112213,0,0,1
51,162989,34,36,38151,13890,7955,4657,18471,5011,112213,0,0,1
51,162989,34,74,38151,13890,7955,4657,18471,5011,112213,0,0,1
51,162989,34,402,38151,13890,7955,4657,18471,5011,112213,0,0,1
51,162989,34,12,38151,13890,7955,4657,18471,5011,112213,0,0,1
53,187189,16,-165,251282,10582,18643,41168,14005,13763,106840,0,0,1
53,187189,16,-20,251282,10582,18643,41168,14005,13763,106840,0,0,1
53,187189,16,101,251282,10582,18643,41168,14005,13763,106840,0,0,1
53,187189,16,97,251282,10582,18643,41168,14005,13763,106840,0,0,1
53,187189,16,135,251282,10582,18643,41168,14005,13763,106840,0,0,1
53,187189,16,288,251282,10582,18643,41168,14005,13763,106840,0,0,1
53,187189,16,-38,251282,10582,18643,41168,14005,13763,106840,0,0,1
53,187189,16,-106,251282,10582,18643,41168,14005,13763,106840,0,0,1
53,187189,16,-85,251282,10582,18643,41168,14005,13763,106840,0,0,1
53,187189,16,22,251282,10582,18643,41168,14005,13763,106840,0,0,1
57,846466,16,74,134781,48322,6696,22218,13852,11912,143778,0,0,1
57,846466,16,11,134781,48322,6696,22218,13852,11912,143778,0,0,1
57,846466,16,43,134781,48322,6696,22218,13852,11912,143778,0,0,1
57,846466,16,112,134781,48322,6696,22218,13852,11912,143778,0,0,1
57,846466,16,-142,134781,48322,6696,22218,13852,11912,143778,0,0,1
57,846466,16,-76,134781,48322,6696,22218,13852,11912,143778,0,0,1
57,846466,16,106,134781,48322,6696,22218,13852,11912,143778,0,0,1
57,846466,16,116,134781,48322,6696,22218,13852,11912,143778,0,0,1
57,846466,16,76,134781,48322,6696,22218,13852,11912,143778,0,0,1
57,846466,16,86,134781,48322,6696,22218,13852,11912,143778,0,0,1
80,24931,27,279,17413,5843,5316,4668,4142,2158,27082,0,0,1
80,24931,27,-184,17413,5843,5316,4668,4142,2158,27082,0,0,1
80,24931,27,-52,17413,5843,5316,4668,4142,2158,27082,0,0,1
80,24931,27,-7,17413,5843,5316,4668,4142,2158,27082,0,0,1
80,24931,27,52,17413,5843,5316,4668,4142,2158,27082,0,0,1
80,24931,27,81,17413,5843,5316,4668,4142,2158,27082,0,0,1
80,24931,27,106,17413,5843,5316,4668,4142,2158,27082,0,0,1
80,24931,27,16,17413,5843,5316,4668,4142,2158,27082,0,0,1
80,24931,27,66,17413,5843,5316,4668,4142,2158,27082,0,0,1
80,24931,27,61,17413,5843,5316,4668,4142,2158,27082,0,0,1
63,68524,27,195,26678,5962,5902,1295,2055,1201,22201,0,0,1
63,68524,27,-77,26678,5962,5902,1295,2055,1201,22201,0,0,1
63,68524,27,-61,26678,5962,5902,1295,2055,1201,22201,0,0,1
63,68524,27,45,26678,5962,5902,1295,2055,1201,22201,0,0,1
63,68524,27,83,26678,5962,5902,1295,2055,1201,22201,0,0,1
63,68524,27,10,26678,5962,5902,1295,2055,1201,22201,0,0,1
63,68524,27,60,26678,5962,5902,1295,2055,1201,22201,0,0,1
63,68524,27,68,26678,5962,5902,1295,2055,1201,22201,0,0,1
63,68524,27,67,26678,5962,5902,1295,2055,1201,22201,0,0,1
63,209547,41,28,33842,5165,4180,1937,1827,2302,26203,0,0,1
63,209547,41,0,33842,5165,4180,1937,1827,2302,26203,0,0,1
63,209547,41,91,33842,5165,4180,1937,1827,2302,26203,0,0,1
63,209547,41,167,33842,5165,4180,1937,1827,2302,26203,0,0,1
63,209547,41,-42,33842,5165,4180,1937,1827,2302,26203,0,0,1
63,209547,41,-58,33842,5165,4180,1937,1827,2302,26203,0,0,1
63,209547,41,-75,33842,5165,4180,1937,1827,2302,26203,0,0,1
63,209547,41,50,33842,5165,4180,1937,1827,2302,26203,0,0,1
63,209547,41,40,33842,5165,4180,1937,1827,2302,26203,0,0,1
63,209547,41,38,33842,5165,4180,1937,1827,2302,26203,0,0,1
63,186011,53,97,16924,10217,5972,1448,2936,1439,23521,0,0,1
63,186011,53,51,16924,10217,5972,1448,2936,1439,23521,0,0,1
63,186011,53,107,16924,10217,5972,1448,2936,1439,23521,0,0,1
63,186011,53,152,16924,10217,5972,1448,2936,1439,23521,0,0,1
63,186011,53,-8,16924,10217,5972,1448,2936,1439,23521,0,0,1
63,186011,53,44,16924,10217,5972,1448,2936,1439,23521,0,0,1
63,186011,53,52,16924,10217,5972,1448,2936,1439,23521,0,0,1
63,186011,53,50,16924,10217,5972,1448,2936,1439,23521,0,0,1
63,186011,53,-4,16924,10217,5972,1448,2936,1439,23521,0,0,1
63,186011,53,-119,16924,10217,5972,1448,2936,1439,23521,0,0,1
61,451406,51,56,35374,6585,18798,27455,7921,7603,89539,0,0,1
61,451406,51,129,35374,6585,18798,27455,7921,7603,89539,0,0,1
61,451406,51,104,35374,6585,18798,27455,7921,7603,89539,0,0,1
61,451406,51,36,35374,6585,18798,27455,7921,7603,89539,0,0,1
61,451406,51,3,35374,6585,18798,27455,7921,7603,89539,0,0,1
61,451406,51,53,35374,6585,18798,27455,7921,7603,89539,0,0,1
61,451406,51,113,35374,6585,18798,27455,7921,7603,89539,0,0,1
61,451406,51,209,35374,6585,18798,27455,7921,7603,89539,0,0,1
61,451406,51,-23,35374,6585,18798,27455,7921,7603,89539,0,0,1
61,451406,51,-44,35374,6585,18798,27455,7921,7603,89539,0,0,1
69,65453,48,26,14757,4238,2099,3026,2852,1976,30956,0,0,1
69,65453,48,4,14757,4238,2099,3026,2852,1976,30956,0,0,1
69,65453,48,-1,14757,4238,2099,3026,2852,1976,30956,0,0,1
69,65453,48,8,14757,4238,2099,3026,2852,1976,30956,0,0,1
69,65453,48,90,14757,4238,2099,3026,2852,1976,30956,0,0,1
69,65453,48,24,14757,4238,2099,3026,2852,1976,30956,0,0,1
69,65453,48,112,14757,4238,2099,3026,2852,1976,30956,0,0,1
69,65453,48,82,14757,4238,2099,3026,2852,1976,30956,0,0,1
69,65453,48,76,14757,4238,2099,3026,2852,1976,30956,0,0,1
69,65453,48,112,14757,4238,2099,3026,2852,1976,30956,0,0,1
91,337453,57,45,23587,22359,11002,19097,21649,3245,110101,0,0,1
91,337453,57,230,23587,22359,11002,19097,21649,3245,110101,0,0,1
91,337453,57,146,23587,22359,11002,19097,21649,3245,110101,0,0,1
91,337453,57,35,23587,22359,11002,19097,21649,3245,110101,0,0,1
91,337453,57,-90,23587,22359,11002,19097,21649,3245,110101,0,0,1
91,337453,57,56,23587,22359,11002,19097,21649,3245,110101,0,0,1
91,337453,57,10,23587,22359,11002,19097,21649,3245,110101,0,0,1
91,337453,57,-74,23587,22359,11002,19097,21649,3245,110101,0,0,1
91,337453,57,107,23587,22359,11002,19097,21649,3245,110101,0,0,1
91,337453,57,65,23587,22359,11002,19097,21649,3245,110101,0,0,1
91,329110,51,54,98756,41595,17596,9294,12978,16247,108737,0,0,1
91,329110,51,77,98756,41595,17596,9294,12978,16247,108737,0,0,1
91,329110,51,179,98756,41595,17596,9294,12978,16247,108737,0,0,1
91,329110,51,33,98756,41595,17596,9294,12978,16247,108737,0,0,1
91,329110,51,48,98756,41595,17596,9294,12978,16247,108737,0,0,1
91,329110,51,53,98756,41595,17596,9294,12978,16247,108737,0,0,1
91,329110,51,149,98756,41595,17596,9294,12978,16247,108737,0,0,1
91,329110,51,-38,98756,41595,17596,9294,12978,16247,108737,0,0,1
91,329110,51,-69,98756,41595,17596,9294,12978,16247,108737,0,0,1
91,329110,51,41,98756,41595,17596,9294,12978,16247,108737,0,0,1
84,973563,47,16,209572,32858,24342,7208,20356,14312,125761,0,0,1
84,973563,47,-22,209572,32858,24342,7208,20356,14312,125761,0,0,1
84,973563,47,-2,209572,32858,24342,7208,20356,14312,125761,0,0,1
84,973563,47,44,209572,32858,24342,7208,20356,14312,125761,0,0,1
84,973563,47,12,209572,32858,24342,7208,20356,14312,125761,0,0,1
84,973563,47,96,209572,32858,24342,7208,20356,14312,125761,0,0,1
84,973563,47,105,209572,32858,24342,7208,20356,14312,125761,0,0,1
84,973563,47,81,209572,32858,24342,7208,20356,14312,125761,0,0,1
84,973563,47,-9,209572,32858,24342,7208,20356,14312,125761,0,0,1
84,973563,47,3,209572,32858,24342,7208,20356,14312,125761,0,0,1
87,264032,66,122,13352,11273,34671,12273,8710,8127,127426,0,0,1
87,264032,66,89,13352,11273,34671,12273,8710,8127,127426,0,0,1
87,264032,66,157,13352,11273,34671,12273,8710,8127,127426,0,0,1
87,264032,66,130,13352,11273,34671,12273,8710,8127,127426,0,0,1
87,264032,66,-20,13352,11273,34671,12273,8710,8127,127426,0,0,1
87,264032,66,-33,13352,11273,34671,12273,8710,8127,127426,0,0,1
87,264032,66,21,13352,11273,34671,12273,8710,8127,127426,0,0,1
87,264032,66,-12,13352,11273,34671,12273,8710,8127,127426,0,0,1
87,264032,66,6,13352,11273,34671,12273,8710,8127,127426,0,0,1
87,264032,66,76,13352,11273,34671,12273,8710,8127,127426,0,0,1
84,439953,61,120,30340,9874,17136,9213,22271,8299,150036,0,0,1
84,439953,61,139,30340,9874,17136,9213,22271,8299,150036,0,0,1
84,439953,61,115,30340,9874,17136,9213,22271,8299,150036,0,0,1
84,439953,61,67,30340,9874,17136,9213,22271,8299,150036,0,0,1
84,439953,61,100,30340,9874,17136,9213,22271,8299,150036,0,0,1
84,439953,61,53,30340,9874,17136,9213,22271,8299,150036,0,0,1
84,439953,61,57,30340,9874,17136,9213,22271,8299,150036,0,0,1
84,439953,61,212,30340,9874,17136,9213,22271,8299,150036,0,0,1
84,439953,61,12,30340,9874,17136,9213,22271,8299,150036,0,0,1
84,439953,61,-6,30340,9874,17136,9213,22271,8299,150036,0,0,1
88,88311,44,-13,40844,4482,2237,3687,5488,1041,21394,0,0,1
88,88311,44,-219,40844,4482,2237,3687,5488,1041,21394,0,0,1
88,88311,44,-39,40844,4482,2237,3687,5488,1041,21394,0,0,1
88,88311,44,49,40844,4482,2237,3687,5488,1041,21394,0,0,1
88,88311,44,146,40844,4482,2237,3687,5488,1041,21394,0,0,1
88,88311,44,151,40844,4482,2237,3687,5488,1041,21394,0,0,1
88,88311,44,12,40844,4482,2237,3687,5488,1041,21394,0,0,1
88,88311,44,5,40844,4482,2237,3687,5488,1041,21394,0,0,1
88,88311,44,125,40844,4482,2237,3687,5488,1041,21394,0,0,1
88,88311,44,114,40844,4482,2237,3687,5488,1041,21394,0,0,1
100,1430822,30,203,23250,2205,595,12754,7256,4445,32945,0,0,1
100,1430822,30,163,23250,2205,595,12754,7256,4445,32945,0,0,1
100,1430822,30,7,23250,2205,595,12754,7256,4445,32945,0,0,1
100,1430822,30,-37,23250,2205,595,12754,7256,4445,32945,0,0,1
100,1430822,30,103,23250,2205,595,12754,7256,4445,32945,0,0,1
100,1430822,30,92,23250,2205,595,12754,7256,4445,32945,0,0,1
100,1430822,30,55,23250,2205,595,12754,7256,4445,32945,0,0,1
100,1430822,30,-67,23250,2205,595,12754,7256,4445,32945,0,0,1
100,1430822,30,-5,23250,2205,595,12754,7256,4445,32945,0,0,1
100,1430822,30,200,23250,2205,595,12754,7256,4445,32945,0,0,1
100,1592303,13,109,70136,24974,16826,60979,14873,23261,106961,0,0,1
100,1592303,13,85,70136,24974,16826,60979,14873,23261,106961,0,0,1
100,1592303,13,-2,70136,24974,16826,60979,14873,23261,106961,0,0,1
100,1592303,13,-17,70136,24974,16826,60979,14873,23261,106961,0,0,1
100,1592303,13,119,70136,24974,16826,60979,14873,23261,106961,0,0,1
100,1592303,13,92,70136,24974,16826,60979,14873,23261,106961,0,0,1
100,1592303,13,82,70136,24974,16826,60979,14873,23261,106961,0,0,1
100,1592303,13,123,70136,24974,16826,60979,14873,23261,106961,0,0,1
100,1592303,13,-20,70136,24974,16826,60979,14873,23261,106961,0,0,1
100,1592303,13,89,70136,24974,16826,60979,14873,23261,106961,0,0,1
97,381995,20,137,39816,33092,15630,25284,19392,6604,127846,0,0,1
97,381995,20,329,39816,33092,15630,25284,19392,6604,127846,0,0,1
97,381995,20,-65,39816,33092,15630,25284,19392,6604,127846,0,0,1
97,381995,20,-171,39816,33092,15630,25284,19392,6604,127846,0,0,1
97,381995,20,85,39816,33092,15630,25284,19392,6604,127846,0,0,1
97,381995,20,-70,39816,33092,15630,25284,19392,6604,127846,0,0,1
97,381995,20,-99,39816,33092,15630,25284,19392,6604,127846,0,0,1
97,381995,20,68,39816,33092,15630,25284,19392,6604,127846,0,0,1
97,381995,20,212,39816,33092,15630,25284,19392,6604,127846,0,0,1
97,381995,20,104,39816,33092,15630,25284,19392,6604,127846,0,0,1
93,1786176,24,183,35625,1911,5727,6370,3192,1445,21571,0,0,1
93,1786176,24,100,35625,1911,5727,6370,3192,1445,21571,0,0,1
93,1786176,24,85,35625,1911,5727,6370,3192,1445,21571,0,0,1
93,1786176,24,89,35625,1911,5727,6370,3192,1445,21571,0,0,1
93,1786176,24,120,35625,1911,5727,6370,3192,1445,21571,0,0,1
93,1786176,24,-5,35625,1911,5727,6370,3192,1445,21571,0,0,1
93,1786176,24,296,35625,1911,5727,6370,3192,1445,21571,0,0,1
93,1786176,24,-12,35625,1911,5727,6370,3192,1445,21571,0,0,1
93,1786176,24,-153,35625,1911,5727,6370,3192,1445,21571,0,0,1
67,116233,40,-49,283513,29396,35421,14649,7695,11064,129409,0,0,1
67,116233,40,-45,283513,29396,35421,14649,7695,11064,129409,0,0,1
67,116233,40,71,283513,29396,35421,14649,7695,11064,129409,0,0,1
67,116233,40,36,283513,29396,35421,14649,7695,11064,129409,0,0,1
67,116233,40,105,283513,29396,35421,14649,7695,11064,129409,0,0,1
67,116233,40,150,283513,29396,35421,14649,7695,11064,129409,0,0,1
67,116233,40,51,283513,29396,35421,14649,7695,11064,129409,0,0,1
67,116233,40,119,283513,29396,35421,14649,7695,11064,129409,0,0,1
67,116233,40,11,283513,29396,35421,14649,7695,11064,129409,0,0,1
67,116233,40,120,283513,29396,35421,14649,7695,11064,129409,0,0,1
75,193583,47,64,46656,41504,3570,23894,26006,9926,153090,0,0,1
75,193583,47,43,46656,41504,3570,23894,26006,9926,153090,0,0,1
75,193583,47,39,46656,41504,3570,23894,26006,9926,153090,0,0,1
75,193583,47,326,46656,41504,3570,23894,26006,9926,153090,0,0,1
75,193583,47,-101,46656,41504,3570,23894,26006,9926,153090,0,0,1
75,193583,47,-114,46656,41504,3570,23894,26006,9926,153090,0,0,1
75,193583,47,-40,46656,41504,3570,23894,26006,9926,153090,0,0,1
75,193583,47,77,46656,41504,3570,23894,26006,9926,153090,0,0,1
75,193583,47,84,46656,41504,3570,23894,26006,9926,153090,0,0,1
75,193583,47,72,46656,41504,3570,23894,26006,9926,153090,0,0,1
64,880961,26,36,230849,26072,4499,6582,22314,12585,100180,0,0,1
64,880961,26,0,230849,26072,4499,6582,22314,12585,100180,0,0,1
64,880961,26,119,230849,26072,4499,6582,22314,12585,100180,0,0,1
64,880961,26,66,230849,26072,4499,6582,22314,12585,100180,0,0,1
64,880961,26,205,230849,26072,4499,6582,22314,12585,100180,0,0,1
64,880961,26,-101,230849,26072,4499,6582,22314,12585,100180,0,0,1
64,880961,26,28,230849,26072,4499,6582,22314,12585,100180,0,0,1
64,880961,26,84,230849,26072,4499,6582,22314,12585,100180,0,0,1
64,880961,26,309,230849,26072,4499,6582,22314,12585,100180,0,0,1
64,880961,26,-51,230849,26072,4499,6582,22314,12585,100180,0,0,1
69,474701,14,-139,58664,2243,1547,8097,8137,1359,17018,0,0,1
69,474701,14,91,58664,2243,1547,8097,8137,1359,17018,0,0,1
69,474701,14,185,58664,2243,1547,8097,8137,1359,17018,0,0,1
69,474701,14,92,58664,2243,1547,8097,8137,1359,17018,0,0,1
69,474701,14,69,58664,2243,1547,8097,8137,1359,17018,0,0,1
69,474701,14,50,58664,2243,1547,8097,8137,1359,17018,0,0,1
69,474701,14,105,58664,2243,1547,8097,8137,1359,17018,0,0,1
69,474701,14,27,58664,2243,1547,8097,8137,1359,17018,0,0,1
69,474701,14,98,58664,2243,1547,8097,8137,1359,17018,0,0,1
69,474701,14,57,58664,2243,1547,8097,8137,1359,17018,0,0,1
78,1453590,30,102,139667,53268,70590,19412,15655,7142,100395,0,0,1
78,1453590,30,41,139667,53268,70590,19412,15655,7142,100395,0,0,1
78,1453590,30,28,139667,53268,70590,19412,15655,7142,100395,0,0,1
78,1453590,30,35,139667,53268,70590,19412,15655,7142,100395,0,0,1
78,1453590,30,-178,139667,53268,70590,19412,15655,7142,100395,0,0,1
78,1453590,30,38,139667,53268,70590,19412,15655,7142,100395,0,0,1
78,1453590,30,133,139667,53268,70590,19412,15655,7142,100395,0,0,1
78,1453590,30,147,139667,53268,70590,19412,15655,7142,100395,0,0,1
78,1453590,30,38,139667,53268,70590,19412,15655,7142,100395,0,0,1
78,1453590,30,9,139667,53268,70590,19412,15655,7142,100395,0,0,1
67,197034,13,132,44377,1872,3418,5014,4391,2438,21808,0,0,1
67,197034,13,23,44377,1872,3418,5014,4391,2438,21808,0,0,1
67,197034,13,36,44377,1872,3418,5014,4391,2438,21808,0,0,1
67,197034,13,-6,44377,1872,3418,5014,4391,2438,21808,0,0,1
67,197034,13,68,44377,1872,3418,5014,4391,2438,21808,0,0,1
67,197034,13,81,44377,1872,3418,5014,4391,2438,21808,0,0,1
67,197034,13,237,44377,1872,3418,5014,4391,2438,21808,0,0,1
67,197034,13,13,44377,1872,3418,5014,4391,2438,21808,0,0,1
67,197034,13,-21,44377,1872,3418,5014,4391,2438,21808,0,0,1
67,197034,13,-2,44377,1872,3418,5014,4391,2438,21808,0,0,1
66,135448,24,-82,33426,3147,7652,2180,3275,1926,20620,0,0,1
66,135448,24,1,33426,3147,7652,2180,3275,1926,20620,0,0,1
66,135448,24,120,33426,3147,7652,2180,3275,1926,20620,0,0,1
66,135448,24,136,33426,3147,7652,2180,3275,1926,20620,0,0,1
66,135448,24,69,33426,3147,7652,2180,3275,1926,20620,0,0,1
66,135448,24,67,33426,3147,7652,2180,3275,1926,20620,0,0,1
66,135448,24,82,33426,3147,7652,2180,3275,1926,20620,0,0,1
66,135448,24,123,33426,3147,7652,2180,3275,1926,20620,0,0,1
66,135448,24,242,33426,3147,7652,2180,3275,1926,20620,0,0,1
66,135448,24,-65,33426,3147,7652,2180,3275,1926,20620,0,0,1
69,123481,50,-19,32650,2586,14387,1321,7764,2433,25121,0,0,1
69,123481,50,-49,32650,2586,14387,1321,7764,2433,25121,0,0,1
69,123481,50,105,32650,2586,14387,1321,7764,2433,25121,0,0,1
69,123481,50,-99,32650,2586,14387,1321,7764,2433,25121,0,0,1
69,123481,50,21,32650,2586,14387,1321,7764,2433,25121,0,0,1
69,123481,50,36,32650,2586,14387,1321,7764,2433,25121,0,0,1
69,123481,50,41,32650,2586,14387,1321,7764,2433,25121,0,0,1
69,123481,50,77,32650,2586,14387,1321,7764,2433,25121,0,0,1
69,123481,50,112,32650,2586,14387,1321,7764,2433,25121,0,0,1
69,123481,50,140,32650,2586,14387,1321,7764,2433,25121,0,0,1
81,48207,23,57,18360,1367,913,8105,4033,2029,20266,0,0,1
81,48207,23,106,18360,1367,913,8105,4033,2029,20266,0,0,1
81,48207,23,124,18360,1367,913,8105,4033,2029,20266,0,0,1
81,48207,23,252,18360,1367,913,8105,4033,2029,20266,0,0,1
81,48207,23,38,18360,1367,913,8105,4033,2029,20266,0,0,1
81,48207,23,-30,18360,1367,913,8105,4033,2029,20266,0,0,1
81,48207,23,16,18360,1367,913,8105,4033,2029,20266,0,0,1
81,48207,23,-36,18360,1367,913,8105,4033,2029,20266,0,0,1
81,48207,23,17,18360,1367,913,8105,4033,2029,20266,0,0,1
81,48207,23,-23,18360,1367,913,8105,4033,2029,20266,0,0,1
90,253163,47,-1,8541,9631,3478,2130,3986,3841,22934,0,0,1
90,253163,47,107,8541,9631,3478,2130,3986,3841,22934,0,0,1
90,253163,47,166,8541,9631,3478,2130,3986,3841,22934,0,0,1
90,253163,47,37,8541,9631,3478,2130,3986,3841,22934,0,0,1
90,253163,47,115,8541,9631,3478,2130,3986,3841,22934,0,0,1
90,253163,47,122,8541,9631,3478,2130,3986,3841,22934,0,0,1
90,253163,47,57,8541,9631,3478,2130,3986,3841,22934,0,0,1
90,253163,47,38,8541,9631,3478,2130,3986,3841,22934,0,0,1
90,253163,47,41,8541,9631,3478,2130,3986,3841,22934,0,0,1
90,253163,47,60,8541,9631,3478,2130,3986,3841,22934,0,0,1
93,123752,56,120,76300,36313,26092,6351,16205,4738,101867,0,0,1
93,123752,56,162,76300,36313,26092,6351,16205,4738,101867,0,0,1
93,123752,56,-39,76300,36313,26092,6351,16205,4738,101867,0,0,1
93,123752,56,-60,76300,36313,26092,6351,16205,4738,101867,0,0,1
93,123752,56,2,76300,36313,26092,6351,16205,4738,101867,0,0,1
93,123752,56,-20,76300,36313,26092,6351,16205,4738,101867,0,0,1
93,123752,56,11,76300,36313,26092,6351,16205,4738,101867,0,0,1
93,123752,56,50,76300,36313,26092,6351,16205,4738,101867,0,0,1
93,123752,56,87,76300,36313,26092,6351,16205,4738,101867,0,0,1
93,123752,56,50,76300,36313,26092,6351,16205,4738,101867,0,0,1
88,698411,48,73,118926,19440,7955,14506,12495,5594,93967,0,0,1
88,698411,48,92,118926,19440,7955,14506,12495,5594,93967,0,0,1
88,698411,48,25,118926,19440,7955,14506,12495,5594,93967,0,0,1
88,698411,48,66,118926,19440,7955,14506,12495,5594,93967,0,0,1
88,698411,48,147,118926,19440,7955,14506,12495,5594,93967,0,0,1
88,698411,48,105,118926,19440,7955,14506,12495,5594,93967,0,0,1
88,698411,48,59,118926,19440,7955,14506,12495,5594,93967,0,0,1
88,698411,48,68,118926,19440,7955,14506,12495,5594,93967,0,0,1
88,698411,48,3,118926,19440,7955,14506,12495,5594,93967,0,0,1
88,698411,48,-56,118926,19440,7955,14506,12495,5594,93967,0,0,1
90,157755,81,67,12438,22102,41587,19608,17485,3999,95591,0,0,1
90,157755,81,-21,12438,22102,41587,19608,17485,3999,95591,0,0,1
90,157755,81,-44,12438,22102,41587,19608,17485,3999,95591,0,0,1
90,157755,81,138,12438,22102,41587,19608,17485,3999,95591,0,0,1
90,157755,81,48,12438,22102,41587,19608,17485,3999,95591,0,0,1
90,157755,81,51,12438,22102,41587,19608,17485,3999,95591,0,0,1
90,157755,81,64,12438,22102,41587,19608,17485,3999,95591,0,0,1
90,157755,81,145,12438,22102,41587,19608,17485,3999,95591,0,0,1
90,157755,81,118,12438,22102,41587,19608,17485,3999,95591,0,0,1
84,275058,90,106,11605,8345,55756,13718,9404,6550,100095,0,0,1
84,275058,90,123,11605,8345,55756,13718,9404,6550,100095,0,0,1
84,275058,90,16,11605,8345,55756,13718,9404,6550,100095,0,0,1
84,275058,90,33,11605,8345,55756,13718,9404,6550,100095,0,0,1
84,275058,90,-45,11605,8345,55756,13718,9404,6550,100095,0,0,1
84,275058,90,92,11605,8345,55756,13718,9404,6550,100095,0,0,1
84,275058,90,0,11605,8345,55756,13718,9404,6550,100095,0,0,1
84,275058,90,-72,11605,8345,55756,13718,9404,6550,100095,0,0,1
84,275058,90,115,11605,8345,55756,13718,9404,6550,100095,0,0,1
84,275058,90,131,11605,8345,55756,13718,9404,6550,100095,0,0,1
63,1111486,78,106,415427,48636,42209,11641,7094,8904,90800,0,0,1
63,1111486,78,51,415427,48636,42209,11641,7094,8904,90800,0,0,1
63,1111486,78,73,415427,48636,42209,11641,7094,8904,90800,0,0,1
63,1111486,78,27,415427,48636,42209,11641,7094,8904,90800,0,0,1
63,1111486,78,177,415427,48636,42209,11641,7094,8904,90800,0,0,1
63,1111486,78,168,415427,48636,42209,11641,7094,8904,90800,0,0,1
63,1111486,78,11,415427,48636,42209,11641,7094,8904,90800,0,0,1
63,1111486,78,0,415427,48636,42209,11641,7094,8904,90800,0,0,1
63,1111486,78,7,415427,48636,42209,11641,7094,8904,90800,0,0,1
63,1111486,78,8,415427,48636,42209,11641,7094,8904,90800,0,0,1
78,552723,90,112,8070,5141,6421,6567,7352,7849,76047,0,0,1
78,552723,90,87,8070,5141,6421,6567,7352,7849,76047,0,0,1
78,552723,90,43,8070,5141,6421,6567,7352,7849,76047,0,0,1
78,552723,90,25,8070,5141,6421,6567,7352,7849,76047,0,0,1
78,552723,90,71,8070,5141,6421,6567,7352,7849,76047,0,0,1
78,552723,90,139,8070,5141,6421,6567,7352,7849,76047,0,0,1
78,552723,90,80,8070,5141,6421,6567,7352,7849,76047,0,0,1
78,552723,90,28,8070,5141,6421,6567,7352,7849,76047,0,0,1
78,552723,90,76,8070,5141,6421,6567,7352,7849,76047,0,0,1
78,552723,90,24,8070,5141,6421,6567,7352,7849,76047,0,0,1
60,310923,77,-29,124075,30298,33795,4431,6841,14728,90061,0,0,1
60,310923,77,36,124075,30298,33795,4431,6841,14728,90061,0,0,1
60,310923,77,77,124075,30298,33795,4431,6841,14728,90061,0,0,1
60,310923,77,-71,124075,30298,33795,4431,6841,14728,90061,0,0,1
60,310923,77,5,124075,30298,33795,4431,6841,14728,90061,0,0,1
60,310923,77,60,124075,30298,33795,4431,6841,14728,90061,0,0,1
60,310923,77,75,124075,30298,33795,4431,6841,14728,90061,0,0,1
60,310923,77,68,124075,30298,33795,4431,6841,14728,90061,0,0,1
60,310923,77,87,124075,30298,33795,4431,6841,14728,90061,0,0,1
60,310923,77,204,124075,30298,33795,4431,6841,14728,90061,0,0,1
69,940680,61,40,37096,4154,31675,17591,26822,13995,92072,0,0,1
69,940680,61,61,37096,4154,31675,17591,26822,13995,92072,0,0,1
69,940680,61,122,37096,4154,31675,17591,26822,13995,92072,0,0,1
69,940680,61,212,37096,4154,31675,17591,26822,13995,92072,0,0,1
69,940680,61,-30,37096,4154,31675,17591,26822,13995,92072,0,0,1
69,940680,61,-5,37096,4154,31675,17591,26822,13995,92072,0,0,1
69,940680,61,-74,37096,4154,31675,17591,26822,13995,92072,0,0,1
69,940680,61,17,37096,4154,31675,17591,26822,13995,92072,0,0,1
69,940680,61,-114,37096,4154,31675,17591,26822,13995,92072,0,0,1
69,940680,61,-183,37096,4154,31675,17591,26822,13995,92072,0,0,1
97,380393,78,114,7996,9930,7147,3331,5535,1742,17098,0,0,1
97,380393,78,162,7996,9930,7147,3331,5535,1742,17098,0,0,1
97,380393,78,145,7996,9930,7147,3331,5535,1742,17098,0,0,1
97,380393,78,0,7996,9930,7147,3331,5535,1742,17098,0,0,1
97,380393,78,116,7996,9930,7147,3331,5535,1742,17098,0,0,1
97,380393,78,65,7996,9930,7147,3331,5535,1742,17098,0,0,1
97,380393,78,60,7996,9930,7147,3331,5535,1742,17098,0,0,1
97,380393,78,100,7996,9930,7147,3331,5535,1742,17098,0,0,1
97,380393,78,136,7996,9930,7147,3331,5535,1742,17098,0,0,1
97,380393,78,-23,7996,9930,7147,3331,5535,1742,17098,0,0,1
90,96084,67,-25,23796,1663,6074,4360,5221,1279,27209,0,0,1
90,96084,67,-76,23796,1663,6074,4360,5221,1279,27209,0,0,1
90,96084,67,33,23796,1663,6074,4360,5221,1279,27209,0,0,1
90,96084,67,67,23796,1663,6074,4360,5221,1279,27209,0,0,1
90,96084,67,-118,23796,1663,6074,4360,5221,1279,27209,0,0,1
90,96084,67,114,23796,1663,6074,4360,5221,1279,27209,0,0,1
90,96084,67,112,23796,1663,6074,4360,5221,1279,27209,0,0,1
90,96084,67,122,23796,1663,6074,4360,5221,1279,27209,0,0,1
90,96084,67,37,23796,1663,6074,4360,5221,1279,27209,0,0,1
90,96084,67,4,23796,1663,6074,4360,5221,1279,27209,0,0,1
96,702915,77,28,47976,28353,20888,6748,6343,5538,66789,0,0,1
96,702915,77,177,47976,28353,20888,6748,6343,5538,66789,0,0,1
96,702915,77,40,47976,28353,20888,6748,6343,5538,66789,0,0,1
96,702915,77,133,47976,28353,20888,6748,6343,5538,66789,0,0,1
96,702915,77,54,47976,28353,20888,6748,6343,5538,66789,0,0,1
96,702915,77,6,47976,28353,20888,6748,6343,5538,66789,0,0,1
96,702915,77,1,47976,28353,20888,6748,6343,5538,66789,0,0,1
96,702915,77,86,47976,28353,20888,6748,6343,5538,66789,0,0,1
96,702915,77,67,47976,28353,20888,6748,6343,5538,66789,0,0,1
96,702915,77,57,47976,28353,20888,6748,6343,5538,66789,0,0,1
81,298999,74,-68,90240,29067,15652,14838,13148,9326,89331,0,0,1
81,298999,74,136,90240,29067,15652,14838,13148,9326,89331,0,0,1
81,298999,74,135,90240,29067,15652,14838,13148,9326,89331,0,0,1
81,298999,74,-21,90240,29067,15652,14838,13148,9326,89331,0,0,1
81,298999,74,81,90240,29067,15652,14838,13148,9326,89331,0,0,1
81,298999,74,35,90240,29067,15652,14838,13148,9326,89331,0,0,1
81,298999,74,53,90240,29067,15652,14838,13148,9326,89331,0,0,1
81,298999,74,43,90240,29067,15652,14838,13148,9326,89331,0,0,1
81,298999,74,86,90240,29067,15652,14838,13148,9326,89331,0,0,1
81,298999,74,284,90240,29067,15652,14838,13148,9326,89331,0,0,1
69,405332,67,71,47616,31206,8558,5968,5316,3410,86046,0,0,1
69,405332,67,24,47616,31206,8558,5968,5316,3410,86046,0,0,1
69,405332,67,6,47616,31206,8558,5968,5316,3410,86046,0,0,1
69,405332,67,-73,47616,31206,8558,5968,5316,3410,86046,0,0,1
69,405332,67,49,47616,31206,8558,5968,5316,3410,86046,0,0,1
69,405332,67,37,47616,31206,8558,5968,5316,3410,86046,0,0,1
69,405332,67,-23,47616,31206,8558,5968,5316,3410,86046,0,0,1
69,405332,67,73,47616,31206,8558,5968,5316,3410,86046,0,0,1
69,405332,67,122,47616,31206,8558,5968,5316,3410,86046,0,0,1
69,405332,67,160,47616,31206,8558,5968,5316,3410,86046,0,0,1
69,858015,83,13,32483,25666,30095,16280,14026,5089,122952,0,0,1
69,858015,83,23,32483,25666,30095,16280,14026,5089,122952,0,0,1
69,858015,83,184,32483,25666,30095,16280,14026,5089,122952,0,0,1
69,858015,83,117,32483,25666,30095,16280,14026,5089,122952,0,0,1
69,858015,83,85,32483,25666,30095,16280,14026,5089,122952,0,0,1
69,858015,83,76,32483,25666,30095,16280,14026,5089,122952,0,0,1
69,858015,83,5,32483,25666,30095,16280,14026,5089,122952,0,0,1
69,858015,83,9,32483,25666,30095,16280,14026,5089,122952,0,0,1
69,858015,83,106,32483,25666,30095,16280,14026,5089,122952,0,0,1
69,858015,83,-29,32483,25666,30095,16280,14026,5089,122952,0,0,1
70,215133,75,65,39888,9981,14467,12236,5155,2092,27078,0,0,1
70,215133,75,96,39888,9981,14467,12236,5155,2092,27078,0,0,1
70,215133,75,23,39888,9981,14467,12236,5155,2092,27078,0,0,1
70,215133,75,67,39888,9981,14467,12236,5155,2092,27078,0,0,1
70,215133,75,86,39888,9981,14467,12236,5155,2092,27078,0,0,1
70,215133,75,151,39888,9981,14467,12236,5155,2092,27078,0,0,1
70,215133,75,72,39888,9981,14467,12236,5155,2092,27078,0,0,1
70,215133,75,49,39888,9981,14467,12236,5155,2092,27078,0,0,1
70,215133,75,-81,39888,9981,14467,12236,5155,2092,27078,0,0,1
70,215133,75,53,39888,9981,14467,12236,5155,2092,27078,0,0,1
66,959147,84,71,44152,36078,6236,4672,5099,2529,86500,0,0,1
66,959147,84,-373,44152,36078,6236,4672,5099,2529,86500,0,0,1
66,959147,84,1652,44152,36078,6236,4672,5099,2529,86500,0,0,1
66,959147,84,294,44152,36078,6236,4672,5099,2529,86500,0,0,1
66,959147,84,81,44152,36078,6236,4672,5099,2529,86500,0,0,1
66,959147,84,-2048,44152,36078,6236,4672,5099,2529,86500,0,0,1
66,959147,84,2045,44152,36078,6236,4672,5099,2529,86500,0,0,1
66,959147,84,2047,44152,36078,6236,4672,5099,2529,86500,0,0,1
66,959147,84,264,44152,36078,6236,4672,5099,2529,86500,0,0,1
66,959147,84,-2048,44152,36078,6236,4672,5099,2529,86500,0,0,1
66,1440984,84,2047,345333,906493,898922,615303,202762,182236,260673,80,0,1
66,1440984,84,1477,345333,906493,898922,615303,202762,182236,260673,80,0,1
66,1440984,84,-2048,345333,906493,898922,615303,202762,182236,260673,80,0,1
66,1440984,84,-2048,345333,906493,898922,615303,202762,182236,260673,80,0,1
66,1440984,84,-2048,345333,906493,898922,615303,202762,182236,260673,80,0,1
66,1440984,84,-2048,345333,906493,898922,615303,202762,182236,260673,80,0,1
66,1440984,84,1635,345333,906493,898922,615303,202762,182236,260673,80,0,1
66,1440984,84,2047,345333,906493,898922,615303,202762,182236,260673,80,0,1
66,1440984,84,2047,345333,906493,898922,615303,202762,182236,260673,80,0,1
66,1440984,84,-2048,345333,906493,898922,615303,202762,182236,260673,80,0,1
66,546765,84,-2048,722239,248999,281957,164630,466498,207366,484979,80,0,1
66,546765,84,2047,722239,248999,281957,164630,466498,207366,484979,80,0,1
66,546765,84,2047,722239,248999,281957,164630,466498,207366,484979,80,0,1
66,546765,84,2047,722239,248999,281957,164630,466498,207366,484979,80,0,1
66,546765,84,-2048,722239,248999,281957,164630,466498,207366,484979,80,0,1
66,546765,84,-2048,722239,248999,281957,164630,466498,207366,484979,80,0,1
66,546765,84,-2048,722239,248999,281957,164630,466498,207366,484979,80,0,1
66,546765,84,-2048,722239,248999,281957,164630,466498,207366,484979,80,0,1
66,546765,84,-1400,722239,248999,281957,164630,466498,207366,484979,80,0,1
66,173112,84,-1900,1788984,581978,382058,144275,785275,105834,556003,80,0,1
66,173112,84,-711,1788984,581978,382058,144275,785275,105834,556003,80,0,1
66,173112,84,-2033,1788984,581978,382058,144275,785275,105834,556003,80,0,1
66,173112,84,1129,1788984,581978,382058,144275,785275,105834,556003,80,0,1
66,173112,84,-227,1788984,581978,382058,144275,785275,105834,556003,80,0,1
66,173112,84,2047,1788984,581978,382058,144275,785275,105834,556003,80,0,1
66,173112,84,709,1788984,581978,382058,144275,785275,105834,556003,80,0,1
66,173112,84,148,1788984,581978,382058,144275,785275,105834,556003,80,0,1
66,173112,84,60,1788984,581978,382058,144275,785275,105834,556003,80,0,1
66,173112,84,48,1788984,581978,382058,144275,785275,105834,556003,80,0,1
66,2462155,84,44,224632,125695,88553,67689,31184,38672,51150,80,0,1
66,2462155,84,44,224632,125695,88553,67689,31184,38672,51150,80,0,1
66,2462155,84,44,224632,125695,88553,67689,31184,38672,51150,80,0,1
66,2462155,84,44,224632,125695,88553,67689,31184,38672,51150,80,0,1
66,2462155,84,45,224632,125695,88553,67689,31184,38672,51150,80,0,1
66,2462155,84,44,224632,125695,88553,67689,31184,38672,51150,80,0,1
66,2462155,84,44,224632,125695,88553,67689,31184,38672,51150,80,0,1
66,2462155,84,2047,224632,125695,88553,67689,31184,38672,51150,80,0,1
66,2462155,84,-2048,224632,125695,88553,67689,31184,38672,51150,80,0,1
66,2462155,84,-2044,224632,125695,88553,67689,31184,38672,51150,80,0,1
0,784623,0,2047,317295,247408,120854,83437,444693,195838,356261,200,0,1
0,784623,0,-1623,317295,247408,120854,83437,444693,195838,356261,200,0,1
0,784623,0,-1997,317295,247408,120854,83437,444693,195838,356261,200,0,1
0,784623,0,-1086,317295,247408,120854,83437,444693,195838,356261,200,0,1
0,784623,0,-129,317295,247408,120854,83437,444693,195838,356261,200,0,1
0,784623,0,1564,317295,247408,120854,83437,444693,195838,356261,200,0,1
0,784623,0,899,317295,247408,120854,83437,444693,195838,356261,200,0,1
0,784623,0,179,317295,247408,120854,83437,444693,195838,356261,200,0,1
0,784623,0,67,317295,247408,120854,83437,444693,195838,356261,200,0,1
0,784623,0,49,317295,247408,120854,83437,444693,195838,356261,200,0,1
0,1996923,0,45,379123,605111,350758,266851,148304,307289,222024,200,0,1
0,1996923,0,45,379123,605111,350758,266851,148304,307289,222024,200,0,1
0,1996923,0,44,379123,605111,350758,266851,148304,307289,222024,200,0,1
0,1996923,0,44,379123,605111,350758,266851,148304,307289,222024,200,0,1
0,1996923,0,45,379123,605111,350758,266851,148304,307289,222024,200,0,1
0,1996923,0,44,379123,605111,350758,266851,148304,307289,222024,200,0,1
0,1996923,0,48,379123,605111,350758,266851,148304,307289,222024,200,0,1
0,1996923,0,49,379123,605111,350758,266851,148304,307289,222024,200,0,1
0,1996923,0,48,379123,605111,350758,266851,148304,307289,222024,200,0,1
0,1996923,0,65,379123,605111,350758,266851,148304,307289,222024,200,0,1
0,17523,0,-211,14716,9805,7428,4082,538,228,9421,200,0,1
0,17523,0,119,14716,9805,7428,4082,538,228,9421,200,0,1
0,17523,0,-90,14716,9805,7428,4082,538,228,9421,200,0,1
0,17523,0,444,14716,9805,7428,4082,538,228,9421,200,0,1
0,17523,0,802,14716,9805,7428,4082,538,228,9421,200,0,1
0,17523,0,881,14716,9805,7428,4082,538,228,9421,200,0,1
0,17523,0,99,14716,9805,7428,4082,538,228,9421,200,0,1
0,17523,0,-971,14716,9805,7428,4082,538,228,9421,200,0,1
0,17523,0,-1288,14716,9805,7428,4082,538,228,9421,200,0,1
0,17523,0,-888,14716,9805,7428,4082,538,228,9421,200,0,1
0,2139870,0,675,1183966,429376,783498,212696,353716,255033,479286,200,0,1
0,2139870,0,-455,1183966,429376,783498,212696,353716,255033,479286,200,0,1
0,2139870,0,1186,1183966,429376,783498,212696,353716,255033,479286,200,0,1
0,2139870,0,-945,1183966,429376,783498,212696,353716,255033,479286,200,0,1
0,2139870,0,-117,1183966,429376,783498,212696,353716,255033,479286,200,0,1
0,2139870,0,971,1183966,429376,783498,212696,353716,255033,479286,200,0,1
0,2139870,0,1297,1183966,429376,783498,212696,353716,255033,479286,200,0,1
0,2139870,0,956,1183966,429376,783498,212696,353716,255033,479286,200,0,1
0,2139870,0,-195,1183966,429376,783498,212696,353716,255033,479286,200,0,1
0,2139870,0,1002,1183966,429376,783498,212696,353716,255033,479286,200,0,1
0,668321,0,1274,239780,99091,172890,135266,82791,133727,314351,200,0,1
0,668321,0,656,239780,99091,172890,135266,82791,133727,314351,200,0,1
0,668321,0,-385,239780,99091,172890,135266,82791,133727,314351,200,0,1
0,668321,0,-631,239780,99091,172890,135266,82791,133727,314351,200,0,1
0,668321,0,-967,239780,99091,172890,135266,82791,133727,314351,200,0,1
0,668321,0,-141,239780,99091,172890,135266,82791,133727,314351,200,0,1
0,668321,0,760,239780,99091,172890,135266,82791,133727,314351,200,0,1
0,668321,0,1210,239780,99091,172890,135266,82791,133727,314351,200,0,1
0,668321,0,1142,239780,99091,172890,135266,82791,133727,314351,200,0,1
0,668321,0,-134,239780,99091,172890,135266,82791,133727,314351,200,0,1
0,2418499,0,305,1120758,419084,552668,718600,466183,727085,970175,200,0,1
0,2418499,0,953,1120758,419084,552668,718600,466183,727085,970175,200,0,1
0,2418499,0,1169,1120758,419084,552668,718600,466183,727085,970175,200,0,1
0,2418499,0,296,1120758,419084,552668,718600,466183,727085,970175,200,0,1
0,2418499,0,-622,1120758,419084,552668,718600,466183,727085,970175,200,0,1
0,2418499,0,-1126,1120758,419084,552668,718600,466183,727085,970175,200,0,1
0,2418499,0,-858,1120758,419084,552668,718600,466183,727085,970175,200,0,1
0,2418499,0,1113,1120758,419084,552668,718600,466183,727085,970175,200,0,1
0,2418499,0,922,1120758,419084,552668,718600,466183,727085,970175,200,0,1
0,2418499,0,1123,1120758,419084,552668,718600,466183,727085,970175,200,0,1
0,2502756,0,-594,2196336,291874,446679,572186,379373,739202,564277,200,0,1
0,2502756,0,490,2196336,291874,446679,572186,379373,739202,564277,200,0,1
0,2502756,0,1044,2196336,291874,446679,572186,379373,739202,564277,200,0,1
0,2502756,0,1014,2196336,291874,446679,572186,379373,739202,564277,200,0,1
0,2502756,0,370,2196336,291874,446679,572186,379373,739202,564277,200,0,1
0,2502756,0,-573,2196336,291874,446679,572186,379373,739202,564277,200,0,1
0,2502756,0,-939,2196336,291874,446679,572186,379373,739202,564277,200,0,1
0,2502756,0,-856,2196336,291874,446679,572186,379373,739202,564277,200,0,1
0,2502756,0,32,2196336,291874,446679,572186,379373,739202,564277,200,0,1
0,2502756,0,983,2196336,291874,446679,572186,379373,739202,564277,200,0,1
0,733583,0,-829,325962,75662,75437,100501,138052,235163,186182,200,0,1
0,733583,0,-865,325962,75662,75437,100501,138052,235163,186182,200,0,1
0,733583,0,-311,325962,75662,75437,100501,138052,235163,186182,200,0,1
0,733583,0,560,325962,75662,75437,100501,138052,235163,186182,200,0,1
0,733583,0,1175,325962,75662,75437,100501,138052,235163,186182,200,0,1
0,733583,0,922,325962,75662,75437,100501,138052,235163,186182,200,0,1
0,733583,0,226,325962,75662,75437,100501,138052,235163,186182,200,0,1
0,733583,0,-711,325962,75662,75437,100501,138052,235163,186182,200,0,1
0,733583,0,-956,325962,75662,75437,100501,138052,235163,186182,200,0,1
0,733583,0,-578,325962,75662,75437,100501,138052,235163,186182,200,0,1
0,924364,0,18,576125,139230,53196,260637,172675,117268,148265,200,0,1
0,924364,0,-620,576125,139230,53196,260637,172675,117268,148265,200,0,1
0,924364,0,-938,576125,139230,53196,260637,172675,117268,148265,200,0,1
0,924364,0,-245,576125,139230,53196,260637,172675,117268,148265,200,0,1
0,924364,0,484,576125,139230,53196,260637,172675,117268,148265,200,0,1
0,924364,0,823,576125,139230,53196,260637,172675,117268,148265,200,0,1
0,924364,0,1333,576125,139230,53196,260637,172675,117268,148265,200,0,1
0,924364,0,534,576125,139230,53196,260637,172675,117268,148265,200,0,1
0,924364,0,-884,576125,139230,53196,260637,172675,117268,148265,200,0,1
0,924364,0,-1096,576125,139230,53196,260637,172675,117268,148265,200,0,1
0,487619,0,1082,301436,24244,116948,76133,41969,82064,135167,200,0,1
0,487619,0,918,301436,24244,116948,76133,41969,82064,135167,200,0,1
0,487619,0,-50,301436,24244,116948,76133,41969,82064,135167,200,0,1
0,487619,0,-828,301436,24244,116948,76133,41969,82064,135167,200,0,1
0,487619,0,-964,301436,24244,116948,76133,41969,82064,135167,200,0,1
0,487619,0,-344,301436,24244,116948,76133,41969,82064,135167,200,0,1
0,487619,0,472,301436,24244,116948,76133,41969,82064,135167,200,0,1
0,487619,0,1041,301436,24244,116948,76133,41969,82064,135167,200,0,1
0,487619,0,945,301436,24244,116948,76133,41969,82064,135167,200,0,1
0,487619,0,146,301436,24244,116948,76133,41969,82064,135167,200,0,1
0,213512,0,726,399862,45729,109904,84706,79301,71835,307109,200,0,1
0,213512,0,917,399862,45729,109904,84706,79301,71835,307109,200,0,1
0,213512,0,714,399862,45729,109904,84706,79301,71835,307109,200,0,1
0,213512,0,-279,399862,45729,109904,84706,79301,71835,307109,200,0,1
0,213512,0,-727,399862,45729,109904,84706,79301,71835,307109,200,0,1
0,213512,0,-734,399862,45729,109904,84706,79301,71835,307109,200,0,1
0,213512,0,-357,399862,45729,109904,84706,79301,71835,307109,200,0,1
0,213512,0,112,399862,45729,109904,84706,79301,71835,307109,200,0,1
0,213512,0,888,399862,45729,109904,84706,79301,71835,307109,200,0,1
0,213512,0,-115,399862,45729,109904,84706,79301,71835,307109,200,0,1
0,217502,0,-737,353713,57521,90554,128310,112917,88963,211808,200,0,1
0,217502,0,171,353713,57521,90554,128310,112917,88963,211808,200,0,1
0,217502,0,936,353713,57521,90554,128310,112917,88963,211808,200,0,1
0,217502,0,890,353713,57521,90554,128310,112917,88963,211808,200,0,1
0,217502,0,416,353713,57521,90554,128310,112917,88963,211808,200,0,1
0,217502,0,-359,353713,57521,90554,128310,112917,88963,211808,200,0,1
0,217502,0,-740,353713,57521,90554,128310,112917,88963,211808,200,0,1
0,217502,0,-990,353713,57521,90554,128310,112917,88963,211808,200,0,1
0,217502,0,-28,353713,57521,90554,128310,112917,88963,211808,200,0,1
0,50327,0,-278,217687,11317,28564,13685,25012,11776,87852,200,0,1
0,50327,0,-787,217687,11317,28564,13685,25012,11776,87852,200,0,1
0,50327,0,709,217687,11317,28564,13685,25012,11776,87852,200,0,1
0,50327,0,155,217687,11317,28564,13685,25012,11776,87852,200,0,1
0,50327,0,713,217687,11317,28564,13685,25012,11776,87852,200,0,1
0,50327,0,837,217687,11317,28564,13685,25012,11776,87852,200,0,1
0,50327,0,460,217687,11317,28564,13685,25012,11776,87852,200,0,1
0,50327,0,-220,217687,11317,28564,13685,25012,11776,87852,200,0,1
0,50327,0,594,217687,11317,28564,13685,25012,11776,87852,200,0,1
0,50327,0,-733,217687,11317,28564,13685,25012,11776,87852,200,0,1
0,383556,0,534,295014,23672,111662,124034,44327,33882,244354,200,0,1
0,383556,0,88,295014,23672,111662,124034,44327,33882,244354,200,0,1
0,383556,0,-430,295014,23672,111662,124034,44327,33882,244354,200,0,1
0,383556,0,-858,295014,23672,111662,124034,44327,33882,244354,200,0,1
0,383556,0,-472,295014,23672,111662,124034,44327,33882,244354,200,0,1
0,383556,0,306,295014,23672,111662,124034,44327,33882,244354,200,0,1
0,383556,0,789,295014,23672,111662,124034,44327,33882,244354,200,0,1
0,383556,0,909,295014,23672,111662,124034,44327,33882,244354,200,0,1
0,383556,0,290,295014,23672,111662,124034,44327,33882,244354,200,0,1
0,383556,0,-547,295014,23672,111662,124034,44327,33882,244354,200,0,1
0,763280,0,1081,255120,43069,77840,85866,82516,52176,243911,200,0,1
0,763280,0,906,255120,43069,77840,85866,82516,52176,243911,200,0,1
0,763280,0,-1,255120,43069,77840,85866,82516,52176,243911,200,0,1
0,763280,0,-530,255120,43069,77840,85866,82516,52176,243911,200,0,1
0,763280,0,-635,255120,43069,77840,85866,82516,52176,243911,200,0,1
0,763280,0,-475,255120,43069,77840,85866,82516,52176,243911,200,0,1
0,763280,0,332,255120,43069,77840,85866,82516,52176,243911,200,0,1
0,763280,0,716,255120,43069,77840,85866,82516,52176,243911,200,0,1
0,763280,0,764,255120,43069,77840,85866,82516,52176,243911,200,0,1
0,763280,0,261,255120,43069,77840,85866,82516,52176,243911,200,0,1
0,480459,0,-5,318936,11095,101945,37691,97453,24214,480753,200,0,1
0,480459,0,680,318936,11095,101945,37691,97453,24214,480753,200,0,1
0,480459,0,785,318936,11095,101945,37691,97453,24214,480753,200,0,1
0,480459,0,483,318936,11095,101945,37691,97453,24214,480753,200,0,1
0,480459,0,-25,318936,11095,101945,37691,97453,24214,480753,200,0,1
0,480459,0,-422,318936,11095,101945,37691,97453,24214,480753,200,0,1
0,480459,0,-812,318936,11095,101945,37691,97453,24214,480753,200,0,1
0,480459,0,-215,318936,11095,101945,37691,97453,24214,480753,200,0,1
0,480459,0,771,318936,11095,101945,37691,97453,24214,480753,200,0,1
0,480459,0,1030,318936,11095,101945,37691,97453,24214,480753,200,0,1
0,263598,0,-568,168646,15802,144448,11245,123040,3893,642277,200,0,1
0,263598,0,-131,168646,15802,144448,11245,123040,3893,642277,200,0,1
0,263598,0,470,168646,15802,144448,11245,123040,3893,642277,200,0,1
0,263598,0,710,168646,15802,144448,11245,123040,3893,642277,200,0,1
0,263598,0,534,168646,15802,144448,11245,123040,3893,642277,200,0,1
0,263598,0,-228,168646,15802,144448,11245,123040,3893,642277,200,0,1
0,263598,0,-652,168646,15802,144448,11245,123040,3893,642277,200,0,1
0,263598,0,-630,168646,15802,144448,11245,123040,3893,642277,200,0,1
0,263598,0,-203,168646,15802,144448,11245,123040,3893,642277,200,0,1
0,263598,0,489,168646,15802,144448,11245,123040,3893,642277,200,0,1
0,490483,0,-410,317930,27462,262238,4223,121313,1088,756141,200,0,1
0,490483,0,-491,317930,27462,262238,4223,121313,1088,756141,200,0,1
0,490483,0,-169,317930,27462,262238,4223,121313,1088,756141,200,0,1
0,490483,0,277,317930,27462,262238,4223,121313,1088,756141,200,0,1
0,490483,0,707,317930,27462,262238,4223,121313,1088,756141,200,0,1
0,490483,0,801,317930,27462,262238,4223,121313,1088,756141,200,0,1
0,490483,0,771,317930,27462,262238,4223,121313,1088,756141,200,0,1
0,490483,0,-214,317930,27462,262238,4223,121313,1088,756141,200,0,1
0,490483,0,-817,317930,27462,262238,4223,121313,1088,756141,200,0,1
0,490483,0,-84,317930,27462,262238,4223,121313,1088,756141,200,0,1
0,207410,0,448,167140,8110,153748,3438,146286,3307,683506,200,0,1
0,207410,0,-297,167140,8110,153748,3438,146286,3307,683506,200,0,1
0,207410,0,-89,167140,8110,153748,3438,146286,3307,683506,200,0,1
0,207410,0,-617,167140,8110,153748,3438,146286,3307,683506,200,0,1
0,207410,0,-134,167140,8110,153748,3438,146286,3307,683506,200,0,1
0,207410,0,800,167140,8110,153748,3438,146286,3307,683506,200,0,1
0,207410,0,786,167140,8110,153748,3438,146286,3307,683506,200,0,1
0,207410,0,481,167140,8110,153748,3438,146286,3307,683506,200,0,1
0,207410,0,-593,167140,8110,153748,3438,146286,3307,683506,200,0,1
0,207410,0,-552,167140,8110,153748,3438,146286,3307,683506,200,0,1
0,37996,0,809,50687,4421,35541,4129,26176,2077,133824,200,0,1
0,37996,0,513,50687,4421,35541,4129,26176,2077,133824,200,0,1
0,37996,0,103,50687,4421,35541,4129,26176,2077,133824,200,0,1
0,37996,0,-443,50687,4421,35541,4129,26176,2077,133824,200,0,1
0,37996,0,-553,50687,4421,35541,4129,26176,2077,133824,200,0,1
0,37996,0,-346,50687,4421,35541,4129,26176,2077,133824,200,0,1
0,37996,0,198,50687,4421,35541,4129,26176,2077,133824,200,0,1
0,37996,0,631,50687,4421,35541,4129,26176,2077,133824,200,0,1
0,37996,0,532,50687,4421,35541,4129,26176,2077,133824,200,0,1
0,37996,0,120,50687,4421,35541,4129,26176,2077,133824,200,0,1
0,125625,0,362,586024,27848,105971,11571,87860,12914,455880,200,0,1
0,125625,0,380,586024,27848,105971,11571,87860,12914,455880,200,0,1
0,125625,0,600,586024,27848,105971,11571,87860,12914,455880,200,0,1
0,125625,0,61,586024,27848,105971,11571,87860,12914,455880,200,0,1
0,125625,0,-404,586024,27848,105971,11571,87860,12914,455880,200,0,1
0,125625,0,-610,586024,27848,105971,11571,87860,12914,455880,200,0,1
0,125625,0,-378,586024,27848,105971,11571,87860,12914,455880,200,0,1
0,125625,0,-161,586024,27848,105971,11571,87860,12914,455880,200,0,1
0,125625,0,-186,586024,27848,105971,11571,87860,12914,455880,200,0,1
0,125625,0,609,586024,27848,105971,11571,87860,12914,455880,200,0,1
0,414962,0,529,648187,14525,183246,4579,116569,4664,541565,200,0,1
0,414962,0,65,648187,14525,183246,4579,116569,4664,541565,200,0,1
0,414962,0,375,648187,14525,183246,4579,116569,4664,541565,200,0,1
0,414962,0,634,648187,14525,183246,4579,116569,4664,541565,200,0,1
0,414962,0,456,648187,14525,183246,4579,116569,4664,541565,200,0,1
0,414962,0,-87,648187,14525,183246,4579,116569,4664,541565,200,0,1
0,414962,0,-513,648187,14525,183246,4579,116569,4664,541565,200,0,1
0,414962,0,-563,648187,14525,183246,4579,116569,4664,541565,200,0,1
0,414962,0,-139,648187,14525,183246,4579,116569,4664,541565,200,0,1
0,414962,0,372,648187,14525,183246,4579,116569,4664,541565,200,0,1
0,28848,0,-517,749623,7339,138817,1557,108691,1399,565782,200,0,1
0,28848,0,-386,749623,7339,138817,1557,108691,1399,565782,200,0,1
0,28848,0,130,749623,7339,138817,1557,108691,1399,565782,200,0,1
0,28848,0,368,749623,7339,138817,1557,108691,1399,565782,200,0,1
0,28848,0,618,749623,7339,138817,1557,108691,1399,565782,200,0,1
0,28848,0,451,749623,7339,138817,1557,108691,1399,565782,200,0,1
0,28848,0,-115,749623,7339,138817,1557,108691,1399,565782,200,0,1
0,28848,0,-554,749623,7339,138817,1557,108691,1399,565782,200,0,1
0,28848,0,-309,749623,7339,138817,1557,108691,1399,565782,200,0,1
0,28848,0,-122,749623,7339,138817,1557,108691,1399,565782,200,0,1
0,30240,0,213,76597,1943,31684,1950,22669,1600,109589,200,0,1
0,30240,0,-291,76597,1943,31684,1950,22669,1600,109589,200,0,1
0,30240,0,-567,76597,1943,31684,1950,22669,1600,109589,200,0,1
0,30240,0,-364,76597,1943,31684,1950,22669,1600,109589,200,0,1
0,30240,0,192,76597,1943,31684,1950,22669,1600,109589,200,0,1
0,30240,0,548,76597,1943,31684,1950,22669,1600,109589,200,0,1
0,30240,0,745,76597,1943,31684,1950,22669,1600,109589,200,0,1
0,30240,0,230,76597,1943,31684,1950,22669,1600,109589,200,0,1
0,30240,0,-324,76597,1943,31684,1950,22669,1600,109589,200,0,1
0,30240,0,-503,76597,1943,31684,1950,22669,1600,109589,200,0,1
0,426404,0,609,242857,4594,134523,1413,116259,921,533224,200,0,1
0,426404,0,35,242857,4594,134523,1413,116259,921,533224,200,0,1
0,426404,0,-321,242857,4594,134523,1413,116259,921,533224,200,0,1
0,426404,0,-524,242857,4594,134523,1413,116259,921,533224,200,0,1
0,426404,0,-331,242857,4594,134523,1413,116259,921,533224,200,0,1
0,426404,0,149,242857,4594,134523,1413,116259,921,533224,200,0,1
0,426404,0,-155,242857,4594,134523,1413,116259,921,533224,200,0,1
0,426404,0,660,242857,4594,134523,1413,116259,921,533224,200,0,1
0,426404,0,384,242857,4594,134523,1413,116259,921,533224,200,0,1
0,426404,0,-444,242857,4594,134523,1413,116259,921,533224,200,0,1
0,44285,0,390,63222,3661,36252,656,22052,235,128106,200,0,1
0,44285,0,722,63222,3661,36252,656,22052,235,128106,200,0,1
0,44285,0,563,63222,3661,36252,656,22052,235,128106,200,0,1
0,44285,0,50,63222,3661,36252,656,22052,235,128106,200,0,1
0,44285,0,-531,63222,3661,36252,656,22052,235,128106,200,0,1
0,44285,0,-585,63222,3661,36252,656,22052,235,128106,200,0,1
0,44285,0,-337,63222,3661,36252,656,22052,235,128106,200,0,1
0,44285,0,304,63222,3661,36252,656,22052,235,128106,200,0,1
0,44285,0,587,63222,3661,36252,656,22052,235,128106,200,0,1
0,131302,0,-492,279117,3329,126780,2798,77004,1665,485260,200,0,1
0,131302,0,-149,279117,3329,126780,2798,77004,1665,485260,200,0,1
0,131302,0,397,279117,3329,126780,2798,77004,1665,485260,200,0,1
0,131302,0,520,279117,3329,126780,2798,77004,1665,485260,200,0,1
0,131302,0,665,279117,3329,126780,2798,77004,1665,485260,200,0,1
0,131302,0,313,279117,3329,126780,2798,77004,1665,485260,200,0,1
0,131302,0,-540,279117,3329,126780,2798,77004,1665,485260,200,0,1
0,131302,0,-578,279117,3329,126780,2798,77004,1665,485260,200,0,1
0,131302,0,-294,279117,3329,126780,2798,77004,1665,485260,200,0,1
0,131302,0,39,279117,3329,126780,2798,77004,1665,485260,200,0,1
0,205222,0,-532,287287,3523,118103,868,89981,1676,467844,200,0,1
0,205222,0,-507,287287,3523,118103,868,89981,1676,467844,200,0,1
0,205222,0,-421,287287,3523,118103,868,89981,1676,467844,200,0,1
0,205222,0,75,287287,3523,118103,868,89981,1676,467844,200,0,1
0,205222,0,507,287287,3523,118103,868,89981,1676,467844,200,0,1
0,205222,0,628,287287,3523,118103,868,89981,1676,467844,200,0,1
0,205222,0,429,287287,3523,118103,868,89981,1676,467844,200,0,1
0,205222,0,-122,287287,3523,118103,868,89981,1676,467844,200,0,1
0,205222,0,-419,287287,3523,118103,868,89981,1676,467844,200,0,1
0,205222,0,-294,287287,3523,118103,868,89981,1676,467844,200,0,1
0,353523,0,196,269862,8858,134608,2785,86859,1147,455113,200,0,1
0,353523,0,-632,269862,8858,134608,2785,86859,1147,455113,200,0,1
0,353523,0,-599,269862,8858,134608,2785,86859,1147,455113,200,0,1
0,353523,0,-418,269862,8858,134608,2785,86859,1147,455113,200,0,1
0,353523,0,-76,269862,8858,134608,2785,86859,1147,455113,200,0,1
0,353523,0,583,269862,8858,134608,2785,86859,1147,455113,200,0,1
0,353523,0,632,269862,8858,134608,2785,86859,1147,455113,200,0,1
0,353523,0,507,269862,8858,134608,2785,86859,1147,455113,200,0,1
0,353523,0,-51,269862,8858,134608,2785,86859,1147,455113,200,0,1
0,353523,0,-446,269862,8858,134608,2785,86859,1147,455113,200,0,1
0,64235,0,538,299618,8737,127819,5252,68199,1606,431038,200,0,1
0,64235,0,508,299618,8737,127819,5252,68199,1606,431038,200,0,1
0,64235,0,-162,299618,8737,127819,5252,68199,1606,431038,200,0,1
0,64235,0,-281,299618,8737,127819,5252,68199,1606,431038,200,0,1
0,64235,0,-283,299618,8737,127819,5252,68199,1606,431038,200,0,1
0,64235,0,-347,299618,8737,127819,5252,68199,1606,431038,200,0,1
0,64235,0,293,299618,8737,127819,5252,68199,1606,431038,200,0,1
0,64235,0,549,299618,8737,127819,5252,68199,1606,431038,200,0,1
0,64235,0,556,299618,8737,127819,5252,68199,1606,431038,200,0,1
0,64235,0,292,299618,8737,127819,5252,68199,1606,431038,200,0,1
0,75374,0,114,333067,4783,113132,2055,80262,3024,408463,200,0,1
0,75374,0,449,333067,4783,113132,2055,80262,3024,408463,200,0,1
0,75374,0,570,333067,4783,113132,2055,80262,3024,408463,200,0,1
0,75374,0,243,333067,4783,113132,2055,80262,3024,408463,200,0,1
0,75374,0,-188,333067,4783,113132,2055,80262,3024,408463,200,0,1
0,75374,0,-425,333067,4783,113132,2055,80262,3024,408463,200,0,1
0,75374,0,-338,333067,4783,113132,2055,80262,3024,408463,200,0,1
0,75374,0,57,333067,4783,113132,2055,80262,3024,408463,200,0,1
0,75374,0,456,333067,4783,113132,2055,80262,3024,408463,200,0,1
0,75374,0,579,333067,4783,113132,2055,80262,3024,408463,200,0,1
0,595733,0,-581,1223143,22554,442094,5189,269290,5121,1576972,200,0,1
0,595733,0,-142,1223143,22554,442094,5189,269290,5121,1576972,200,0,1
0,595733,0,329,1223143,22554,442094,5189,269290,5121,1576972,200,0,1
0,595733,0,627,1223143,22554,442094,5189,269290,5121,1576972,200,0,1
0,595733,0,487,1223143,22554,442094,5189,269290,5121,1576972,200,0,1
0,595733,0,241,1223143,22554,442094,5189,269290,5121,1576972,200,0,1
0,595733,0,-259,1223143,22554,442094,5189,269290,5121,1576972,200,0,1
0,595733,0,-502,1223143,22554,442094,5189,269290,5121,1576972,200,0,1
0,595733,0,-3,1223143,22554,442094,5189,269290,5121,1576972,200,0,1
0,595733,0,278,1223143,22554,442094,5189,269290,5121,1576972,200,0,1
0,147542,0,-414,117664,3897,91783,1136,82458,607,360341,200,0,1
0,147542,0,178,117664,3897,91783,1136,82458,607,360341,200,0,1
0,147542,0,-36,117664,3897,91783,1136,82458,607,360341,200,0,1
0,147542,0,289,117664,3897,91783,1136,82458,607,360341,200,0,1
0,147542,0,545,117664,3897,91783,1136,82458,607,360341,200,0,1
0,147542,0,471,117664,3897,91783,1136,82458,607,360341,200,0,1
0,147542,0,40,117664,3897,91783,1136,82458,607,360341,200,0,1
0,147542,0,-211,117664,3897,91783,1136,82458,607,360341,200,0,1
0,147542,0,-299,117664,3897,91783,1136,82458,607,360341,200,0,1
0,147542,0,-131,117664,3897,91783,1136,82458,607,360341,200,0,1
0,86580,0,308,101112,2907,69634,1402,52267,406,299058,200,0,1
0,86580,0,-163,101112,2907,69634,1402,52267,406,299058,200,0,1
0,86580,0,-504,101112,2907,69634,1402,52267,406,299058,200,0,1
0,86580,0,-375,101112,2907,69634,1402,52267,406,299058,200,0,1
0,86580,0,-172,101112,2907,69634,1402,52267,406,299058,200,0,1
0,86580,0,353,101112,2907,69634,1402,52267,406,299058,200,0,1
0,86580,0,531,101112,2907,69634,1402,52267,406,299058,200,0,1
0,86580,0,433,101112,2907,69634,1402,52267,406,299058,200,0,1
0,86580,0,-10,101112,2907,69634,1402,52267,406,299058,200,0,1
0,86580,0,-343,101112,2907,69634,1402,52267,406,299058,200,0,1
0,119216,0,472,155523,3459,88256,1610,52736,387,294607,200,0,1
0,119216,0,208,155523,3459,88256,1610,52736,387,294607,200,0,1
0,119216,0,-197,155523,3459,88256,1610,52736,387,294607,200,0,1
0,119216,0,-433,155523,3459,88256,1610,52736,387,294607,200,0,1
0,119216,0,-189,155523,3459,88256,1610,52736,387,294607,200,0,1
0,119216,0,-65,155523,3459,88256,1610,52736,387,294607,200,0,1
0,119216,0,234,155523,3459,88256,1610,52736,387,294607,200,0,1
0,119216,0,443,155523,3459,88256,1610,52736,387,294607,200,0,1
0,119216,0,296,155523,3459,88256,1610,52736,387,294607,200,0,1
0,119216,0,-104,155523,3459,88256,1610,52736,387,294607,200,0,1
0,399751,0,213,808197,8328,295625,4148,202104,3070,1126617,200,0,1
0,399751,0,437,808197,8328,295625,4148,202104,3070,1126617,200,0,1
0,399751,0,449,808197,8328,295625,4148,202104,3070,1126617,200,0,1
0,399751,0,178,808197,8328,295625,4148,202104,3070,1126617,200,0,1
0,399751,0,-184,808197,8328,295625,4148,202104,3070,1126617,200,0,1
0,399751,0,179,808197,8328,295625,4148,202104,3070,1126617,200,0,1
0,399751,0,-161,808197,8328,295625,4148,202104,3070,1126617,200,0,1
0,399751,0,151,808197,8328,295625,4148,202104,3070,1126617,200,0,1
0,399751,0,518,808197,8328,295625,4148,202104,3070,1126617,200,0,1
0,399751,0,566,808197,8328,295625,4148,202104,3070,1126617,200,0,1
0,266311,0,-275,923544,4375,306590,6932,173370,4416,1128015,200,0,1
0,266311,0,36,923544,4375,306590,6932,173370,4416,1128015,200,0,1
0,266311,0,405,923544,4375,306590,6932,173370,4416,1128015,200,0,1
0,266311,0,474,923544,4375,306590,6932,173370,4416,1128015,200,0,1
0,266311,0,279,923544,4375,306590,6932,173370,4416,1128015,200,0,1
0,266311,0,426,923544,4375,306590,6932,173370,4416,1128015,200,0,1
0,266311,0,-322,923544,4375,306590,6932,173370,4416,1128015,200,0,1
0,266311,0,-244,923544,4375,306590,6932,173370,4416,1128015,200,0,1
0,266311,0,90,923544,4375,306590,6932,173370,4416,1128015,200,0,1
0,266311,0,379,923544,4375,306590,6932,173370,4416,1128015,200,0,1
0,1701380,0,-373,311820,92400,191935,5596,196200,3330,1116558,200,0,1
0,1701380,0,-323,311820,92400,191935,5596,196200,3330,1116558,200,0,1
0,1701380,0,26,311820,92400,191935,5596,196200,3330,1116558,200,0,1
0,1701380,0,241,311820,92400,191935,5596,196200,3330,1116558,200,0,1
0,1701380,0,370,311820,92400,191935,5596,196200,3330,1116558,200,0,1
0,1701380,0,360,311820,92400,191935,5596,196200,3330,1116558,200,0,1
0,1701380,0,76,311820,92400,191935,5596,196200,3330,1116558,200,0,1
0,1701380,0,-232,311820,92400,191935,5596,196200,3330,1116558,200,0,1
0,1701380,0,-312,311820,92400,191935,5596,196200,3330,1116558,200,0,1
0,1701380,0,-180,311820,92400,191935,5596,196200,3330,1116558,200,0,1
0,882126,0,-29,839347,13335,287218,3388,240481,3276,1090610,200,0,1
0,882126,0,-278,839347,13335,287218,3388,240481,3276,1090610,200,0,1
0,882126,0,-387,839347,13335,287218,3388,240481,3276,1090610,200,0,1
0,882126,0,-27,839347,13335,287218,3388,240481,3276,1090610,200,0,1
0,882126,0,274,839347,13335,287218,3388,240481,3276,1090610,200,0,1
0,882126,0,523,839347,13335,287218,3388,240481,3276,1090610,200,0,1
0,882126,0,263,839347,13335,287218,3388,240481,3276,1090610,200,0,1
0,882126,0,-36,839347,13335,287218,3388,240481,3276,1090610,200,0,1
0,882126,0,-305,839347,13335,287218,3388,240481,3276,1090610,200,0,1
0,882126,0,-440,839347,13335,287218,3388,240481,3276,1090610,200,0,1
0,124561,0,407,208990,879,63062,771,44835,768,244017,200,0,1
0,124561,0,249,208990,879,63062,771,44835,768,244017,200,0,1
0,124561,0,-150,208990,879,63062,771,44835,768,244017,200,0,1
0,124561,0,-330,208990,879,63062,771,44835,768,244017,200,0,1
0,124561,0,-251,208990,879,63062,771,44835,768,244017,200,0,1
0,124561,0,160,208990,879,63062,771,44835,768,244017,200,0,1
0,124561,0,418,208990,879,63062,771,44835,768,244017,200,0,1
0,124561,0,420,208990,879,63062,771,44835,768,244017,200,0,1
0,124561,0,296,208990,879,63062,771,44835,768,244017,200,0,1
0,248638,0,-228,721915,8460,214088,2416,185150,5076,934477,200,0,1
0,248638,0,352,721915,8460,214088,2416,185150,5076,934477,200,0,1
0,248638,0,358,721915,8460,214088,2416,185150,5076,934477,200,0,1
0,248638,0,88,721915,8460,214088,2416,185150,5076,934477,200,0,1
0,248638,0,-278,721915,8460,214088,2416,185150,5076,934477,200,0,1
0,248638,0,-306,721915,8460,214088,2416,185150,5076,934477,200,0,1
0,248638,0,-187,721915,8460,214088,2416,185150,5076,934477,200,0,1
0,248638,0,155,721915,8460,214088,2416,185150,5076,934477,200,0,1
0,248638,0,441,721915,8460,214088,2416,185150,5076,934477,200,0,1
0,248638,0,453,721915,8460,214088,2416,185150,5076,934477,200,0,1
0,528749,0,-318,830152,19908,285616,2189,182779,2216,952246,200,0,1
0,528749,0,-57,830152,19908,285616,2189,182779,2216,952246,200,0,1
0,528749,0,402,830152,19908,285616,2189,182779,2216,952246,200,0,1
0,528749,0,389,830152,19908,285616,2189,182779,2216,952246,200,0,1
0,528749,0,498,830152,19908,285616,2189,182779,2216,952246,200,0,1
0,528749,0,214,830152,19908,285616,2189,182779,2216,952246,200,0,1
0,528749,0,-364,830152,19908,285616,2189,182779,2216,952246,200,0,1
0,528749,0,-333,830152,19908,285616,2189,182779,2216,952246,200,0,1
0,528749,0,-136,830152,19908,285616,2189,182779,2216,952246,200,0,1
0,528749,0,298,830152,19908,285616,2189,182779,2216,952246,200,0,1
0,87564,0,-610,107373,4350,71621,2258,36927,754,228973,200,0,1
0,87564,0,-343,107373,4350,71621,2258,36927,754,228973,200,0,1
0,87564,0,163,107373,4350,71621,2258,36927,754,228973,200,0,1
0,87564,0,393,107373,4350,71621,2258,36927,754,228973,200,0,1
0,87564,0,483,107373,4350,71621,2258,36927,754,228973,200,0,1
0,87564,0,472,107373,4350,71621,2258,36927,754,228973,200,0,1
0,87564,0,-53,107373,4350,71621,2258,36927,754,228973,200,0,1
0,87564,0,-259,107373,4350,71621,2258,36927,754,228973,200,0,1
0,87564,0,-293,107373,4350,71621,2258,36927,754,228973,200,0,1
0,87564,0,-205,107373,4350,71621,2258,36927,754,228973,200,0,1
0,274809,0,-218,864398,53040,155925,2430,176212,4737,828883,200,0,1
0,274809,0,164,864398,53040,155925,2430,176212,4737,828883,200,0,1
0,274809,0,-106,864398,53040,155925,2430,176212,4737,828883,200,0,1
0,274809,0,312,864398,53040,155925,2430,176212,4737,828883,200,0,1
0,274809,0,187,864398,53040,155925,2430,176212,4737,828883,200,0,1
0,274809,0,397,864398,53040,155925,2430,176212,4737,828883,200,0,1
0,274809,0,439,864398,53040,155925,2430,176212,4737,828883,200,0,1
0,274809,0,250,864398,53040,155925,2430,176212,4737,828883,200,0,1
0,274809,0,-168,864398,53040,155925,2430,176212,4737,828883,200,0,1
0,274809,0,-327,864398,53040,155925,2430,176212,4737,828883,200,0,1
0,333072,0,357,352084,7010,222496,1357,184950,2122,887373,200,0,1
0,333072,0,185,352084,7010,222496,1357,184950,2122,887373,200,0,1
0,333072,0,-109,352084,7010,222496,1357,184950,2122,887373,200,0,1
0,333072,0,-308,352084,7010,222496,1357,184950,2122,887373,200,0,1
0,333072,0,-131,352084,7010,222496,1357,184950,2122,887373,200,0,1
0,333072,0,121,352084,7010,222496,1357,184950,2122,887373,200,0,1
0,333072,0,393,352084,7010,222496,1357,184950,2122,887373,200,0,1
0,333072,0,322,352084,7010,222496,1357,184950,2122,887373,200,0,1
0,333072,0,136,352084,7010,222496,1357,184950,2122,887373,200,0,1
0,333072,0,-97,352084,7010,222496,1357,184950,2122,887373,200,0,1
0,1321750,0,384,517565,119252,102408,2583,150686,2620,804259,200,0,1
0,1321750,0,444,517565,119252,102408,2583,150686,2620,804259,200,0,1
0,1321750,0,338,517565,119252,102408,2583,150686,2620,804259,200,0,1
0,1321750,0,279,517565,119252,102408,2583,150686,2620,804259,200,0,1
0,1321750,0,-273,517565,119252,102408,2583,150686,2620,804259,200,0,1
0,1321750,0,-347,517565,119252,102408,2583,150686,2620,804259,200,0,1
0,1321750,0,-99,517565,119252,102408,2583,150686,2620,804259,200,0,1
0,1321750,0,245,517565,119252,102408,2583,150686,2620,804259,200,0,1
0,1321750,0,505,517565,119252,102408,2583,150686,2620,804259,200,0,1
0,1321750,0,299,517565,119252,102408,2583,150686,2620,804259,200,0,1
0,356806,0,-7,594453,5513,213170,1582,164507,3580,795068,200,0,1
0,356806,0,236,594453,5513,213170,1582,164507,3580,795068,200,0,1
0,356806,0,374,594453,5513,213170,1582,164507,3580,795068,200,0,1
0,356806,0,292,594453,5513,213170,1582,164507,3580,795068,200,0,1
0,356806,0,-109,594453,5513,213170,1582,164507,3580,795068,200,0,1
0,356806,0,-342,594453,5513,213170,1582,164507,3580,795068,200,0,1
0,356806,0,-310,594453,5513,213170,1582,164507,3580,795068,200,0,1
0,356806,0,-20,594453,5513,213170,1582,164507,3580,795068,200,0,1
0,356806,0,278,594453,5513,213170,1582,164507,3580,795068,200,0,1
0,356806,0,453,594453,5513,213170,1582,164507,3580,795068,200,0,1
0,1132617,0,-305,361478,41861,185800,4252,168005,1874,775440,200,0,1
0,1132617,0,-174,361478,41861,185800,4252,168005,1874,775440,200,0,1
0,1132617,0,101,361478,41861,185800,4252,168005,1874,775440,200,0,1
0,1132617,0,360,361478,41861,185800,4252,168005,1874,775440,200,0,1
0,1132617,0,267,361478,41861,185800,4252,168005,1874,775440,200,0,1
0,1132617,0,168,361478,41861,185800,4252,168005,1874,775440,200,0,1
0,1132617,0,-116,361478,41861,185800,4252,168005,1874,775440,200,0,1
0,1132617,0,-385,361478,41861,185800,4252,168005,1874,775440,200,0,1
0,1132617,0,-228,361478,41861,185800,4252,168005,1874,775440,200,0,1
0,1132617,0,18,361478,41861,185800,4252,168005,1874,775440,200,0,1
0,1066372,0,-306,643102,34066,94979,3117,139473,1804,743652,200,0,1
0,1066372,0,-267,643102,34066,94979,3117,139473,1804,743652,200,0,1
0,1066372,0,-200,643102,34066,94979,3117,139473,1804,743652,200,0,1
0,1066372,0,-283,643102,34066,94979,3117,139473,1804,743652,200,0,1
0,1066372,0,451,643102,34066,94979,3117,139473,1804,743652,200,0,1
0,1066372,0,520,643102,34066,94979,3117,139473,1804,743652,200,0,1
0,1066372,0,113,643102,34066,94979,3117,139473,1804,743652,200,0,1
0,1066372,0,-51,643102,34066,94979,3117,139473,1804,743652,200,0,1
0,1066372,0,-316,643102,34066,94979,3117,139473,1804,743652,200,0,1
0,1066372,0,-119,643102,34066,94979,3117,139473,1804,743652,200,0,1
0,315498,0,256,333701,142356,14849,2465,116379,4337,726293,200,0,1
0,315498,0,85,333701,142356,14849,2465,116379,4337,726293,200,0,1
0,315498,0,-350,333701,142356,14849,2465,116379,4337,726293,200,0,1
0,315498,0,-321,333701,142356,14849,2465,116379,4337,726293,200,0,1
0,315498,0,-60,333701,142356,14849,2465,116379,4337,726293,200,0,1
0,315498,0,275,333701,142356,14849,2465,116379,4337,726293,200,0,1
0,315498,0,342,333701,142356,14849,2465,116379,4337,726293,200,0,1
0,315498,0,250,333701,142356,14849,2465,116379,4337,726293,200,0,1
0,315498,0,-168,333701,142356,14849,2465,116379,4337,726293,200,0,1
0,315498,0,-202,333701,142356,14849,2465,116379,4337,726293,200,0,1
0,274168,0,486,563134,128233,70334,4016,120194,1477,741494,200,0,1
0,274168,0,292,563134,128233,70334,4016,120194,1477,741494,200,0,1
0,274168,0,-134,563134,128233,70334,4016,120194,1477,741494,200,0,1
0,274168,0,379,563134,128233,70334,4016,120194,1477,741494,200,0,1
0,274168,0,-259,563134,128233,70334,4016,120194,1477,741494,200,0,1
0,274168,0,-35,563134,128233,70334,4016,120194,1477,741494,200,0,1
0,274168,0,240,563134,128233,70334,4016,120194,1477,741494,200,0,1
0,274168,0,417,563134,128233,70334,4016,120194,1477,741494,200,0,1
0,274168,0,368,563134,128233,70334,4016,120194,1477,741494,200,0,1
0,274168,0,-235,563134,128233,70334,4016,120194,1477,741494,200,0,1
0,146137,0,101,881022,8412,200697,2066,130246,1543,735041,200,0,1
0,146137,0,25,881022,8412,200697,2066,130246,1543,735041,200,0,1
0,146137,0,385,881022,8412,200697,2066,130246,1543,735041,200,0,1
0,146137,0,-23,881022,8412,200697,2066,130246,1543,735041,200,0,1
0,146137,0,-251,881022,8412,200697,2066,130246,1543,735041,200,0,1
0,146137,0,-299,881022,8412,200697,2066,130246,1543,735041,200,0,1
0,146137,0,-131,881022,8412,200697,2066,130246,1543,735041,200,0,1
0,146137,0,166,881022,8412,200697,2066,130246,1543,735041,200,0,1
0,146137,0,409,881022,8412,200697,2066,130246,1543,735041,200,0,1
0,296419,0,-259,425622,45864,127680,3258,122398,1233,676796,200,0,1
0,296419,0,-84,425622,45864,127680,3258,122398,1233,676796,200,0,1
0,296419,0,218,425622,45864,127680,3258,122398,1233,676796,200,0,1
0,296419,0,386,425622,45864,127680,3258,122398,1233,676796,200,0,1
0,296419,0,329,425622,45864,127680,3258,122398,1233,676796,200,0,1
0,296419,0,240,425622,45864,127680,3258,122398,1233,676796,200,0,1
0,296419,0,-284,425622,45864,127680,3258,122398,1233,676796,200,0,1
0,296419,0,-391,425622,45864,127680,3258,122398,1233,676796,200,0,1
0,296419,0,-222,425622,45864,127680,3258,122398,1233,676796,200,0,1
0,296419,0,189,425622,45864,127680,3258,122398,1233,676796,200,0,1
0,450085,0,-71,372453,15893,180466,3381,143883,1090,677181,200,0,1
0,450085,0,-394,372453,15893,180466,3381,143883,1090,677181,200,0,1
0,450085,0,-264,372453,15893,180466,3381,143883,1090,677181,200,0,1
0,450085,0,171,372453,15893,180466,3381,143883,1090,677181,200,0,1
0,450085,0,324,372453,15893,180466,3381,143883,1090,677181,200,0,1
0,450085,0,404,372453,15893,180466,3381,143883,1090,677181,200,0,1
0,450085,0,246,372453,15893,180466,3381,143883,1090,677181,200,0,1
0,450085,0,-73,372453,15893,180466,3381,143883,1090,677181,200,0,1
0,450085,0,-262,372453,15893,180466,3381,143883,1090,677181,200,0,1
0,450085,0,-106,372453,15893,180466,3381,143883,1090,677181,200,0,1
0,759851,0,104,253059,33511,84961,6537,58147,1571,646648,200,0,1
0,759851,0,-194,253059,33511,84961,6537,58147,1571,646648,200,0,1
0,759851,0,-375,253059,33511,84961,6537,58147,1571,646648,200,0,1
0,759851,0,-136,253059,33511,84961,6537,58147,1571,646648,200,0,1
0,759851,0,59,253059,33511,84961,6537,58147,1571,646648,200,0,1
0,759851,0,381,253059,33511,84961,6537,58147,1571,646648,200,0,1
0,759851,0,228,253059,33511,84961,6537,58147,1571,646648,200,0,1
0,759851,0,176,253059,33511,84961,6537,58147,1571,646648,200,0,1
0,759851,0,-51,253059,33511,84961,6537,58147,1571,646648,200,0,1
0,759851,0,-153,253059,33511,84961,6537,58147,1571,646648,200,0,1
0,541829,0,372,473425,20173,122781,1716,114348,3379,592371,200,0,1
0,541829,0,-172,473425,20173,122781,1716,114348,3379,592371,200,0,1
0,541829,0,-109,473425,20173,122781,1716,114348,3379,592371,200,0,1
0,541829,0,-234,473425,20173,122781,1716,114348,3379,592371,200,0,1
0,541829,0,-253,473425,20173,122781,1716,114348,3379,592371,200,0,1
0,541829,0,82,473425,20173,122781,1716,114348,3379,592371,200,0,1
0,541829,0,228,473425,20173,122781,1716,114348,3379,592371,200,0,1
0,541829,0,295,473425,20173,122781,1716,114348,3379,592371,200,0,1
0,541829,0,265,473425,20173,122781,1716,114348,3379,592371,200,0,1
0,541829,0,-218,473425,20173,122781,1716,114348,3379,592371,200,0,1
0,300561,0,154,376935,100718,84293,7984,101853,853,651054,200,0,1
0,300561,0,533,376935,100718,84293,7984,101853,853,651054,200,0,1
0,300561,0,-356,376935,100718,84293,7984,101853,853,651054,200,0,1
0,300561,0,-103,376935,100718,84293,7984,101853,853,651054,200,0,1
0,300561,0,-187,376935,100718,84293,7984,101853,853,651054,200,0,1
0,300561,0,-211,376935,100718,84293,7984,101853,853,651054,200,0,1
0,300561,0,-5,376935,100718,84293,7984,101853,853,651054,200,0,1
0,300561,0,296,376935,100718,84293,7984,101853,853,651054,200,0,1
0,300561,0,314,376935,100718,84293,7984,101853,853,651054,200,0,1
0,300561,0,260,376935,100718,84293,7984,101853,853,651054,200,0,1
0,262805,0,-83,381249,5602,164570,2828,108686,563,603495,200,0,1
0,262805,0,312,381249,5602,164570,2828,108686,563,603495,200,0,1
0,262805,0,301,381249,5602,164570,2828,108686,563,603495,200,0,1
0,262805,0,284,381249,5602,164570,2828,108686,563,603495,200,0,1
0,262805,0,75,381249,5602,164570,2828,108686,563,603495,200,0,1
0,262805,0,-174,381249,5602,164570,2828,108686,563,603495,200,0,1
0,262805,0,-290,381249,5602,164570,2828,108686,563,603495,200,0,1
0,262805,0,-195,381249,5602,164570,2828,108686,563,603495,200,0,1
0,262805,0,32,381249,5602,164570,2828,108686,563,603495,200,0,1
0,262805,0,292,381249,5602,164570,2828,108686,563,603495,200,0,1
0,92219,0,-205,663923,35225,81744,4329,103053,3052,560188,200,0,1
0,92219,0,19,663923,35225,81744,4329,103053,3052,560188,200,0,1
0,92219,0,288,663923,35225,81744,4329,103053,3052,560188,200,0,1
0,92219,0,358,663923,35225,81744,4329,103053,3052,560188,200,0,1
0,92219,0,320,663923,35225,81744,4329,103053,3052,560188,200,0,1
0,92219,0,118,663923,35225,81744,4329,103053,3052,560188,200,0,1
0,92219,0,-153,663923,35225,81744,4329,103053,3052,560188,200,0,1
0,92219,0,-215,663923,35225,81744,4329,103053,3052,560188,200,0,1
0,92219,0,417,663923,35225,81744,4329,103053,3052,560188,200,0,1
0,92219,0,-88,663923,35225,81744,4329,103053,3052,560188,200,0,1
0,549547,0,-88,339237,4409,107003,2667,134140,967,564394,200,0,1
0,549547,0,-190,339237,4409,107003,2667,134140,967,564394,200,0,1
0,549547,0,-130,339237,4409,107003,2667,134140,967,564394,200,0,1
0,549547,0,97,339237,4409,107003,2667,134140,967,564394,200,0,1
0,549547,0,280,339237,4409,107003,2667,134140,967,564394,200,0,1
0,549547,0,278,339237,4409,107003,2667,134140,967,564394,200,0,1
0,549547,0,125,339237,4409,107003,2667,134140,967,564394,200,0,1
0,549547,0,-107,339237,4409,107003,2667,134140,967,564394,200,0,1
0,549547,0,-162,339237,4409,107003,2667,134140,967,564394,200,0,1
0,549547,0,-181,339237,4409,107003,2667,134140,967,564394,200,0,1
0,171531,0,-170,301162,6562,139826,1251,124999,1260,551895,200,0,1
0,171531,0,-136,301162,6562,139826,1251,124999,1260,551895,200,0,1
0,171531,0,-204,301162,6562,139826,1251,124999,1260,551895,200,0,1
0,171531,0,-108,301162,6562,139826,1251,124999,1260,551895,200,0,1
0,171531,0,230,301162,6562,139826,1251,124999,1260,551895,200,0,1
0,171531,0,295,301162,6562,139826,1251,124999,1260,551895,200,0,1
0,171531,0,289,301162,6562,139826,1251,124999,1260,551895,200,0,1
0,171531,0,120,301162,6562,139826,1251,124999,1260,551895,200,0,1
0,171531,0,-88,301162,6562,139826,1251,124999,1260,551895,200,0,1
0,171531,0,-229,301162,6562,139826,1251,124999,1260,551895,200,0,1
0,328001,0,311,491217,50662,28785,7981,69348,946,552738,200,0,1
0,328001,0,99,491217,50662,28785,7981,69348,946,552738,200,0,1
0,328001,0,-125,491217,50662,28785,7981,69348,946,552738,200,0,1
0,328001,0,-153,491217,50662,28785,7981,69348,946,552738,200,0,1
0,328001,0,-209,491217,50662,28785,7981,69348,946,552738,200,0,1
0,328001,0,395,491217,50662,28785,7981,69348,946,552738,200,0,1
0,328001,0,260,491217,50662,28785,7981,69348,946,552738,200,0,1
0,328001,0,404,491217,50662,28785,7981,69348,946,552738,200,0,1
0,328001,0,330,491217,50662,28785,7981,69348,946,552738,200,0,1
0,328001,0,-35,491217,50662,28785,7981,69348,946,552738,200,0,1
0,198439,0,331,248408,150436,29301,12661,49312,820,560051,200,0,1
0,198439,0,-110,248408,150436,29301,12661,49312,820,560051,200,0,1
0,198439,0,139,248408,150436,29301,12661,49312,820,560051,200,0,1
0,198439,0,-104,248408,150436,29301,12661,49312,820,560051,200,0,1
0,198439,0,-266,248408,150436,29301,12661,49312,820,560051,200,0,1
0,198439,0,-193,248408,150436,29301,12661,49312,820,560051,200,0,1
0,198439,0,93,248408,150436,29301,12661,49312,820,560051,200,0,1
0,198439,0,311,248408,150436,29301,12661,49312,820,560051,200,0,1
0,198439,0,290,248408,150436,29301,12661,49312,820,560051,200,0,1
0,198439,0,220,248408,150436,29301,12661,49312,820,560051,200,0,1
0,43139,0,-91,57389,1701,29095,345,24767,489,118412,200,0,1
0,43139,0,282,57389,1701,29095,345,24767,489,118412,200,0,1
0,43139,0,412,57389,1701,29095,345,24767,489,118412,200,0,1
0,43139,0,152,57389,1701,29095,345,24767,489,118412,200,0,1
0,43139,0,368,57389,1701,29095,345,24767,489,118412,200,0,1
0,43139,0,312,57389,1701,29095,345,24767,489,118412,200,0,1
0,43139,0,-259,57389,1701,29095,345,24767,489,118412,200,0,1
0,43139,0,-68,57389,1701,29095,345,24767,489,118412,200,0,1
0,43139,0,149,57389,1701,29095,345,24767,489,118412,200,0,1
0,43139,0,313,57389,1701,29095,345,24767,489,118412,200,0,1
0,1890826,0,-257,1429241,245401,230225,10618,419101,9989,1943197,200,0,1
0,1890826,0,-42,1429241,245401,230225,10618,419101,9989,1943197,200,0,1
0,1890826,0,221,1429241,245401,230225,10618,419101,9989,1943197,200,0,1
0,1890826,0,438,1429241,245401,230225,10618,419101,9989,1943197,200,0,1
0,1890826,0,312,1429241,245401,230225,10618,419101,9989,1943197,200,0,1
0,1890826,0,29,1429241,245401,230225,10618,419101,9989,1943197,200,0,1
0,1890826,0,-203,1429241,245401,230225,10618,419101,9989,1943197,200,0,1
0,1890826,0,-238,1429241,245401,230225,10618,419101,9989,1943197,200,0,1
0,1890826,0,-73,1429241,245401,230225,10618,419101,9989,1943197,200,0,1
0,1890826,0,282,1429241,245401,230225,10618,419101,9989,1943197,200,0,1
0,1391219,0,-155,734130,493393,50955,16128,278373,2973,2047309,200,0,1
0,1391219,0,-306,734130,493393,50955,16128,278373,2973,2047309,200,0,1
0,1391219,0,-195,734130,493393,50955,16128,278373,2973,2047309,200,0,1
0,1391219,0,105,734130,493393,50955,16128,278373,2973,2047309,200,0,1
0,1391219,0,245,734130,493393,50955,16128,278373,2973,2047309,200,0,1
0,1391219,0,180,734130,493393,50955,16128,278373,2973,2047309,200,0,1
0,1391219,0,112,734130,493393,50955,16128,278373,2973,2047309,200,0,1
0,1391219,0,-140,734130,493393,50955,16128,278373,2973,2047309,200,0,1
0,1391219,0,-182,734130,493393,50955,16128,278373,2973,2047309,200,0,1
0,1473455,0,83,648527,225771,28011,44472,148285,5907,1804623,200,0,1
0,1473455,0,-248,648527,225771,28011,44472,148285,5907,1804623,200,0,1
0,1473455,0,-85,648527,225771,28011,44472,148285,5907,1804623,200,0,1
0,1473455,0,-11,648527,225771,28011,44472,148285,5907,1804623,200,0,1
0,1473455,0,29,648527,225771,28011,44472,148285,5907,1804623,200,0,1
0,1473455,0,196,648527,225771,28011,44472,148285,5907,1804623,200,0,1
0,1473455,0,346,648527,225771,28011,44472,148285,5907,1804623,200,0,1
0,1473455,0,397,648527,225771,28011,44472,148285,5907,1804623,200,0,1
0,1473455,0,109,648527,225771,28011,44472,148285,5907,1804623,200,0,1
0,1473455,0,-171,648527,225771,28011,44472,148285,5907,1804623,200,0,1
0,2106705,0,160,592624,243743,91958,21887,250350,8907,1783532,200,0,1
0,2106705,0,256,592624,243743,91958,21887,250350,8907,1783532,200,0,1
0,2106705,0,104,592624,243743,91958,21887,250350,8907,1783532,200,0,1
0,2106705,0,-13,592624,243743,91958,21887,250350,8907,1783532,200,0,1
0,2106705,0,-164,592624,243743,91958,21887,250350,8907,1783532,200,0,1
0,2106705,0,-153,592624,243743,91958,21887,250350,8907,1783532,200,0,1
0,2106705,0,-190,592624,243743,91958,21887,250350,8907,1783532,200,0,1
0,2106705,0,252,592624,243743,91958,21887,250350,8907,1783532,200,0,1
0,2106705,0,336,592624,243743,91958,21887,250350,8907,1783532,200,0,1
0,2106705,0,171,592624,243743,91958,21887,250350,8907,1783532,200,0,1
0,47004,0,66,261475,23255,96881,1191,84591,777,455397,200,0,1
0,47004,0,291,261475,23255,96881,1191,84591,777,455397,200,0,1
0,47004,0,410,261475,23255,96881,1191,84591,777,455397,200,0,1
0,47004,0,179,261475,23255,96881,1191,84591,777,455397,200,0,1
0,47004,0,-66,261475,23255,96881,1191,84591,777,455397,200,0,1
0,47004,0,-226,261475,23255,96881,1191,84591,777,455397,200,0,1
0,47004,0,229,261475,23255,96881,1191,84591,777,455397,200,0,1
0,47004,0,228,261475,23255,96881,1191,84591,777,455397,200,0,1
0,47004,0,275,261475,23255,96881,1191,84591,777,455397,200,0,1
0,47004,0,216,261475,23255,96881,1191,84591,777,455397,200,0,1
0,73724,0,-301,60089,8572,7888,1527,13978,165,109779,200,0,1
0,73724,0,-106,60089,8572,7888,1527,13978,165,109779,200,0,1
0,73724,0,219,60089,8572,7888,1527,13978,165,109779,200,0,1
0,73724,0,372,60089,8572,7888,1527,13978,165,109779,200,0,1
0,73724,0,344,60089,8572,7888,1527,13978,165,109779,200,0,1
0,73724,0,125,60089,8572,7888,1527,13978,165,109779,200,0,1
0,73724,0,-142,60089,8572,7888,1527,13978,165,109779,200,0,1
0,73724,0,-179,60089,8572,7888,1527,13978,165,109779,200,0,1
0,73724,0,-136,60089,8572,7888,1527,13978,165,109779,200,0,1
0,73724,0,166,60089,8572,7888,1527,13978,165,109779,200,0,1
0,690076,0,-170,48545,49677,23585,7994,34907,1490,419059,200,0,1
0,690076,0,-216,48545,49677,23585,7994,34907,1490,419059,200,0,1
0,690076,0,-163,48545,49677,23585,7994,34907,1490,419059,200,0,1
0,690076,0,141,48545,49677,23585,7994,34907,1490,419059,200,0,1
0,690076,0,282,48545,49677,23585,7994,34907,1490,419059,200,0,1
0,690076,0,329,48545,49677,23585,7994,34907,1490,419059,200,0,1
0,690076,0,75,48545,49677,23585,7994,34907,1490,419059,200,0,1
0,690076,0,-139,48545,49677,23585,7994,34907,1490,419059,200,0,1
0,690076,0,-394,48545,49677,23585,7994,34907,1490,419059,200,0,1
0,690076,0,-130,48545,49677,23585,7994,34907,1490,419059,200,0,1
0,672072,0,246,501693,306573,35225,9750,271807,5922,1664312,200,0,1
0,672072,0,-12,501693,306573,35225,9750,271807,5922,1664312,200,0,1
0,672072,0,-194,501693,306573,35225,9750,271807,5922,1664312,200,0,1
0,672072,0,-166,501693,306573,35225,9750,271807,5922,1664312,200,0,1
0,672072,0,-27,501693,306573,35225,9750,271807,5922,1664312,200,0,1
0,672072,0,251,501693,306573,35225,9750,271807,5922,1664312,200,0,1
0,672072,0,477,501693,306573,35225,9750,271807,5922,1664312,200,0,1
0,672072,0,179,501693,306573,35225,9750,271807,5922,1664312,200,0,1
0,672072,0,-59,501693,306573,35225,9750,271807,5922,1664312,200,0,1
0,672072,0,-229,501693,306573,35225,9750,271807,5922,1664312,200,0,1
0,1284176,0,279,594454,193131,35099,25563,226465,10049,1720876,200,0,1
0,1284176,0,149,594454,193131,35099,25563,226465,10049,1720876,200,0,1
0,1284176,0,10,594454,193131,35099,25563,226465,10049,1720876,200,0,1
0,1284176,0,-289,594454,193131,35099,25563,226465,10049,1720876,200,0,1
0,1284176,0,-246,594454,193131,35099,25563,226465,10049,1720876,200,0,1
0,1284176,0,100,594454,193131,35099,25563,226465,10049,1720876,200,0,1
0,1284176,0,247,594454,193131,35099,25563,226465,10049,1720876,200,0,1
0,1284176,0,337,594454,193131,35099,25563,226465,10049,1720876,200,0,1
0,1284176,0,247,594454,193131,35099,25563,226465,10049,1720876,200,0,1
0,1284176,0,32,594454,193131,35099,25563,226465,10049,1720876,200,0,1
0,50405,0,166,57695,32656,2370,1190,9585,406,108901,200,0,1
0,50405,0,299,57695,32656,2370,1190,9585,406,108901,200,0,1
0,50405,0,353,57695,32656,2370,1190,9585,406,108901,200,0,1
0,50405,0,261,57695,32656,2370,1190,9585,406,108901,200,0,1
0,50405,0,-38,57695,32656,2370,1190,9585,406,108901,200,0,1
0,50405,0,-42,57695,32656,2370,1190,9585,406,108901,200,0,1
0,50405,0,-186,57695,32656,2370,1190,9585,406,108901,200,0,1
0,50405,0,86,57695,32656,2370,1190,9585,406,108901,200,0,1
0,50405,0,202,57695,32656,2370,1190,9585,406,108901,200,0,1
0,50405,0,251,57695,32656,2370,1190,9585,406,108901,200,0,1
0,496736,0,27,865168,595695,58114,32919,155911,5048,1711220,200,0,1
0,496736,0,130,865168,595695,58114,32919,155911,5048,1711220,200,0,1
0,496736,0,317,865168,595695,58114,32919,155911,5048,1711220,200,0,1
0,496736,0,295,865168,595695,58114,32919,155911,5048,1711220,200,0,1
0,496736,0,133,865168,595695,58114,32919,155911,5048,1711220,200,0,1
0,496736,0,-75,865168,595695,58114,32919,155911,5048,1711220,200,0,1
0,496736,0,-252,865168,595695,58114,32919,155911,5048,1711220,200,0,1
0,496736,0,-134,865168,595695,58114,32919,155911,5048,1711220,200,0,1
0,496736,0,176,865168,595695,58114,32919,155911,5048,1711220,200,0,1
0,496736,0,253,865168,595695,58114,32919,155911,5048,1711220,200,0,1
0,253913,0,-154,137587,134316,25473,7810,68228,2197,404234,200,0,1
0,253913,0,-72,137587,134316,25473,7810,68228,2197,404234,200,0,1
0,253913,0,17,137587,134316,25473,7810,68228,2197,404234,200,0,1
0,253913,0,156,137587,134316,25473,7810,68228,2197,404234,200,0,1
0,253913,0,296,137587,134316,25473,7810,68228,2197,404234,200,0,1
0,253913,0,208,137587,134316,25473,7810,68228,2197,404234,200,0,1
0,253913,0,18,137587,134316,25473,7810,68228,2197,404234,200,0,1
0,253913,0,-230,137587,134316,25473,7810,68228,2197,404234,200,0,1
0,253913,0,-252,137587,134316,25473,7810,68228,2197,404234,200,0,1
0,253913,0,-94,137587,134316,25473,7810,68228,2197,404234,200,0,1
0,925990,0,-228,751314,57472,142621,8923,229500,2284,1636830,200,0,1
0,925990,0,-266,751314,57472,142621,8923,229500,2284,1636830,200,0,1
0,925990,0,-107,751314,57472,142621,8923,229500,2284,1636830,200,0,1
0,925990,0,116,751314,57472,142621,8923,229500,2284,1636830,200,0,1
0,925990,0,295,751314,57472,142621,8923,229500,2284,1636830,200,0,1
0,925990,0,385,751314,57472,142621,8923,229500,2284,1636830,200,0,1
0,925990,0,198,751314,57472,142621,8923,229500,2284,1636830,200,0,1
0,925990,0,136,751314,57472,142621,8923,229500,2284,1636830,200,0,1
0,925990,0,-163,751314,57472,142621,8923,229500,2284,1636830,200,0,1
