attention,delta,meditation,rawValue,theta,lowAlpha,highAlpha,lowBeta,highBeta,lowGamma,midGamma,poorSignal,blinkStrength,label
0,94730,0,44,3233,2444,2202,865,1205,1597,1544,51,0,3
0,94730,0,44,3233,2444,2202,865,1205,1597,1544,51,0,3
0,94730,0,44,3233,2444,2202,865,1205,1597,1544,51,0,3
0,94730,0,44,3233,2444,2202,865,1205,1597,1544,51,0,3
0,94730,0,43,3233,2444,2202,865,1205,1597,1544,51,0,3
0,94730,0,-2048,3233,2444,2202,865,1205,1597,1544,51,0,3
0,94730,0,712,3233,2444,2202,865,1205,1597,1544,51,0,3
0,94730,0,149,3233,2444,2202,865,1205,1597,1544,51,0,3
0,94730,0,56,3233,2444,2202,865,1205,1597,1544,51,0,3
0,94730,0,48,3233,2444,2202,865,1205,1597,1544,51,0,3
0,364107,0,44,160785,186603,86159,167998,124951,102536,112677,51,0,3
0,364107,0,166,160785,186603,86159,167998,124951,102536,112677,51,0,3
0,364107,0,65,160785,186603,86159,167998,124951,102536,112677,51,0,3
0,364107,0,49,160785,186603,86159,167998,124951,102536,112677,51,0,3
0,364107,0,48,160785,186603,86159,167998,124951,102536,112677,51,0,3
0,364107,0,44,160785,186603,86159,167998,124951,102536,112677,51,0,3
0,364107,0,2047,160785,186603,86159,167998,124951,102536,112677,51,0,3
0,364107,0,546,160785,186603,86159,167998,124951,102536,112677,51,0,3
0,364107,0,122,160785,186603,86159,167998,124951,102536,112677,51,0,3
0,364107,0,370,160785,186603,86159,167998,124951,102536,112677,51,0,3
0,583928,0,964,168253,117971,195892,135810,141793,17884,21219,51,0,3
0,583928,0,150,168253,117971,195892,135810,141793,17884,21219,51,0,3
0,583928,0,308,168253,117971,195892,135810,141793,17884,21219,51,0,3
0,583928,0,85,168253,117971,195892,135810,141793,17884,21219,51,0,3
0,583928,0,-118,168253,117971,195892,135810,141793,17884,21219,51,0,3
0,583928,0,54,168253,117971,195892,135810,141793,17884,21219,51,0,3
0,583928,0,45,168253,117971,195892,135810,141793,17884,21219,51,0,3
0,583928,0,1867,168253,117971,195892,135810,141793,17884,21219,51,0,3
0,583928,0,913,168253,117971,195892,135810,141793,17884,21219,51,0,3
0,583928,0,180,168253,117971,195892,135810,141793,17884,21219,51,0,3
0,132284,0,60,25855,5542,16057,7973,8315,7968,6478,51,0,3
0,132284,0,48,25855,5542,16057,7973,8315,7968,6478,51,0,3
0,132284,0,44,25855,5542,16057,7973,8315,7968,6478,51,0,3
0,132284,0,44,25855,5542,16057,7973,8315,7968,6478,51,0,3
0,132284,0,45,25855,5542,16057,7973,8315,7968,6478,51,0,3
0,132284,0,43,25855,5542,16057,7973,8315,7968,6478,51,0,3
0,132284,0,44,25855,5542,16057,7973,8315,7968,6478,51,0,3
0,132284,0,44,25855,5542,16057,7973,8315,7968,6478,51,0,3
0,132284,0,-1788,25855,5542,16057,7973,8315,7968,6478,51,0,3
0,132284,0,1675,25855,5542,16057,7973,8315,7968,6478,51,0,3
0,1096463,0,256,484297,477832,206339,40627,23774,58185,32964,51,0,3
0,1096463,0,1591,484297,477832,206339,40627,23774,58185,32964,51,0,3
0,1096463,0,381,484297,477832,206339,40627,23774,58185,32964,51,0,3
0,1096463,0,331,484297,477832,206339,40627,23774,58185,32964,51,0,3
0,1096463,0,472,484297,477832,206339,40627,23774,58185,32964,51,0,3
0,1096463,0,614,484297,477832,206339,40627,23774,58185,32964,51,0,3
0,1096463,0,105,484297,477832,206339,40627,23774,58185,32964,51,0,3
0,1096463,0,72,484297,477832,206339,40627,23774,58185,32964,51,0,3
0,1096463,0,50,484297,477832,206339,40627,23774,58185,32964,51,0,3
0,1096463,0,-2048,484297,477832,206339,40627,23774,58185,32964,51,0,3
0,191023,0,939,91045,46111,75508,162469,91383,30521,5754,51,0,3
0,191023,0,185,91045,46111,75508,162469,91383,30521,5754,51,0,3
0,191023,0,265,91045,46111,75508,162469,91383,30521,5754,51,0,3
0,191023,0,-152,91045,46111,75508,162469,91383,30521,5754,51,0,3
0,191023,0,1413,91045,46111,75508,162469,91383,30521,5754,51,0,3
0,191023,0,189,91045,46111,75508,162469,91383,30521,5754,51,0,3
0,191023,0,68,91045,46111,75508,162469,91383,30521,5754,51,0,3
0,191023,0,49,91045,46111,75508,162469,91383,30521,5754,51,0,3
0,191023,0,44,91045,46111,75508,162469,91383,30521,5754,51,0,3
0,191023,0,44,91045,46111,75508,162469,91383,30521,5754,51,0,3
0,1700775,0,-2048,579154,268871,151918,87286,131432,55892,79223,51,0,3
0,1700775,0,1274,579154,268871,151918,87286,131432,55892,79223,51,0,3
0,1700775,0,235,579154,268871,151918,87286,131432,55892,79223,51,0,3
0,1700775,0,74,579154,268871,151918,87286,131432,55892,79223,51,0,3
0,1700775,0,53,579154,268871,151918,87286,131432,55892,79223,51,0,3
0,1700775,0,68,579154,268871,151918,87286,131432,55892,79223,51,0,3
0,1700775,0,50,579154,268871,151918,87286,131432,55892,79223,51,0,3
0,1700775,0,45,579154,268871,151918,87286,131432,55892,79223,51,0,3
0,1700775,0,44,579154,268871,151918,87286,131432,55892,79223,51,0,3
0,1700775,0,1061,579154,268871,151918,87286,131432,55892,79223,51,0,3
0,900452,0,513,516545,296265,218634,155118,576261,82376,28153,51,0,3
0,900452,0,-2048,516545,296265,218634,155118,576261,82376,28153,51,0,3
0,900452,0,1494,516545,296265,218634,155118,576261,82376,28153,51,0,3
0,900452,0,268,516545,296265,218634,155118,576261,82376,28153,51,0,3
0,900452,0,80,516545,296265,218634,155118,576261,82376,28153,51,0,3
0,900452,0,-459,516545,296265,218634,155118,576261,82376,28153,51,0,3
0,900452,0,252,516545,296265,218634,155118,576261,82376,28153,51,0,3
0,900452,0,76,516545,296265,218634,155118,576261,82376,28153,51,0,3
0,900452,0,52,516545,296265,218634,155118,576261,82376,28153,51,0,3
0,462478,0,45,348667,67010,97358,22495,12803,5633,6934,51,0,3
0,462478,0,44,348667,67010,97358,22495,12803,5633,6934,51,0,3
0,462478,0,44,348667,67010,97358,22495,12803,5633,6934,51,0,3
0,462478,0,-1780,348667,67010,97358,22495,12803,5633,6934,51,0,3
0,462478,0,2047,348667,67010,97358,22495,12803,5633,6934,51,0,3
0,462478,0,326,348667,67010,97358,22495,12803,5633,6934,51,0,3
0,462478,0,88,348667,67010,97358,22495,12803,5633,6934,51,0,3
0,462478,0,52,348667,67010,97358,22495,12803,5633,6934,51,0,3
0,462478,0,1238,348667,67010,97358,22495,12803,5633,6934,51,0,3
0,462478,0,-1282,348667,67010,97358,22495,12803,5633,6934,51,0,3
0,913018,0,2047,195699,240725,77827,91273,181095,49844,23682,51,0,3
0,913018,0,677,195699,240725,77827,91273,181095,49844,23682,51,0,3
0,913018,0,144,195699,240725,77827,91273,181095,49844,23682,51,0,3
0,913018,0,59,195699,240725,77827,91273,181095,49844,23682,51,0,3
0,913018,0,48,195699,240725,77827,91273,181095,49844,23682,51,0,3
0,913018,0,2047,195699,240725,77827,91273,181095,49844,23682,51,0,3
0,913018,0,1009,195699,240725,77827,91273,181095,49844,23682,51,0,3
0,913018,0,196,195699,240725,77827,91273,181095,49844,23682,51,0,3
0,913018,0,69,195699,240725,77827,91273,181095,49844,23682,51,0,3
0,913018,0,-1433,195699,240725,77827,91273,181095,49844,23682,51,0,3
0,1485210,0,2047,528980,205383,347589,411820,216476,171784,175865,51,0,3
0,1485210,0,608,528980,205383,347589,411820,216476,171784,175865,51,0,3
0,1485210,0,133,528980,205383,347589,411820,216476,171784,175865,51,0,3
0,1485210,0,54,528980,205383,347589,411820,216476,171784,175865,51,0,3
0,1485210,0,48,528980,205383,347589,411820,216476,171784,175865,51,0,3
0,1485210,0,44,528980,205383,347589,411820,216476,171784,175865,51,0,3
0,1485210,0,2047,528980,205383,347589,411820,216476,171784,175865,51,0,3
0,1485210,0,407,528980,205383,347589,411820,216476,171784,175865,51,0,3
0,1485210,0,102,528980,205383,347589,411820,216476,171784,175865,51,0,3
0,1485210,0,51,528980,205383,347589,411820,216476,171784,175865,51,0,3
0,829719,0,48,114432,32879,42046,48692,55080,7174,4479,51,0,3
0,829719,0,45,114432,32879,42046,48692,55080,7174,4479,51,0,3
0,829719,0,44,114432,32879,42046,48692,55080,7174,4479,51,0,3
0,829719,0,44,114432,32879,42046,48692,55080,7174,4479,51,0,3
0,829719,0,44,114432,32879,42046,48692,55080,7174,4479,51,0,3
0,829719,0,44,114432,32879,42046,48692,55080,7174,4479,51,0,3
0,829719,0,44,114432,32879,42046,48692,55080,7174,4479,51,0,3
0,829719,0,2047,114432,32879,42046,48692,55080,7174,4479,51,0,3
0,829719,0,482,114432,32879,42046,48692,55080,7174,4479,51,0,3
0,829719,0,113,114432,32879,42046,48692,55080,7174,4479,51,0,3
0,1169838,0,57,93153,69683,24833,9595,22421,40205,42161,51,0,3
0,1169838,0,53,93153,69683,24833,9595,22421,40205,42161,51,0,3
0,1169838,0,49,93153,69683,24833,9595,22421,40205,42161,51,0,3
0,1169838,0,2047,93153,69683,24833,9595,22421,40205,42161,51,0,3
0,1169838,0,475,93153,69683,24833,9595,22421,40205,42161,51,0,3
0,1169838,0,112,93153,69683,24833,9595,22421,40205,42161,51,0,3
0,1169838,0,55,93153,69683,24833,9595,22421,40205,42161,51,0,3
0,1169838,0,48,93153,69683,24833,9595,22421,40205,42161,51,0,3
0,1169838,0,1804,93153,69683,24833,9595,22421,40205,42161,51,0,3
0,1169838,0,317,93153,69683,24833,9595,22421,40205,42161,51,0,3
0,1667063,0,77,212228,37831,145836,306130,198348,64986,37413,51,0,3
0,1667063,0,51,212228,37831,145836,306130,198348,64986,37413,51,0,3
0,1667063,0,-132,212228,37831,145836,306130,198348,64986,37413,51,0,3
0,1667063,0,2047,212228,37831,145836,306130,198348,64986,37413,51,0,3
0,1667063,0,1411,212228,37831,145836,306130,198348,64986,37413,51,0,3
0,1667063,0,657,212228,37831,145836,306130,198348,64986,37413,51,0,3
0,1667063,0,139,212228,37831,145836,306130,198348,64986,37413,51,0,3
0,1667063,0,58,212228,37831,145836,306130,198348,64986,37413,51,0,3
0,1667063,0,49,212228,37831,145836,306130,198348,64986,37413,51,0,3
0,1667063,0,1284,212228,37831,145836,306130,198348,64986,37413,51,0,3
0,1114342,0,277,684872,299215,145136,149169,88518,66064,105375,51,0,3
0,1114342,0,73,684872,299215,145136,149169,88518,66064,105375,51,0,3
0,1114342,0,49,684872,299215,145136,149169,88518,66064,105375,51,0,3
0,1114342,0,-2048,684872,299215,145136,149169,88518,66064,105375,51,0,3
0,1114342,0,-637,684872,299215,145136,149169,88518,66064,105375,51,0,3
0,1114342,0,1780,684872,299215,145136,149169,88518,66064,105375,51,0,3
0,1114342,0,314,684872,299215,145136,149169,88518,66064,105375,51,0,3
0,1114342,0,86,684872,299215,145136,149169,88518,66064,105375,51,0,3
0,1114342,0,52,684872,299215,145136,149169,88518,66064,105375,51,0,3
0,1114342,0,-2048,684872,299215,145136,149169,88518,66064,105375,51,0,3
0,692933,0,657,95033,4258,17685,39193,64502,57029,47946,51,0,3
0,692933,0,139,95033,4258,17685,39193,64502,57029,47946,51,0,3
0,692933,0,55,95033,4258,17685,39193,64502,57029,47946,51,0,3
0,692933,0,44,95033,4258,17685,39193,64502,57029,47946,51,0,3
0,692933,0,-2048,95033,4258,17685,39193,64502,57029,47946,51,0,3
0,692933,0,2047,95033,4258,17685,39193,64502,57029,47946,51,0,3
0,692933,0,695,95033,4258,17685,39193,64502,57029,47946,51,0,3
0,692933,0,146,95033,4258,17685,39193,64502,57029,47946,51,0,3
0,692933,0,-153,95033,4258,17685,39193,64502,57029,47946,51,0,3
0,692933,0,500,95033,4258,17685,39193,64502,57029,47946,51,0,3
0,1134933,0,1369,14493,41074,18884,77860,37575,17222,17860,51,0,3
0,1134933,0,251,14493,41074,18884,77860,37575,17222,17860,51,0,3
0,1134933,0,67,14493,41074,18884,77860,37575,17222,17860,51,0,3
0,1134933,0,49,14493,41074,18884,77860,37575,17222,17860,51,0,3
0,1134933,0,-2048,14493,41074,18884,77860,37575,17222,17860,51,0,3
0,1134933,0,-403,14493,41074,18884,77860,37575,17222,17860,51,0,3
0,1134933,0,57,14493,41074,18884,77860,37575,17222,17860,51,0,3
0,1134933,0,2047,14493,41074,18884,77860,37575,17222,17860,51,0,3
0,1134933,0,421,14493,41074,18884,77860,37575,17222,17860,51,0,3
0,1134933,0,108,14493,41074,18884,77860,37575,17222,17860,51,0,3
0,671075,0,56,85645,33523,30692,39849,41901,27692,20344,51,0,3
0,671075,0,1010,85645,33523,30692,39849,41901,27692,20344,51,0,3
0,671075,0,149,85645,33523,30692,39849,41901,27692,20344,51,0,3
0,671075,0,60,85645,33523,30692,39849,41901,27692,20344,51,0,3
0,671075,0,53,85645,33523,30692,39849,41901,27692,20344,51,0,3
0,671075,0,-859,85645,33523,30692,39849,41901,27692,20344,51,0,3
0,671075,0,1236,85645,33523,30692,39849,41901,27692,20344,51,0,3
0,671075,0,1507,85645,33523,30692,39849,41901,27692,20344,51,0,3
0,671075,0,608,85645,33523,30692,39849,41901,27692,20344,51,0,3
0,671075,0,134,85645,33523,30692,39849,41901,27692,20344,51,0,3
0,543199,0,1111,171273,35473,36480,11307,14144,17493,6661,51,0,3
0,543199,0,-2048,171273,35473,36480,11307,14144,17493,6661,51,0,3
0,543199,0,426,171273,35473,36480,11307,14144,17493,6661,51,0,3
0,543199,0,101,171273,35473,36480,11307,14144,17493,6661,51,0,3
0,543199,0,53,171273,35473,36480,11307,14144,17493,6661,51,0,3
0,543199,0,-2048,171273,35473,36480,11307,14144,17493,6661,51,0,3
0,543199,0,2047,171273,35473,36480,11307,14144,17493,6661,51,0,3
0,543199,0,-259,171273,35473,36480,11307,14144,17493,6661,51,0,3
0,543199,0,210,171273,35473,36480,11307,14144,17493,6661,51,0,3
0,543199,0,-1410,171273,35473,36480,11307,14144,17493,6661,51,0,3
0,1002425,0,1563,281247,99474,98227,640363,310995,72351,67909,51,0,3
0,1002425,0,208,281247,99474,98227,640363,310995,72351,67909,51,0,3
0,1002425,0,70,281247,99474,98227,640363,310995,72351,67909,51,0,3
0,1002425,0,-2048,281247,99474,98227,640363,310995,72351,67909,51,0,3
0,1002425,0,773,281247,99474,98227,640363,310995,72351,67909,51,0,3
0,1002425,0,157,281247,99474,98227,640363,310995,72351,67909,51,0,3
0,1002425,0,61,281247,99474,98227,640363,310995,72351,67909,51,0,3
0,1002425,0,48,281247,99474,98227,640363,310995,72351,67909,51,0,3
0,1002425,0,44,281247,99474,98227,640363,310995,72351,67909,51,0,3
0,1002425,0,45,281247,99474,98227,640363,310995,72351,67909,51,0,3
0,915047,0,48,97816,12277,22934,7184,51252,63162,36987,51,0,3
0,915047,0,45,97816,12277,22934,7184,51252,63162,36987,51,0,3
0,915047,0,48,97816,12277,22934,7184,51252,63162,36987,51,0,3
0,915047,0,44,97816,12277,22934,7184,51252,63162,36987,51,0,3
0,915047,0,488,97816,12277,22934,7184,51252,63162,36987,51,0,3
0,915047,0,450,97816,12277,22934,7184,51252,63162,36987,51,0,3
0,915047,0,107,97816,12277,22934,7184,51252,63162,36987,51,0,3
0,915047,0,55,97816,12277,22934,7184,51252,63162,36987,51,0,3
0,915047,0,45,97816,12277,22934,7184,51252,63162,36987,51,0,3
0,915047,0,-2048,97816,12277,22934,7184,51252,63162,36987,51,0,3
0,1333878,0,-173,235417,134375,198226,183412,223936,194888,63819,51,0,3
0,1333878,0,806,235417,134375,198226,183412,223936,194888,63819,51,0,3
0,1333878,0,216,235417,134375,198226,183412,223936,194888,63819,51,0,3
0,1333878,0,64,235417,134375,198226,183412,223936,194888,63819,51,0,3
0,1333878,0,48,235417,134375,198226,183412,223936,194888,63819,51,0,3
0,1333878,0,2047,235417,134375,198226,183412,223936,194888,63819,51,0,3
0,1333878,0,486,235417,134375,198226,183412,223936,194888,63819,51,0,3
0,1333878,0,91,235417,134375,198226,183412,223936,194888,63819,51,0,3
0,1333878,0,1753,235417,134375,198226,183412,223936,194888,63819,51,0,3
0,59120,0,202,16689,6323,12250,8642,15458,19769,11123,51,0,3
0,59120,0,297,16689,6323,12250,8642,15458,19769,11123,51,0,3
0,59120,0,88,16689,6323,12250,8642,15458,19769,11123,51,0,3
0,59120,0,-855,16689,6323,12250,8642,15458,19769,11123,51,0,3
0,59120,0,1029,16689,6323,12250,8642,15458,19769,11123,51,0,3
0,59120,0,197,16689,6323,12250,8642,15458,19769,11123,51,0,3
0,59120,0,69,16689,6323,12250,8642,15458,19769,11123,51,0,3
0,59120,0,1258,16689,6323,12250,8642,15458,19769,11123,51,0,3
0,59120,0,186,16689,6323,12250,8642,15458,19769,11123,51,0,3
0,59120,0,68,16689,6323,12250,8642,15458,19769,11123,51,0,3
0,346497,0,49,104700,57158,72240,53372,19697,21183,15048,51,0,3
0,346497,0,50,104700,57158,72240,53372,19697,21183,15048,51,0,3
0,346497,0,-817,104700,57158,72240,53372,19697,21183,15048,51,0,3
0,346497,0,1588,104700,57158,72240,53372,19697,21183,15048,51,0,3
0,346497,0,288,104700,57158,72240,53372,19697,21183,15048,51,0,3
0,346497,0,83,104700,57158,72240,53372,19697,21183,15048,51,0,3
0,346497,0,-152,104700,57158,72240,53372,19697,21183,15048,51,0,3
0,346497,0,2047,104700,57158,72240,53372,19697,21183,15048,51,0,3
0,346497,0,1172,104700,57158,72240,53372,19697,21183,15048,51,0,3
0,346497,0,219,104700,57158,72240,53372,19697,21183,15048,51,0,3
0,840233,0,77,325450,239542,146412,67117,129934,96386,29799,51,0,3
0,840233,0,50,325450,239542,146412,67117,129934,96386,29799,51,0,3
0,840233,0,44,325450,239542,146412,67117,129934,96386,29799,51,0,3
0,840233,0,49,325450,239542,146412,67117,129934,96386,29799,51,0,3
0,840233,0,-1462,325450,239542,146412,67117,129934,96386,29799,51,0,3
0,840233,0,-150,325450,239542,146412,67117,129934,96386,29799,51,0,3
0,840233,0,928,325450,239542,146412,67117,129934,96386,29799,51,0,3
0,840233,0,182,325450,239542,146412,67117,129934,96386,29799,51,0,3
0,840233,0,67,325450,239542,146412,67117,129934,96386,29799,51,0,3
0,840233,0,2047,325450,239542,146412,67117,129934,96386,29799,51,0,3
0,808265,0,336,134057,57057,103436,62851,48211,126720,84511,51,0,3
0,808265,0,89,134057,57057,103436,62851,48211,126720,84511,51,0,3
0,808265,0,53,134057,57057,103436,62851,48211,126720,84511,51,0,3
0,808265,0,45,134057,57057,103436,62851,48211,126720,84511,51,0,3
0,808265,0,-2048,134057,57057,103436,62851,48211,126720,84511,51,0,3
0,808265,0,-692,134057,57057,103436,62851,48211,126720,84511,51,0,3
0,808265,0,2047,134057,57057,103436,62851,48211,126720,84511,51,0,3
0,808265,0,305,134057,57057,103436,62851,48211,126720,84511,51,0,3
0,808265,0,85,134057,57057,103436,62851,48211,126720,84511,51,0,3
0,808265,0,51,134057,57057,103436,62851,48211,126720,84511,51,0,3
0,1772196,0,-2048,93594,8479,5448,21088,25670,7789,3142,51,0,3
0,1772196,0,827,93594,8479,5448,21088,25670,7789,3142,51,0,3
0,1772196,0,166,93594,8479,5448,21088,25670,7789,3142,51,0,3
0,1772196,0,65,93594,8479,5448,21088,25670,7789,3142,51,0,3
0,1772196,0,49,93594,8479,5448,21088,25670,7789,3142,51,0,3
0,1772196,0,44,93594,8479,5448,21088,25670,7789,3142,51,0,3
0,1772196,0,-1878,93594,8479,5448,21088,25670,7789,3142,51,0,3
0,1772196,0,-476,93594,8479,5448,21088,25670,7789,3142,51,0,3
0,1772196,0,1170,93594,8479,5448,21088,25670,7789,3142,51,0,3
0,1772196,0,218,93594,8479,5448,21088,25670,7789,3142,51,0,3
0,2194743,0,67,329205,166495,366526,141937,542263,102116,139100,51,0,3
0,2194743,0,-2048,329205,166495,366526,141937,542263,102116,139100,51,0,3
0,2194743,0,1542,329205,166495,366526,141937,542263,102116,139100,51,0,3
0,2194743,0,277,329205,166495,366526,141937,542263,102116,139100,51,0,3
0,2194743,0,76,329205,166495,366526,141937,542263,102116,139100,51,0,3
0,2194743,0,51,329205,166495,366526,141937,542263,102116,139100,51,0,3
0,2194743,0,-2048,329205,166495,366526,141937,542263,102116,139100,51,0,3
0,2194743,0,-332,329205,166495,366526,141937,542263,102116,139100,51,0,3
0,2194743,0,1397,329205,166495,366526,141937,542263,102116,139100,51,0,3
0,2194743,0,253,329205,166495,366526,141937,542263,102116,139100,51,0,3
0,616279,0,85,332241,32963,89239,84421,160369,87985,35249,51,0,3
0,616279,0,49,332241,32963,89239,84421,160369,87985,35249,51,0,3
0,616279,0,-2048,332241,32963,89239,84421,160369,87985,35249,51,0,3
0,616279,0,713,332241,32963,89239,84421,160369,87985,35249,51,0,3
0,616279,0,149,332241,32963,89239,84421,160369,87985,35249,51,0,3
0,616279,0,55,332241,32963,89239,84421,160369,87985,35249,51,0,3
0,616279,0,45,332241,32963,89239,84421,160369,87985,35249,51,0,3
0,616279,0,44,332241,32963,89239,84421,160369,87985,35249,51,0,3
0,616279,0,-1603,332241,32963,89239,84421,160369,87985,35249,51,0,3
0,616279,0,2047,332241,32963,89239,84421,160369,87985,35249,51,0,3
0,249234,0,321,57070,53097,25030,19619,19532,6389,4714,51,0,3
0,249234,0,87,57070,53097,25030,19619,19532,6389,4714,51,0,3
0,249234,0,-2048,57070,53097,25030,19619,19532,6389,4714,51,0,3
0,249234,0,779,57070,53097,25030,19619,19532,6389,4714,51,0,3
0,249234,0,160,57070,53097,25030,19619,19532,6389,4714,51,0,3
0,249234,0,61,57070,53097,25030,19619,19532,6389,4714,51,0,3
0,249234,0,48,57070,53097,25030,19619,19532,6389,4714,51,0,3
0,249234,0,44,57070,53097,25030,19619,19532,6389,4714,51,0,3
0,249234,0,44,57070,53097,25030,19619,19532,6389,4714,51,0,3
0,249234,0,-1042,57070,53097,25030,19619,19532,6389,4714,51,0,3
0,1959626,0,2047,91627,74860,114506,94876,79223,79169,9957,51,0,3
0,1959626,0,583,91627,74860,114506,94876,79223,79169,9957,51,0,3
0,1959626,0,129,91627,74860,114506,94876,79223,79169,9957,51,0,3
0,1959626,0,57,91627,74860,114506,94876,79223,79169,9957,51,0,3
0,1959626,0,2047,91627,74860,114506,94876,79223,79169,9957,51,0,3
0,1959626,0,434,91627,74860,114506,94876,79223,79169,9957,51,0,3
0,1959626,0,86,91627,74860,114506,94876,79223,79169,9957,51,0,3
0,1959626,0,52,91627,74860,114506,94876,79223,79169,9957,51,0,3
0,1959626,0,45,91627,74860,114506,94876,79223,79169,9957,51,0,3
0,1959626,0,-2048,91627,74860,114506,94876,79223,79169,9957,51,0,3
0,613623,0,-372,39602,40584,57373,39403,41725,3018,9646,51,0,3
0,613623,0,1040,39602,40584,57373,39403,41725,3018,9646,51,0,3
0,613623,0,199,39602,40584,57373,39403,41725,3018,9646,51,0,3
0,613623,0,68,39602,40584,57373,39403,41725,3018,9646,51,0,3
0,613623,0,49,39602,40584,57373,39403,41725,3018,9646,51,0,3
0,613623,0,-2008,39602,40584,57373,39403,41725,3018,9646,51,0,3
0,613623,0,932,39602,40584,57373,39403,41725,3018,9646,51,0,3
0,613623,0,245,39602,40584,57373,39403,41725,3018,9646,51,0,3
0,613623,0,66,39602,40584,57373,39403,41725,3018,9646,51,0,3
0,613623,0,49,39602,40584,57373,39403,41725,3018,9646,51,0,3
0,1173618,0,49,172580,140943,77917,33887,23693,28624,4601,51,0,3
0,1173618,0,-1214,172580,140943,77917,33887,23693,28624,4601,51,0,3
0,1173618,0,2047,172580,140943,77917,33887,23693,28624,4601,51,0,3
0,1173618,0,722,172580,140943,77917,33887,23693,28624,4601,51,0,3
0,1173618,0,-778,172580,140943,77917,33887,23693,28624,4601,51,0,3
0,1173618,0,2047,172580,140943,77917,33887,23693,28624,4601,51,0,3
0,1173618,0,2047,172580,140943,77917,33887,23693,28624,4601,51,0,3
0,1173618,0,452,172580,140943,77917,33887,23693,28624,4601,51,0,3
0,1173618,0,107,172580,140943,77917,33887,23693,28624,4601,51,0,3
0,1173618,0,52,172580,140943,77917,33887,23693,28624,4601,51,0,3
0,2245308,0,49,176026,75426,224185,178128,144934,91030,35975,51,0,3
0,2245308,0,-1517,176026,75426,224185,178128,144934,91030,35975,51,0,3
0,2245308,0,2047,176026,75426,224185,178128,144934,91030,35975,51,0,3
0,2245308,0,741,176026,75426,224185,178128,144934,91030,35975,51,0,3
0,2245308,0,152,176026,75426,224185,178128,144934,91030,35975,51,0,3
0,2245308,0,56,176026,75426,224185,178128,144934,91030,35975,51,0,3
0,2245308,0,-2048,176026,75426,224185,178128,144934,91030,35975,51,0,3
0,2245308,0,1593,176026,75426,224185,178128,144934,91030,35975,51,0,3
0,2245308,0,284,176026,75426,224185,178128,144934,91030,35975,51,0,3
0,2292983,0,75,1540112,234879,78671,225703,333455,83206,34023,51,0,3
0,2292983,0,50,1540112,234879,78671,225703,333455,83206,34023,51,0,3
0,2292983,0,48,1540112,234879,78671,225703,333455,83206,34023,51,0,3
0,2292983,0,-2048,1540112,234879,78671,225703,333455,83206,34023,51,0,3
0,2292983,0,-267,1540112,234879,78671,225703,333455,83206,34023,51,0,3
0,2292983,0,1792,1540112,234879,78671,225703,333455,83206,34023,51,0,3
0,2292983,0,316,1540112,234879,78671,225703,333455,83206,34023,51,0,3
0,2292983,0,86,1540112,234879,78671,225703,333455,83206,34023,51,0,3
0,2292983,0,-2048,1540112,234879,78671,225703,333455,83206,34023,51,0,3
0,2292983,0,1516,1540112,234879,78671,225703,333455,83206,34023,51,0,3
0,1639727,0,228,365723,152833,22862,20811,31739,17112,8149,51,0,3
0,1639727,0,74,365723,152833,22862,20811,31739,17112,8149,51,0,3
0,1639727,0,53,365723,152833,22862,20811,31739,17112,8149,51,0,3
0,1639727,0,-1095,365723,152833,22862,20811,31739,17112,8149,51,0,3
0,1639727,0,2047,365723,152833,22862,20811,31739,17112,8149,51,0,3
0,1639727,0,486,365723,152833,22862,20811,31739,17112,8149,51,0,3
0,1639727,0,121,365723,152833,22862,20811,31739,17112,8149,51,0,3
0,1639727,0,55,365723,152833,22862,20811,31739,17112,8149,51,0,3
0,1639727,0,44,365723,152833,22862,20811,31739,17112,8149,51,0,3
0,1639727,0,-2048,365723,152833,22862,20811,31739,17112,8149,51,0,3
0,728411,0,552,123744,32926,56980,42408,35122,20647,14657,51,0,3
0,728411,0,122,123744,32926,56980,42408,35122,20647,14657,51,0,3
0,728411,0,-1437,123744,32926,56980,42408,35122,20647,14657,51,0,3
0,728411,0,-194,123744,32926,56980,42408,35122,20647,14657,51,0,3
0,728411,0,2047,123744,32926,56980,42408,35122,20647,14657,51,0,3
0,728411,0,460,123744,32926,56980,42408,35122,20647,14657,51,0,3
0,728411,0,108,123744,32926,56980,42408,35122,20647,14657,51,0,3
0,728411,0,54,123744,32926,56980,42408,35122,20647,14657,51,0,3
0,728411,0,48,123744,32926,56980,42408,35122,20647,14657,51,0,3
0,728411,0,45,123744,32926,56980,42408,35122,20647,14657,51,0,3
0,1551985,0,-2048,130986,20099,38560,10198,11668,15002,6320,51,0,3
0,1551985,0,2047,130986,20099,38560,10198,11668,15002,6320,51,0,3
0,1551985,0,392,130986,20099,38560,10198,11668,15002,6320,51,0,3
0,1551985,0,98,130986,20099,38560,10198,11668,15002,6320,51,0,3
0,1551985,0,53,130986,20099,38560,10198,11668,15002,6320,51,0,3
0,1551985,0,-1079,130986,20099,38560,10198,11668,15002,6320,51,0,3
0,1551985,0,-102,130986,20099,38560,10198,11668,15002,6320,51,0,3
0,1551985,0,1172,130986,20099,38560,10198,11668,15002,6320,51,0,3
0,1551985,0,219,130986,20099,38560,10198,11668,15002,6320,51,0,3
0,1551985,0,72,130986,20099,38560,10198,11668,15002,6320,51,0,3
0,555910,0,-10,197335,23646,60731,24506,41757,45607,31122,51,0,3
0,555910,0,123,197335,23646,60731,24506,41757,45607,31122,51,0,3
0,555910,0,2047,197335,23646,60731,24506,41757,45607,31122,51,0,3
0,555910,0,501,197335,23646,60731,24506,41757,45607,31122,51,0,3
0,555910,0,92,197335,23646,60731,24506,41757,45607,31122,51,0,3
0,555910,0,52,197335,23646,60731,24506,41757,45607,31122,51,0,3
0,555910,0,48,197335,23646,60731,24506,41757,45607,31122,51,0,3
0,555910,0,49,197335,23646,60731,24506,41757,45607,31122,51,0,3
0,555910,0,-950,197335,23646,60731,24506,41757,45607,31122,51,0,3
0,555910,0,530,197335,23646,60731,24506,41757,45607,31122,51,0,3
0,702372,0,376,73717,76125,173998,205029,71250,148906,45925,51,0,3
0,702372,0,96,73717,76125,173998,205029,71250,148906,45925,51,0,3
0,702372,0,52,73717,76125,173998,205029,71250,148906,45925,51,0,3
0,702372,0,48,73717,76125,173998,205029,71250,148906,45925,51,0,3
0,702372,0,1696,73717,76125,173998,205029,71250,148906,45925,51,0,3
0,702372,0,300,73717,76125,173998,205029,71250,148906,45925,51,0,3
0,702372,0,85,73717,76125,173998,205029,71250,148906,45925,51,0,3
0,702372,0,53,73717,76125,173998,205029,71250,148906,45925,51,0,3
0,702372,0,1048,73717,76125,173998,205029,71250,148906,45925,51,0,3
0,702372,0,-2048,73717,76125,173998,205029,71250,148906,45925,51,0,3
0,2569777,0,-393,548151,293605,79863,95846,159219,121496,114576,51,0,3
0,2569777,0,1957,548151,293605,79863,95846,159219,121496,114576,51,0,3
0,2569777,0,342,548151,293605,79863,95846,159219,121496,114576,51,0,3
0,2569777,0,76,548151,293605,79863,95846,159219,121496,114576,51,0,3
0,2569777,0,50,548151,293605,79863,95846,159219,121496,114576,51,0,3
0,2569777,0,-2048,548151,293605,79863,95846,159219,121496,114576,51,0,3
0,2569777,0,812,548151,293605,79863,95846,159219,121496,114576,51,0,3
0,2569777,0,165,548151,293605,79863,95846,159219,121496,114576,51,0,3
0,2569777,0,372,548151,293605,79863,95846,159219,121496,114576,51,0,3
0,2569777,0,-2048,548151,293605,79863,95846,159219,121496,114576,51,0,3
0,848629,0,786,44296,9277,33598,43770,45672,28926,14898,51,0,3
0,848629,0,-2048,44296,9277,33598,43770,45672,28926,14898,51,0,3
0,848629,0,2047,44296,9277,33598,43770,45672,28926,14898,51,0,3
0,848629,0,722,44296,9277,33598,43770,45672,28926,14898,51,0,3
0,848629,0,155,44296,9277,33598,43770,45672,28926,14898,51,0,3
0,848629,0,585,44296,9277,33598,43770,45672,28926,14898,51,0,3
0,848629,0,485,44296,9277,33598,43770,45672,28926,14898,51,0,3
0,848629,0,2047,44296,9277,33598,43770,45672,28926,14898,51,0,3
0,848629,0,388,44296,9277,33598,43770,45672,28926,14898,51,0,3
0,848629,0,-1209,44296,9277,33598,43770,45672,28926,14898,51,0,3
0,274855,0,2047,41869,9014,6881,66500,36826,32723,23420,51,0,3
0,274855,0,412,41869,9014,6881,66500,36826,32723,23420,51,0,3
0,274855,0,2047,41869,9014,6881,66500,36826,32723,23420,51,0,3
0,274855,0,428,41869,9014,6881,66500,36826,32723,23420,51,0,3
0,274855,0,-2048,41869,9014,6881,66500,36826,32723,23420,51,0,3
0,274855,0,2047,41869,9014,6881,66500,36826,32723,23420,51,0,3
0,274855,0,513,41869,9014,6881,66500,36826,32723,23420,51,0,3
0,274855,0,-2048,41869,9014,6881,66500,36826,32723,23420,51,0,3
0,274855,0,2047,41869,9014,6881,66500,36826,32723,23420,51,0,3
0,274855,0,1927,41869,9014,6881,66500,36826,32723,23420,51,0,3
0,520223,0,386,112056,29064,38079,51480,81600,55675,19177,51,0,3
0,520223,0,98,112056,29064,38079,51480,81600,55675,19177,51,0,3
0,520223,0,-1141,112056,29064,38079,51480,81600,55675,19177,51,0,3
0,520223,0,2047,112056,29064,38079,51480,81600,55675,19177,51,0,3
0,520223,0,-822,112056,29064,38079,51480,81600,55675,19177,51,0,3
0,520223,0,-552,112056,29064,38079,51480,81600,55675,19177,51,0,3
0,520223,0,737,112056,29064,38079,51480,81600,55675,19177,51,0,3
0,520223,0,152,112056,29064,38079,51480,81600,55675,19177,51,0,3
0,520223,0,66,112056,29064,38079,51480,81600,55675,19177,51,0,3
0,520223,0,49,112056,29064,38079,51480,81600,55675,19177,51,0,3
0,483755,0,2047,64871,11213,13210,17459,54837,19918,12066,51,0,3
0,483755,0,560,64871,11213,13210,17459,54837,19918,12066,51,0,3
0,483755,0,-1281,64871,11213,13210,17459,54837,19918,12066,51,0,3
0,483755,0,2034,64871,11213,13210,17459,54837,19918,12066,51,0,3
0,483755,0,-1085,64871,11213,13210,17459,54837,19918,12066,51,0,3
0,483755,0,904,64871,11213,13210,17459,54837,19918,12066,51,0,3
0,483755,0,-1401,64871,11213,13210,17459,54837,19918,12066,51,0,3
0,483755,0,1147,64871,11213,13210,17459,54837,19918,12066,51,0,3
0,483755,0,241,64871,11213,13210,17459,54837,19918,12066,51,0,3
0,483755,0,69,64871,11213,13210,17459,54837,19918,12066,51,0,3
0,1506465,0,48,212722,437743,151050,219504,183658,69316,60949,51,0,3
0,1506465,0,1970,212722,437743,151050,219504,183658,69316,60949,51,0,3
0,1506465,0,345,212722,437743,151050,219504,183658,69316,60949,51,0,3
0,1506465,0,90,212722,437743,151050,219504,183658,69316,60949,51,0,3
0,1506465,0,52,212722,437743,151050,219504,183658,69316,60949,51,0,3
0,1506465,0,48,212722,437743,151050,219504,183658,69316,60949,51,0,3
0,1506465,0,44,212722,437743,151050,219504,183658,69316,60949,51,0,3
0,1506465,0,23,212722,437743,151050,219504,183658,69316,60949,51,0,3
0,1506465,0,1745,212722,437743,151050,219504,183658,69316,60949,51,0,3
0,1506465,0,612,212722,437743,151050,219504,183658,69316,60949,51,0,3
0,462110,0,118,26764,35808,28496,12447,11313,2921,1707,51,0,3
0,462110,0,56,26764,35808,28496,12447,11313,2921,1707,51,0,3
0,462110,0,-2048,26764,35808,28496,12447,11313,2921,1707,51,0,3
0,462110,0,2047,26764,35808,28496,12447,11313,2921,1707,51,0,3
0,462110,0,370,26764,35808,28496,12447,11313,2921,1707,51,0,3
0,462110,0,97,26764,35808,28496,12447,11313,2921,1707,51,0,3
0,462110,0,53,26764,35808,28496,12447,11313,2921,1707,51,0,3
0,462110,0,49,26764,35808,28496,12447,11313,2921,1707,51,0,3
0,462110,0,-1777,26764,35808,28496,12447,11313,2921,1707,51,0,3
0,462110,0,-898,26764,35808,28496,12447,11313,2921,1707,51,0,3
0,412682,0,2047,271101,225931,326341,394806,271605,40727,68506,51,0,3
0,412682,0,370,271101,225931,326341,394806,271605,40727,68506,51,0,3
0,412682,0,97,271101,225931,326341,394806,271605,40727,68506,51,0,3
0,412682,0,2047,271101,225931,326341,394806,271605,40727,68506,51,0,3
0,412682,0,1465,271101,225931,326341,394806,271605,40727,68506,51,0,3
0,412682,0,2047,271101,225931,326341,394806,271605,40727,68506,51,0,3
0,412682,0,-2048,271101,225931,326341,394806,271605,40727,68506,51,0,3
0,412682,0,2047,271101,225931,326341,394806,271605,40727,68506,51,0,3
0,412682,0,1240,271101,225931,326341,394806,271605,40727,68506,51,0,3
0,369572,0,-764,276828,64808,217642,122436,131317,74812,36431,51,0,3
0,369572,0,-73,276828,64808,217642,122436,131317,74812,36431,51,0,3
0,369572,0,907,276828,64808,217642,122436,131317,74812,36431,51,0,3
0,369572,0,-2048,276828,64808,217642,122436,131317,74812,36431,51,0,3
0,369572,0,2047,276828,64808,217642,122436,131317,74812,36431,51,0,3
0,369572,0,-2048,276828,64808,217642,122436,131317,74812,36431,51,0,3
0,369572,0,1974,276828,64808,217642,122436,131317,74812,36431,51,0,3
0,369572,0,336,276828,64808,217642,122436,131317,74812,36431,51,0,3
0,369572,0,-1037,276828,64808,217642,122436,131317,74812,36431,51,0,3
0,369572,0,-1740,276828,64808,217642,122436,131317,74812,36431,51,0,3
0,598936,0,-292,63011,37693,59239,107924,77415,21084,4948,51,0,3
0,598936,0,712,63011,37693,59239,107924,77415,21084,4948,51,0,3
0,598936,0,-759,63011,37693,59239,107924,77415,21084,4948,51,0,3
0,598936,0,2047,63011,37693,59239,107924,77415,21084,4948,51,0,3
0,598936,0,500,63011,37693,59239,107924,77415,21084,4948,51,0,3
0,598936,0,117,63011,37693,59239,107924,77415,21084,4948,51,0,3
0,598936,0,-1003,63011,37693,59239,107924,77415,21084,4948,51,0,3
0,598936,0,2047,63011,37693,59239,107924,77415,21084,4948,51,0,3
0,598936,0,1493,63011,37693,59239,107924,77415,21084,4948,51,0,3
0,598936,0,-2048,63011,37693,59239,107924,77415,21084,4948,51,0,3
0,1045686,0,-2048,1051030,20095,260283,255774,476743,185965,395752,51,0,3
0,1045686,0,2047,1051030,20095,260283,255774,476743,185965,395752,51,0,3
0,1045686,0,678,1051030,20095,260283,255774,476743,185965,395752,51,0,3
0,1045686,0,955,1051030,20095,260283,255774,476743,185965,395752,51,0,3
0,1045686,0,-1064,1051030,20095,260283,255774,476743,185965,395752,51,0,3
0,1045686,0,-123,1051030,20095,260283,255774,476743,185965,395752,51,0,3
0,1045686,0,1936,1051030,20095,260283,255774,476743,185965,395752,51,0,3
0,1045686,0,257,1051030,20095,260283,255774,476743,185965,395752,51,0,3
0,1045686,0,2047,1051030,20095,260283,255774,476743,185965,395752,51,0,3
0,1045686,0,1705,1051030,20095,260283,255774,476743,185965,395752,51,0,3
0,234656,0,251,141241,41815,132504,116299,113494,26025,11788,51,0,3
0,234656,0,77,141241,41815,132504,116299,113494,26025,11788,51,0,3
0,234656,0,54,141241,41815,132504,116299,113494,26025,11788,51,0,3
0,234656,0,584,141241,41815,132504,116299,113494,26025,11788,51,0,3
0,234656,0,-1942,141241,41815,132504,116299,113494,26025,11788,51,0,3
0,234656,0,-1814,141241,41815,132504,116299,113494,26025,11788,51,0,3
0,234656,0,2047,141241,41815,132504,116299,113494,26025,11788,51,0,3
0,234656,0,-360,141241,41815,132504,116299,113494,26025,11788,51,0,3
0,234656,0,608,141241,41815,132504,116299,113494,26025,11788,51,0,3
0,234656,0,-1941,141241,41815,132504,116299,113494,26025,11788,51,0,3
0,1716866,0,2047,2056986,28931,201580,192898,189766,259950,307132,51,0,3
0,1716866,0,513,2056986,28931,201580,192898,189766,259950,307132,51,0,3
0,1716866,0,-1122,2056986,28931,201580,192898,189766,259950,307132,51,0,3
0,1716866,0,480,2056986,28931,201580,192898,189766,259950,307132,51,0,3
0,1716866,0,1848,2056986,28931,201580,192898,189766,259950,307132,51,0,3
0,1716866,0,325,2056986,28931,201580,192898,189766,259950,307132,51,0,3
0,1716866,0,-856,2056986,28931,201580,192898,189766,259950,307132,51,0,3
0,1716866,0,2047,2056986,28931,201580,192898,189766,259950,307132,51,0,3
0,1716866,0,965,2056986,28931,201580,192898,189766,259950,307132,51,0,3
0,1716866,0,-2048,2056986,28931,201580,192898,189766,259950,307132,51,0,3
0,223599,0,1923,144377,10097,60595,16449,41055,28478,20617,51,0,3
0,223599,0,340,144377,10097,60595,16449,41055,28478,20617,51,0,3
0,223599,0,-738,144377,10097,60595,16449,41055,28478,20617,51,0,3
0,223599,0,379,144377,10097,60595,16449,41055,28478,20617,51,0,3
0,223599,0,1428,144377,10097,60595,16449,41055,28478,20617,51,0,3
0,223599,0,259,144377,10097,60595,16449,41055,28478,20617,51,0,3
0,223599,0,1036,144377,10097,60595,16449,41055,28478,20617,51,0,3
0,223599,0,220,144377,10097,60595,16449,41055,28478,20617,51,0,3
0,223599,0,1578,144377,10097,60595,16449,41055,28478,20617,51,0,3
0,223599,0,650,144377,10097,60595,16449,41055,28478,20617,51,0,3
0,602089,0,-2048,193844,130715,30135,63903,99878,68745,63674,51,0,3
0,602089,0,644,193844,130715,30135,63903,99878,68745,63674,51,0,3
0,602089,0,1589,193844,130715,30135,63903,99878,68745,63674,51,0,3
0,602089,0,283,193844,130715,30135,63903,99878,68745,63674,51,0,3
0,602089,0,406,193844,130715,30135,63903,99878,68745,63674,51,0,3
0,602089,0,-2048,193844,130715,30135,63903,99878,68745,63674,51,0,3
0,602089,0,-2048,193844,130715,30135,63903,99878,68745,63674,51,0,3
0,602089,0,-409,193844,130715,30135,63903,99878,68745,63674,51,0,3
0,602089,0,973,193844,130715,30135,63903,99878,68745,63674,51,0,3
0,602089,0,188,193844,130715,30135,63903,99878,68745,63674,51,0,3
0,642842,0,61,182556,105252,42800,105206,93819,96783,119303,51,0,3
0,642842,0,1669,182556,105252,42800,105206,93819,96783,119303,51,0,3
0,642842,0,297,182556,105252,42800,105206,93819,96783,119303,51,0,3
0,642842,0,-2048,182556,105252,42800,105206,93819,96783,119303,51,0,3
0,642842,0,491,182556,105252,42800,105206,93819,96783,119303,51,0,3
0,642842,0,115,182556,105252,42800,105206,93819,96783,119303,51,0,3
0,642842,0,56,182556,105252,42800,105206,93819,96783,119303,51,0,3
0,642842,0,-2048,182556,105252,42800,105206,93819,96783,119303,51,0,3
0,642842,0,-1061,182556,105252,42800,105206,93819,96783,119303,51,0,3
0,642842,0,1322,182556,105252,42800,105206,93819,96783,119303,51,0,3
0,186111,0,210,105047,22262,11203,19622,26044,6830,6334,51,0,3
0,186111,0,70,105047,22262,11203,19622,26044,6830,6334,51,0,3
0,186111,0,1088,105047,22262,11203,19622,26044,6830,6334,51,0,3
0,186111,0,200,105047,22262,11203,19622,26044,6830,6334,51,0,3
0,186111,0,-2048,105047,22262,11203,19622,26044,6830,6334,51,0,3
0,186111,0,505,105047,22262,11203,19622,26044,6830,6334,51,0,3
0,186111,0,104,105047,22262,11203,19622,26044,6830,6334,51,0,3
0,186111,0,54,105047,22262,11203,19622,26044,6830,6334,51,0,3
0,186111,0,-2048,105047,22262,11203,19622,26044,6830,6334,51,0,3
0,186111,0,-1499,105047,22262,11203,19622,26044,6830,6334,51,0,3
0,404907,0,810,57901,43902,21022,21861,26725,24173,14975,51,0,3
0,404907,0,259,57901,43902,21022,21861,26725,24173,14975,51,0,3
0,404907,0,1144,57901,43902,21022,21861,26725,24173,14975,51,0,3
0,404907,0,215,57901,43902,21022,21861,26725,24173,14975,51,0,3
0,404907,0,68,57901,43902,21022,21861,26725,24173,14975,51,0,3
0,404907,0,49,57901,43902,21022,21861,26725,24173,14975,51,0,3
0,404907,0,45,57901,43902,21022,21861,26725,24173,14975,51,0,3
0,404907,0,-612,57901,43902,21022,21861,26725,24173,14975,51,0,3
0,404907,0,-989,57901,43902,21022,21861,26725,24173,14975,51,0,3
0,404907,0,144,57901,43902,21022,21861,26725,24173,14975,51,0,3
0,1340371,0,408,449698,9943,70639,475025,376593,146722,169908,51,0,3
0,1340371,0,1861,449698,9943,70639,475025,376593,146722,169908,51,0,3
0,1340371,0,327,449698,9943,70639,475025,376593,146722,169908,51,0,3
0,1340371,0,85,449698,9943,70639,475025,376593,146722,169908,51,0,3
0,1340371,0,50,449698,9943,70639,475025,376593,146722,169908,51,0,3
0,1340371,0,44,449698,9943,70639,475025,376593,146722,169908,51,0,3
0,1340371,0,49,449698,9943,70639,475025,376593,146722,169908,51,0,3
0,1340371,0,-1937,449698,9943,70639,475025,376593,146722,169908,51,0,3
0,1340371,0,-260,449698,9943,70639,475025,376593,146722,169908,51,0,3
0,255028,0,689,39570,19224,11974,44237,28867,13626,16362,51,0,3
0,255028,0,145,39570,19224,11974,44237,28867,13626,16362,51,0,3
0,255028,0,-674,39570,19224,11974,44237,28867,13626,16362,51,0,3
0,255028,0,409,39570,19224,11974,44237,28867,13626,16362,51,0,3
0,255028,0,-2048,39570,19224,11974,44237,28867,13626,16362,51,0,3
0,255028,0,2047,39570,19224,11974,44237,28867,13626,16362,51,0,3
0,255028,0,365,39570,19224,11974,44237,28867,13626,16362,51,0,3
0,255028,0,93,39570,19224,11974,44237,28867,13626,16362,51,0,3
0,255028,0,85,39570,19224,11974,44237,28867,13626,16362,51,0,3
0,255028,0,52,39570,19224,11974,44237,28867,13626,16362,51,0,3
0,206185,0,70,365601,27692,7793,20640,26231,19995,27468,51,0,3
0,206185,0,49,365601,27692,7793,20640,26231,19995,27468,51,0,3
0,206185,0,994,365601,27692,7793,20640,26231,19995,27468,51,0,3
0,206185,0,171,365601,27692,7793,20640,26231,19995,27468,51,0,3
0,206185,0,60,365601,27692,7793,20640,26231,19995,27468,51,0,3
0,206185,0,49,365601,27692,7793,20640,26231,19995,27468,51,0,3
0,206185,0,48,365601,27692,7793,20640,26231,19995,27468,51,0,3
0,206185,0,48,365601,27692,7793,20640,26231,19995,27468,51,0,3
0,206185,0,-2048,365601,27692,7793,20640,26231,19995,27468,51,0,3
0,206185,0,-682,365601,27692,7793,20640,26231,19995,27468,51,0,3
0,1487675,0,2047,747114,34617,92162,74028,91944,129902,93676,51,0,3
0,1487675,0,598,747114,34617,92162,74028,91944,129902,93676,51,0,3
0,1487675,0,-2048,747114,34617,92162,74028,91944,129902,93676,51,0,3
0,1487675,0,587,747114,34617,92162,74028,91944,129902,93676,51,0,3
0,1487675,0,146,747114,34617,92162,74028,91944,129902,93676,51,0,3
0,1487675,0,58,747114,34617,92162,74028,91944,129902,93676,51,0,3
0,1487675,0,48,747114,34617,92162,74028,91944,129902,93676,51,0,3
0,1487675,0,48,747114,34617,92162,74028,91944,129902,93676,51,0,3
0,1487675,0,48,747114,34617,92162,74028,91944,129902,93676,51,0,3
0,1487675,0,26,747114,34617,92162,74028,91944,129902,93676,51,0,3
0,1366204,0,-249,470577,337080,177094,265683,171997,95846,61254,51,0,3
0,1366204,0,-2048,470577,337080,177094,265683,171997,95846,61254,51,0,3
0,1366204,0,-462,470577,337080,177094,265683,171997,95846,61254,51,0,3
0,1366204,0,933,470577,337080,177094,265683,171997,95846,61254,51,0,3
0,1366204,0,139,470577,337080,177094,265683,171997,95846,61254,51,0,3
0,1366204,0,59,470577,337080,177094,265683,171997,95846,61254,51,0,3
0,1366204,0,-2048,470577,337080,177094,265683,171997,95846,61254,51,0,3
0,1366204,0,-1077,470577,337080,177094,265683,171997,95846,61254,51,0,3
0,1366204,0,1320,470577,337080,177094,265683,171997,95846,61254,51,0,3
0,1366204,0,314,470577,337080,177094,265683,171997,95846,61254,51,0,3
0,465474,0,80,215409,16307,45283,36690,65047,70013,23047,51,0,3
0,465474,0,50,215409,16307,45283,36690,65047,70013,23047,51,0,3
0,465474,0,-2048,215409,16307,45283,36690,65047,70013,23047,51,0,3
0,465474,0,630,215409,16307,45283,36690,65047,70013,23047,51,0,3
0,465474,0,-2048,215409,16307,45283,36690,65047,70013,23047,51,0,3
0,465474,0,2047,215409,16307,45283,36690,65047,70013,23047,51,0,3
0,465474,0,375,215409,16307,45283,36690,65047,70013,23047,51,0,3
0,465474,0,97,215409,16307,45283,36690,65047,70013,23047,51,0,3
0,465474,0,53,215409,16307,45283,36690,65047,70013,23047,51,0,3
0,465474,0,44,215409,16307,45283,36690,65047,70013,23047,51,0,3
0,1455606,0,-110,139586,62441,120666,61406,83943,31487,21752,51,0,3
0,1455606,0,-1068,139586,62441,120666,61406,83943,31487,21752,51,0,3
0,1455606,0,-581,139586,62441,120666,61406,83943,31487,21752,51,0,3
0,1455606,0,2047,139586,62441,120666,61406,83943,31487,21752,51,0,3
0,1455606,0,410,139586,62441,120666,61406,83943,31487,21752,51,0,3
0,1455606,0,101,139586,62441,120666,61406,83943,31487,21752,51,0,3
0,1455606,0,54,139586,62441,120666,61406,83943,31487,21752,51,0,3
0,1455606,0,45,139586,62441,120666,61406,83943,31487,21752,51,0,3
0,1455606,0,44,139586,62441,120666,61406,83943,31487,21752,51,0,3
0,1455606,0,48,139586,62441,120666,61406,83943,31487,21752,51,0,3
0,747406,0,-171,25247,45107,24229,27091,32529,24173,49493,51,0,3
0,747406,0,-2048,25247,45107,24229,27091,32529,24173,49493,51,0,3
0,747406,0,1061,25247,45107,24229,27091,32529,24173,49493,51,0,3
0,747406,0,1992,25247,45107,24229,27091,32529,24173,49493,51,0,3
0,747406,0,887,25247,45107,24229,27091,32529,24173,49493,51,0,3
0,747406,0,171,25247,45107,24229,27091,32529,24173,49493,51,0,3
0,747406,0,66,25247,45107,24229,27091,32529,24173,49493,51,0,3
0,747406,0,49,25247,45107,24229,27091,32529,24173,49493,51,0,3
0,747406,0,44,25247,45107,24229,27091,32529,24173,49493,51,0,3
0,747406,0,-2048,25247,45107,24229,27091,32529,24173,49493,51,0,3
0,663790,0,-761,1039272,220144,354224,424384,227276,98324,13948,51,0,3
0,663790,0,1515,1039272,220144,354224,424384,227276,98324,13948,51,0,3
0,663790,0,274,1039272,220144,354224,424384,227276,98324,13948,51,0,3
0,663790,0,2043,1039272,220144,354224,424384,227276,98324,13948,51,0,3
0,663790,0,357,1039272,220144,354224,424384,227276,98324,13948,51,0,3
0,663790,0,92,1039272,220144,354224,424384,227276,98324,13948,51,0,3
0,663790,0,-2048,1039272,220144,354224,424384,227276,98324,13948,51,0,3
0,663790,0,-541,1039272,220144,354224,424384,227276,98324,13948,51,0,3
0,663790,0,1483,1039272,220144,354224,424384,227276,98324,13948,51,0,3
0,663790,0,-1898,1039272,220144,354224,424384,227276,98324,13948,51,0,3
0,386359,0,2047,39008,89696,115212,88326,79863,46460,34968,51,0,3
0,386359,0,698,39008,89696,115212,88326,79863,46460,34968,51,0,3
0,386359,0,147,39008,89696,115212,88326,79863,46460,34968,51,0,3
0,386359,0,2047,39008,89696,115212,88326,79863,46460,34968,51,0,3
0,386359,0,363,39008,89696,115212,88326,79863,46460,34968,51,0,3
0,386359,0,116,39008,89696,115212,88326,79863,46460,34968,51,0,3
0,386359,0,53,39008,89696,115212,88326,79863,46460,34968,51,0,3
0,386359,0,-1892,39008,89696,115212,88326,79863,46460,34968,51,0,3
0,386359,0,1152,39008,89696,115212,88326,79863,46460,34968,51,0,3
0,386359,0,216,39008,89696,115212,88326,79863,46460,34968,51,0,3
0,1300029,0,76,254186,76153,181190,125413,120937,71824,28109,51,0,3
0,1300029,0,52,254186,76153,181190,125413,120937,71824,28109,51,0,3
0,1300029,0,44,254186,76153,181190,125413,120937,71824,28109,51,0,3
0,1300029,0,-2048,254186,76153,181190,125413,120937,71824,28109,51,0,3
0,1300029,0,881,254186,76153,181190,125413,120937,71824,28109,51,0,3
0,1300029,0,173,254186,76153,181190,125413,120937,71824,28109,51,0,3
0,1300029,0,65,254186,76153,181190,125413,120937,71824,28109,51,0,3
0,1300029,0,48,254186,76153,181190,125413,120937,71824,28109,51,0,3
0,1300029,0,44,254186,76153,181190,125413,120937,71824,28109,51,0,3
0,1300029,0,45,254186,76153,181190,125413,120937,71824,28109,51,0,3
0,628859,0,48,4946,6647,7170,3291,17139,24879,16241,25,0,3
0,628859,0,-34,4946,6647,7170,3291,17139,24879,16241,25,0,3
0,628859,0,17,4946,6647,7170,3291,17139,24879,16241,25,0,3
0,628859,0,99,4946,6647,7170,3291,17139,24879,16241,25,0,3
0,628859,0,1512,4946,6647,7170,3291,17139,24879,16241,25,0,3
0,628859,0,273,4946,6647,7170,3291,17139,24879,16241,25,0,3
0,628859,0,81,4946,6647,7170,3291,17139,24879,16241,25,0,3
0,628859,0,50,4946,6647,7170,3291,17139,24879,16241,25,0,3
0,628859,0,45,4946,6647,7170,3291,17139,24879,16241,25,0,3
0,628859,0,45,4946,6647,7170,3291,17139,24879,16241,25,0,3
0,740269,0,48,97582,56285,67403,32728,58944,53074,5152,51,0,3
0,740269,0,44,97582,56285,67403,32728,58944,53074,5152,51,0,3
0,740269,0,-25,97582,56285,67403,32728,58944,53074,5152,51,0,3
0,740269,0,-1258,97582,56285,67403,32728,58944,53074,5152,51,0,3
0,740269,0,1033,97582,56285,67403,32728,58944,53074,5152,51,0,3
0,740269,0,198,97582,56285,67403,32728,58944,53074,5152,51,0,3
0,740269,0,69,97582,56285,67403,32728,58944,53074,5152,51,0,3
0,740269,0,49,97582,56285,67403,32728,58944,53074,5152,51,0,3
0,740269,0,44,97582,56285,67403,32728,58944,53074,5152,51,0,3
0,740269,0,49,97582,56285,67403,32728,58944,53074,5152,51,0,3
0,768139,0,36,41355,17559,66061,69629,71129,47569,49296,25,0,3
0,768139,0,-242,41355,17559,66061,69629,71129,47569,49296,25,0,3
0,768139,0,26,41355,17559,66061,69629,71129,47569,49296,25,0,3
0,768139,0,68,41355,17559,66061,69629,71129,47569,49296,25,0,3
0,768139,0,1507,41355,17559,66061,69629,71129,47569,49296,25,0,3
0,768139,0,273,41355,17559,66061,69629,71129,47569,49296,25,0,3
0,768139,0,71,41355,17559,66061,69629,71129,47569,49296,25,0,3
0,768139,0,49,41355,17559,66061,69629,71129,47569,49296,25,0,3
0,768139,0,49,41355,17559,66061,69629,71129,47569,49296,25,0,3
0,768139,0,45,41355,17559,66061,69629,71129,47569,49296,25,0,3
0,517548,0,44,91123,85436,75297,18447,46125,40318,19763,51,0,3
0,517548,0,-1857,91123,85436,75297,18447,46125,40318,19763,51,0,3
0,517548,0,737,91123,85436,75297,18447,46125,40318,19763,51,0,3
0,517548,0,202,91123,85436,75297,18447,46125,40318,19763,51,0,3
0,517548,0,1241,91123,85436,75297,18447,46125,40318,19763,51,0,3
0,517548,0,230,91123,85436,75297,18447,46125,40318,19763,51,0,3
0,517548,0,73,91123,85436,75297,18447,46125,40318,19763,51,0,3
0,517548,0,-1714,91123,85436,75297,18447,46125,40318,19763,51,0,3
0,517548,0,2047,91123,85436,75297,18447,46125,40318,19763,51,0,3
0,517548,0,433,91123,85436,75297,18447,46125,40318,19763,51,0,3
0,144684,0,107,13532,6444,15408,13102,29859,3614,3462,51,0,3
0,144684,0,55,13532,6444,15408,13102,29859,3614,3462,51,0,3
0,144684,0,49,13532,6444,15408,13102,29859,3614,3462,51,0,3
0,144684,0,-2048,13532,6444,15408,13102,29859,3614,3462,51,0,3
0,144684,0,-620,13532,6444,15408,13102,29859,3614,3462,51,0,3
0,144684,0,2047,13532,6444,15408,13102,29859,3614,3462,51,0,3
0,144684,0,375,13532,6444,15408,13102,29859,3614,3462,51,0,3
0,144684,0,-2048,13532,6444,15408,13102,29859,3614,3462,51,0,3
0,144684,0,2047,13532,6444,15408,13102,29859,3614,3462,51,0,3
0,1757527,0,571,112609,81018,92677,40858,121926,39697,28987,51,0,3
0,1757527,0,128,112609,81018,92677,40858,121926,39697,28987,51,0,3
0,1757527,0,-979,112609,81018,92677,40858,121926,39697,28987,51,0,3
0,1757527,0,935,112609,81018,92677,40858,121926,39697,28987,51,0,3
0,1757527,0,144,112609,81018,92677,40858,121926,39697,28987,51,0,3
0,1757527,0,59,112609,81018,92677,40858,121926,39697,28987,51,0,3
0,1757527,0,2047,112609,81018,92677,40858,121926,39697,28987,51,0,3
0,1757527,0,560,112609,81018,92677,40858,121926,39697,28987,51,0,3
0,1757527,0,100,112609,81018,92677,40858,121926,39697,28987,51,0,3
0,1757527,0,53,112609,81018,92677,40858,121926,39697,28987,51,0,3
0,302951,0,48,11743,7492,5352,18692,20141,25251,21842,51,0,3
0,302951,0,-2048,11743,7492,5352,18692,20141,25251,21842,51,0,3
0,302951,0,-307,11743,7492,5352,18692,20141,25251,21842,51,0,3
0,302951,0,1408,11743,7492,5352,18692,20141,25251,21842,51,0,3
0,302951,0,257,11743,7492,5352,18692,20141,25251,21842,51,0,3
0,302951,0,-2048,11743,7492,5352,18692,20141,25251,21842,51,0,3
0,302951,0,1528,11743,7492,5352,18692,20141,25251,21842,51,0,3
0,302951,0,1299,11743,7492,5352,18692,20141,25251,21842,51,0,3
0,302951,0,-2048,11743,7492,5352,18692,20141,25251,21842,51,0,3
0,302951,0,2047,11743,7492,5352,18692,20141,25251,21842,51,0,3
0,1081913,0,421,757915,293665,252351,344742,234026,165413,108697,51,0,3
0,1081913,0,-1298,757915,293665,252351,344742,234026,165413,108697,51,0,3
0,1081913,0,-876,757915,293665,252351,344742,234026,165413,108697,51,0,3
0,1081913,0,-2048,757915,293665,252351,344742,234026,165413,108697,51,0,3
0,1081913,0,1403,757915,293665,252351,344742,234026,165413,108697,51,0,3
0,1081913,0,256,757915,293665,252351,344742,234026,165413,108697,51,0,3
0,1081913,0,76,757915,293665,252351,344742,234026,165413,108697,51,0,3
0,1081913,0,-42,757915,293665,252351,344742,234026,165413,108697,51,0,3
0,1081913,0,608,757915,293665,252351,344742,234026,165413,108697,51,0,3
0,1081913,0,1207,757915,293665,252351,344742,234026,165413,108697,51,0,3
0,1689809,0,252,537476,751603,611676,541083,329513,175383,189365,51,0,3
0,1689809,0,76,537476,751603,611676,541083,329513,175383,189365,51,0,3
0,1689809,0,53,537476,751603,611676,541083,329513,175383,189365,51,0,3
0,1689809,0,48,537476,751603,611676,541083,329513,175383,189365,51,0,3
0,1689809,0,45,537476,751603,611676,541083,329513,175383,189365,51,0,3
0,1689809,0,44,537476,751603,611676,541083,329513,175383,189365,51,0,3
0,1689809,0,45,537476,751603,611676,541083,329513,175383,189365,51,0,3
0,1689809,0,44,537476,751603,611676,541083,329513,175383,189365,51,0,3
0,1689809,0,1381,537476,751603,611676,541083,329513,175383,189365,51,0,3
0,1689809,0,-1206,537476,751603,611676,541083,329513,175383,189365,51,0,3
0,571267,0,2047,52748,36665,14816,29999,39911,10566,14402,51,0,3
0,571267,0,504,52748,36665,14816,29999,39911,10566,14402,51,0,3
0,571267,0,260,52748,36665,14816,29999,39911,10566,14402,51,0,3
0,571267,0,73,52748,36665,14816,29999,39911,10566,14402,51,0,3
0,571267,0,-1469,52748,36665,14816,29999,39911,10566,14402,51,0,3
0,571267,0,1915,52748,36665,14816,29999,39911,10566,14402,51,0,3
0,571267,0,423,52748,36665,14816,29999,39911,10566,14402,51,0,3
0,571267,0,104,52748,36665,14816,29999,39911,10566,14402,51,0,3
0,571267,0,54,52748,36665,14816,29999,39911,10566,14402,51,0,3
0,571267,0,1952,52748,36665,14816,29999,39911,10566,14402,51,0,3
0,744853,0,588,195500,30524,51967,36857,88054,94668,38563,51,0,3
0,744853,0,388,195500,30524,51967,36857,88054,94668,38563,51,0,3
0,744853,0,122,195500,30524,51967,36857,88054,94668,38563,51,0,3
0,744853,0,57,195500,30524,51967,36857,88054,94668,38563,51,0,3
0,744853,0,-1907,195500,30524,51967,36857,88054,94668,38563,51,0,3
0,744853,0,448,195500,30524,51967,36857,88054,94668,38563,51,0,3
0,744853,0,106,195500,30524,51967,36857,88054,94668,38563,51,0,3
0,744853,0,-2048,195500,30524,51967,36857,88054,94668,38563,51,0,3
0,744853,0,1837,195500,30524,51967,36857,88054,94668,38563,51,0,3
0,744853,0,908,195500,30524,51967,36857,88054,94668,38563,51,0,3
0,441974,0,200,94173,50794,29452,52211,35958,59341,22889,51,0,3
0,441974,0,1482,94173,50794,29452,52211,35958,59341,22889,51,0,3
0,441974,0,69,94173,50794,29452,52211,35958,59341,22889,51,0,3
0,441974,0,780,94173,50794,29452,52211,35958,59341,22889,51,0,3
0,441974,0,-1908,94173,50794,29452,52211,35958,59341,22889,51,0,3
0,441974,0,-258,94173,50794,29452,52211,35958,59341,22889,51,0,3
0,441974,0,1291,94173,50794,29452,52211,35958,59341,22889,51,0,3
0,441974,0,241,94173,50794,29452,52211,35958,59341,22889,51,0,3
0,441974,0,-1698,94173,50794,29452,52211,35958,59341,22889,51,0,3
0,441974,0,1417,94173,50794,29452,52211,35958,59341,22889,51,0,3
0,2037903,0,1283,245178,97879,265538,219807,161842,108792,41632,51,0,3
0,2037903,0,240,245178,97879,265538,219807,161842,108792,41632,51,0,3
0,2037903,0,73,245178,97879,265538,219807,161842,108792,41632,51,0,3
0,2037903,0,-2048,245178,97879,265538,219807,161842,108792,41632,51,0,3
0,2037903,0,2047,245178,97879,265538,219807,161842,108792,41632,51,0,3
0,2037903,0,520,245178,97879,265538,219807,161842,108792,41632,51,0,3
0,2037903,0,118,245178,97879,265538,219807,161842,108792,41632,51,0,3
0,2037903,0,56,245178,97879,265538,219807,161842,108792,41632,51,0,3
0,2037903,0,48,245178,97879,265538,219807,161842,108792,41632,51,0,3
0,2037903,0,48,245178,97879,265538,219807,161842,108792,41632,51,0,3
0,1618513,0,38,354741,173544,79502,91862,90302,100287,37295,51,0,3
0,1618513,0,1200,354741,173544,79502,91862,90302,100287,37295,51,0,3
0,1618513,0,183,354741,173544,79502,91862,90302,100287,37295,51,0,3
0,1618513,0,65,354741,173544,79502,91862,90302,100287,37295,51,0,3
0,1618513,0,49,354741,173544,79502,91862,90302,100287,37295,51,0,3
0,1618513,0,49,354741,173544,79502,91862,90302,100287,37295,51,0,3
0,1618513,0,-1591,354741,173544,79502,91862,90302,100287,37295,51,0,3
0,1618513,0,800,354741,173544,79502,91862,90302,100287,37295,51,0,3
0,1618513,0,850,354741,173544,79502,91862,90302,100287,37295,51,0,3
0,1618513,0,131,354741,173544,79502,91862,90302,100287,37295,51,0,3
0,362546,0,59,39203,14236,15455,38408,29836,10358,5663,51,0,3
0,362546,0,-2048,39203,14236,15455,38408,29836,10358,5663,51,0,3
0,362546,0,1020,39203,14236,15455,38408,29836,10358,5663,51,0,3
0,362546,0,197,39203,14236,15455,38408,29836,10358,5663,51,0,3
0,362546,0,67,39203,14236,15455,38408,29836,10358,5663,51,0,3
0,362546,0,50,39203,14236,15455,38408,29836,10358,5663,51,0,3
0,362546,0,-1245,39203,14236,15455,38408,29836,10358,5663,51,0,3
0,362546,0,2047,39203,14236,15455,38408,29836,10358,5663,51,0,3
0,362546,0,370,39203,14236,15455,38408,29836,10358,5663,51,0,3
0,362546,0,96,39203,14236,15455,38408,29836,10358,5663,51,0,3
0,1478241,0,52,270651,113384,79847,102392,137026,100456,173509,51,0,3
0,1478241,0,45,270651,113384,79847,102392,137026,100456,173509,51,0,3
0,1478241,0,1224,270651,113384,79847,102392,137026,100456,173509,51,0,3
0,1478241,0,215,270651,113384,79847,102392,137026,100456,173509,51,0,3
0,1478241,0,65,270651,113384,79847,102392,137026,100456,173509,51,0,3
0,1478241,0,48,270651,113384,79847,102392,137026,100456,173509,51,0,3
0,1478241,0,44,270651,113384,79847,102392,137026,100456,173509,51,0,3
0,1478241,0,44,270651,113384,79847,102392,137026,100456,173509,51,0,3
0,1478241,0,48,270651,113384,79847,102392,137026,100456,173509,51,0,3
0,1478241,0,45,270651,113384,79847,102392,137026,100456,173509,51,0,3
0,539443,0,12,142838,12238,23837,71400,49137,41879,18345,25,0,3
0,539443,0,-154,142838,12238,23837,71400,49137,41879,18345,25,0,3
0,539443,0,2045,142838,12238,23837,71400,49137,41879,18345,25,0,3
0,539443,0,357,142838,12238,23837,71400,49137,41879,18345,25,0,3
0,539443,0,92,142838,12238,23837,71400,49137,41879,18345,25,0,3
0,539443,0,416,142838,12238,23837,71400,49137,41879,18345,25,0,3
0,539443,0,103,142838,12238,23837,71400,49137,41879,18345,25,0,3
0,539443,0,54,142838,12238,23837,71400,49137,41879,18345,25,0,3
0,539443,0,45,142838,12238,23837,71400,49137,41879,18345,25,0,3
0,539443,0,43,142838,12238,23837,71400,49137,41879,18345,25,0,3
0,197569,0,-229,30989,31700,17088,12700,39548,38315,21717,51,0,3
0,197569,0,125,30989,31700,17088,12700,39548,38315,21717,51,0,3
0,197569,0,-2048,30989,31700,17088,12700,39548,38315,21717,51,0,3
0,197569,0,1028,30989,31700,17088,12700,39548,38315,21717,51,0,3
0,197569,0,1234,30989,31700,17088,12700,39548,38315,21717,51,0,3
0,197569,0,229,30989,31700,17088,12700,39548,38315,21717,51,0,3
0,197569,0,73,30989,31700,17088,12700,39548,38315,21717,51,0,3
0,197569,0,50,30989,31700,17088,12700,39548,38315,21717,51,0,3
0,197569,0,44,30989,31700,17088,12700,39548,38315,21717,51,0,3
0,197569,0,45,30989,31700,17088,12700,39548,38315,21717,51,0,3
0,1662161,0,44,256354,98762,210967,224317,159472,53129,46198,51,0,3
0,1662161,0,27,256354,98762,210967,224317,159472,53129,46198,51,0,3
0,1662161,0,2047,256354,98762,210967,224317,159472,53129,46198,51,0,3
0,1662161,0,554,256354,98762,210967,224317,159472,53129,46198,51,0,3
0,1662161,0,122,256354,98762,210967,224317,159472,53129,46198,51,0,3
0,1662161,0,56,256354,98762,210967,224317,159472,53129,46198,51,0,3
0,1662161,0,48,256354,98762,210967,224317,159472,53129,46198,51,0,3
0,1662161,0,-2005,256354,98762,210967,224317,159472,53129,46198,51,0,3
0,1662161,0,1527,256354,98762,210967,224317,159472,53129,46198,51,0,3
0,184982,0,977,34705,8756,10063,12654,14318,5909,4834,51,0,3
0,184982,0,189,34705,8756,10063,12654,14318,5909,4834,51,0,3
0,184982,0,67,34705,8756,10063,12654,14318,5909,4834,51,0,3
0,184982,0,-2048,34705,8756,10063,12654,14318,5909,4834,51,0,3
0,184982,0,566,34705,8756,10063,12654,14318,5909,4834,51,0,3
0,184982,0,117,34705,8756,10063,12654,14318,5909,4834,51,0,3
0,184982,0,56,34705,8756,10063,12654,14318,5909,4834,51,0,3
0,184982,0,48,34705,8756,10063,12654,14318,5909,4834,51,0,3
0,184982,0,48,34705,8756,10063,12654,14318,5909,4834,51,0,3
0,184982,0,42,34705,8756,10063,12654,14318,5909,4834,51,0,3
0,637323,0,-339,28208,8691,23913,20295,16760,4609,888,51,0,3
0,637323,0,173,28208,8691,23913,20295,16760,4609,888,51,0,3
0,637323,0,-88,28208,8691,23913,20295,16760,4609,888,51,0,3
0,637323,0,-205,28208,8691,23913,20295,16760,4609,888,51,0,3
0,637323,0,1419,28208,8691,23913,20295,16760,4609,888,51,0,3
0,637323,0,258,28208,8691,23913,20295,16760,4609,888,51,0,3
0,637323,0,77,28208,8691,23913,20295,16760,4609,888,51,0,3
0,637323,0,50,28208,8691,23913,20295,16760,4609,888,51,0,3
0,637323,0,45,28208,8691,23913,20295,16760,4609,888,51,0,3
0,637323,0,48,28208,8691,23913,20295,16760,4609,888,51,0,3
0,1091678,0,44,131757,49135,20519,19207,20326,10783,16718,51,0,3
0,1091678,0,45,131757,49135,20519,19207,20326,10783,16718,51,0,3
0,1091678,0,48,131757,49135,20519,19207,20326,10783,16718,51,0,3
0,1091678,0,39,131757,49135,20519,19207,20326,10783,16718,51,0,3
0,1091678,0,-1746,131757,49135,20519,19207,20326,10783,16718,51,0,3
0,1091678,0,882,131757,49135,20519,19207,20326,10783,16718,51,0,3
0,1091678,0,176,131757,49135,20519,19207,20326,10783,16718,51,0,3
0,1091678,0,116,131757,49135,20519,19207,20326,10783,16718,51,0,3
0,1091678,0,56,131757,49135,20519,19207,20326,10783,16718,51,0,3
0,1091678,0,44,131757,49135,20519,19207,20326,10783,16718,51,0,3
0,463456,0,44,25690,25829,9271,5441,5488,1455,1799,51,0,3
0,463456,0,44,25690,25829,9271,5441,5488,1455,1799,51,0,3
0,463456,0,8,25690,25829,9271,5441,5488,1455,1799,51,0,3
0,463456,0,1015,25690,25829,9271,5441,5488,1455,1799,51,0,3
0,463456,0,2047,25690,25829,9271,5441,5488,1455,1799,51,0,3
0,463456,0,-2048,25690,25829,9271,5441,5488,1455,1799,51,0,3
0,463456,0,546,25690,25829,9271,5441,5488,1455,1799,51,0,3
0,463456,0,122,25690,25829,9271,5441,5488,1455,1799,51,0,3
0,463456,0,56,25690,25829,9271,5441,5488,1455,1799,51,0,3
0,463456,0,-2048,25690,25829,9271,5441,5488,1455,1799,51,0,3
0,969202,0,2047,977501,59753,569324,472492,458829,334786,204976,51,0,3
0,969202,0,401,977501,59753,569324,472492,458829,334786,204976,51,0,3
0,969202,0,100,977501,59753,569324,472492,458829,334786,204976,51,0,3
0,969202,0,54,977501,59753,569324,472492,458829,334786,204976,51,0,3
0,969202,0,-2048,977501,59753,569324,472492,458829,334786,204976,51,0,3
0,969202,0,1558,977501,59753,569324,472492,458829,334786,204976,51,0,3
0,969202,0,432,977501,59753,569324,472492,458829,334786,204976,51,0,3
0,969202,0,104,977501,59753,569324,472492,458829,334786,204976,51,0,3
0,969202,0,54,977501,59753,569324,472492,458829,334786,204976,51,0,3
0,969202,0,50,977501,59753,569324,472492,458829,334786,204976,51,0,3
0,1068205,0,-2048,164332,25747,9217,12051,16688,16271,14497,51,0,3
0,1068205,0,-414,164332,25747,9217,12051,16688,16271,14497,51,0,3
0,1068205,0,467,164332,25747,9217,12051,16688,16271,14497,51,0,3
0,1068205,0,113,164332,25747,9217,12051,16688,16271,14497,51,0,3
0,1068205,0,55,164332,25747,9217,12051,16688,16271,14497,51,0,3
0,1068205,0,-2048,164332,25747,9217,12051,16688,16271,14497,51,0,3
0,1068205,0,572,164332,25747,9217,12051,16688,16271,14497,51,0,3
0,1068205,0,128,164332,25747,9217,12051,16688,16271,14497,51,0,3
0,1068205,0,57,164332,25747,9217,12051,16688,16271,14497,51,0,3
0,1068205,0,-2048,164332,25747,9217,12051,16688,16271,14497,51,0,3
0,86972,0,-518,9901,10803,5517,10305,9432,1158,939,51,0,3
0,86972,0,1281,9901,10803,5517,10305,9432,1158,939,51,0,3
0,86972,0,236,9901,10803,5517,10305,9432,1158,939,51,0,3
0,86972,0,74,9901,10803,5517,10305,9432,1158,939,51,0,3
0,86972,0,52,9901,10803,5517,10305,9432,1158,939,51,0,3
0,86972,0,-514,9901,10803,5517,10305,9432,1158,939,51,0,3
0,86972,0,2047,9901,10803,5517,10305,9432,1158,939,51,0,3
0,86972,0,539,9901,10803,5517,10305,9432,1158,939,51,0,3
0,86972,0,107,9901,10803,5517,10305,9432,1158,939,51,0,3
0,86972,0,53,9901,10803,5517,10305,9432,1158,939,51,0,3
0,2098594,0,45,218068,297776,138668,102060,89978,145934,124167,51,0,3
0,2098594,0,45,218068,297776,138668,102060,89978,145934,124167,51,0,3
0,2098594,0,45,218068,297776,138668,102060,89978,145934,124167,51,0,3
0,2098594,0,44,218068,297776,138668,102060,89978,145934,124167,51,0,3
0,2098594,0,-250,218068,297776,138668,102060,89978,145934,124167,51,0,3
0,2098594,0,1291,218068,297776,138668,102060,89978,145934,124167,51,0,3
0,2098594,0,236,218068,297776,138668,102060,89978,145934,124167,51,0,3
0,2098594,0,74,218068,297776,138668,102060,89978,145934,124167,51,0,3
0,2098594,0,49,218068,297776,138668,102060,89978,145934,124167,51,0,3
0,2098594,0,2047,218068,297776,138668,102060,89978,145934,124167,51,0,3
0,296262,0,615,607031,364983,378891,348114,951969,482198,365655,51,0,3
0,296262,0,133,607031,364983,378891,348114,951969,482198,365655,51,0,3
0,296262,0,57,607031,364983,378891,348114,951969,482198,365655,51,0,3
0,296262,0,48,607031,364983,378891,348114,951969,482198,365655,51,0,3
0,296262,0,-2048,607031,364983,378891,348114,951969,482198,365655,51,0,3
0,296262,0,801,607031,364983,378891,348114,951969,482198,365655,51,0,3
0,296262,0,-2048,607031,364983,378891,348114,951969,482198,365655,51,0,3
0,296262,0,-694,607031,364983,378891,348114,951969,482198,365655,51,0,3
0,296262,0,1117,607031,364983,378891,348114,951969,482198,365655,51,0,3
0,296262,0,220,607031,364983,378891,348114,951969,482198,365655,51,0,3
0,943165,0,244,104036,17720,3079,29393,17197,10843,6821,51,0,3
0,943165,0,-42,104036,17720,3079,29393,17197,10843,6821,51,0,3
0,943165,0,1093,104036,17720,3079,29393,17197,10843,6821,51,0,3
0,943165,0,316,104036,17720,3079,29393,17197,10843,6821,51,0,3
0,943165,0,86,104036,17720,3079,29393,17197,10843,6821,51,0,3
0,943165,0,-2048,104036,17720,3079,29393,17197,10843,6821,51,0,3
0,943165,0,666,104036,17720,3079,29393,17197,10843,6821,51,0,3
0,943165,0,-498,104036,17720,3079,29393,17197,10843,6821,51,0,3
0,943165,0,-740,104036,17720,3079,29393,17197,10843,6821,51,0,3
0,943165,0,2047,104036,17720,3079,29393,17197,10843,6821,51,0,3
0,626539,0,1706,641053,342888,242397,254277,350572,108519,46177,51,0,3
0,626539,0,-2048,641053,342888,242397,254277,350572,108519,46177,51,0,3
0,626539,0,2047,641053,342888,242397,254277,350572,108519,46177,51,0,3
0,626539,0,1896,641053,342888,242397,254277,350572,108519,46177,51,0,3
0,626539,0,1003,641053,342888,242397,254277,350572,108519,46177,51,0,3
0,626539,0,194,641053,342888,242397,254277,350572,108519,46177,51,0,3
0,626539,0,1305,641053,342888,242397,254277,350572,108519,46177,51,0,3
0,626539,0,2047,641053,342888,242397,254277,350572,108519,46177,51,0,3
0,626539,0,411,641053,342888,242397,254277,350572,108519,46177,51,0,3
0,626539,0,104,641053,342888,242397,254277,350572,108519,46177,51,0,3
0,1223691,0,-999,911600,197800,826947,567907,687280,210157,379713,51,0,3
0,1223691,0,-115,911600,197800,826947,567907,687280,210157,379713,51,0,3
0,1223691,0,27,911600,197800,826947,567907,687280,210157,379713,51,0,3
0,1223691,0,1600,911600,197800,826947,567907,687280,210157,379713,51,0,3
0,1223691,0,284,911600,197800,826947,567907,687280,210157,379713,51,0,3
0,1223691,0,82,911600,197800,826947,567907,687280,210157,379713,51,0,3
0,1223691,0,-2048,911600,197800,826947,567907,687280,210157,379713,51,0,3
0,1223691,0,-635,911600,197800,826947,567907,687280,210157,379713,51,0,3
0,1223691,0,-58,911600,197800,826947,567907,687280,210157,379713,51,0,3
0,1223691,0,322,911600,197800,826947,567907,687280,210157,379713,51,0,3
0,1163206,0,36,180088,80986,38886,76572,46232,15526,7316,51,0,3
0,1163206,0,43,180088,80986,38886,76572,46232,15526,7316,51,0,3
0,1163206,0,1786,180088,80986,38886,76572,46232,15526,7316,51,0,3
0,1163206,0,314,180088,80986,38886,76572,46232,15526,7316,51,0,3
0,1163206,0,-2048,180088,80986,38886,76572,46232,15526,7316,51,0,3
0,1163206,0,-434,180088,80986,38886,76572,46232,15526,7316,51,0,3
0,1163206,0,2047,180088,80986,38886,76572,46232,15526,7316,51,0,3
0,1163206,0,704,180088,80986,38886,76572,46232,15526,7316,51,0,3
0,1163206,0,150,180088,80986,38886,76572,46232,15526,7316,51,0,3
0,1163206,0,55,180088,80986,38886,76572,46232,15526,7316,51,0,3
0,192705,0,-2048,210858,23804,41729,72680,24844,14257,10081,51,0,3
0,192705,0,1219,210858,23804,41729,72680,24844,14257,10081,51,0,3
0,192705,0,258,210858,23804,41729,72680,24844,14257,10081,51,0,3
0,192705,0,1459,210858,23804,41729,72680,24844,14257,10081,51,0,3
0,192705,0,2047,210858,23804,41729,72680,24844,14257,10081,51,0,3
0,192705,0,969,210858,23804,41729,72680,24844,14257,10081,51,0,3
0,192705,0,187,210858,23804,41729,72680,24844,14257,10081,51,0,3
0,192705,0,-2048,210858,23804,41729,72680,24844,14257,10081,51,0,3
0,192705,0,677,210858,23804,41729,72680,24844,14257,10081,51,0,3
0,1298823,0,163,1160081,305457,434516,189143,268193,372795,161277,51,0,3
0,1298823,0,65,1160081,305457,434516,189143,268193,372795,161277,51,0,3
0,1298823,0,49,1160081,305457,434516,189143,268193,372795,161277,51,0,3
0,1298823,0,-2048,1160081,305457,434516,189143,268193,372795,161277,51,0,3
0,1298823,0,327,1160081,305457,434516,189143,268193,372795,161277,51,0,3
0,1298823,0,825,1160081,305457,434516,189143,268193,372795,161277,51,0,3
0,1298823,0,615,1160081,305457,434516,189143,268193,372795,161277,51,0,3
0,1298823,0,28,1160081,305457,434516,189143,268193,372795,161277,51,0,3
0,1298823,0,-1461,1160081,305457,434516,189143,268193,372795,161277,51,0,3
0,1298823,0,-2048,1160081,305457,434516,189143,268193,372795,161277,51,0,3
0,849027,0,1328,1251563,670003,456410,466034,477942,244025,127343,51,0,3
0,849027,0,-1241,1251563,670003,456410,466034,477942,244025,127343,51,0,3
0,849027,0,1041,1251563,670003,456410,466034,477942,244025,127343,51,0,3
0,849027,0,203,1251563,670003,456410,466034,477942,244025,127343,51,0,3
0,849027,0,71,1251563,670003,456410,466034,477942,244025,127343,51,0,3
0,849027,0,-1444,1251563,670003,456410,466034,477942,244025,127343,51,0,3
0,849027,0,1068,1251563,670003,456410,466034,477942,244025,127343,51,0,3
0,849027,0,202,1251563,670003,456410,466034,477942,244025,127343,51,0,3
0,849027,0,69,1251563,670003,456410,466034,477942,244025,127343,51,0,3
0,849027,0,25,1251563,670003,456410,466034,477942,244025,127343,51,0,3
0,665022,0,-242,118195,38670,18088,14918,63560,46014,22630,51,0,3
0,665022,0,1733,118195,38670,18088,14918,63560,46014,22630,51,0,3
0,665022,0,307,118195,38670,18088,14918,63560,46014,22630,51,0,3
0,665022,0,85,118195,38670,18088,14918,63560,46014,22630,51,0,3
0,665022,0,51,118195,38670,18088,14918,63560,46014,22630,51,0,3
0,665022,0,48,118195,38670,18088,14918,63560,46014,22630,51,0,3
0,665022,0,-2048,118195,38670,18088,14918,63560,46014,22630,51,0,3
0,665022,0,456,118195,38670,18088,14918,63560,46014,22630,51,0,3
0,665022,0,108,118195,38670,18088,14918,63560,46014,22630,51,0,3
0,665022,0,-2048,118195,38670,18088,14918,63560,46014,22630,51,0,3
0,457138,0,1618,117599,112423,94291,88592,74133,253991,233506,51,0,3
0,457138,0,-2048,117599,112423,94291,88592,74133,253991,233506,51,0,3
0,457138,0,1484,117599,112423,94291,88592,74133,253991,233506,51,0,3
0,457138,0,2007,117599,112423,94291,88592,74133,253991,233506,51,0,3
0,457138,0,413,117599,112423,94291,88592,74133,253991,233506,51,0,3
0,457138,0,90,117599,112423,94291,88592,74133,253991,233506,51,0,3
0,457138,0,858,117599,112423,94291,88592,74133,253991,233506,51,0,3
0,457138,0,170,117599,112423,94291,88592,74133,253991,233506,51,0,3
0,457138,0,107,117599,112423,94291,88592,74133,253991,233506,51,0,3
0,457138,0,82,117599,112423,94291,88592,74133,253991,233506,51,0,3
0,197426,0,-663,277273,106112,84848,22606,73491,13686,27227,51,0,3
0,197426,0,-2048,277273,106112,84848,22606,73491,13686,27227,51,0,3
0,197426,0,-2048,277273,106112,84848,22606,73491,13686,27227,51,0,3
0,197426,0,1042,277273,106112,84848,22606,73491,13686,27227,51,0,3
0,197426,0,389,277273,106112,84848,22606,73491,13686,27227,51,0,3
0,197426,0,96,277273,106112,84848,22606,73491,13686,27227,51,0,3
0,197426,0,1217,277273,106112,84848,22606,73491,13686,27227,51,0,3
0,197426,0,-1956,277273,106112,84848,22606,73491,13686,27227,51,0,3
0,197426,0,1802,277273,106112,84848,22606,73491,13686,27227,51,0,3
0,197426,0,320,277273,106112,84848,22606,73491,13686,27227,51,0,3
0,175326,0,82,72103,7336,13518,35344,35565,14003,21644,51,0,3
0,175326,0,68,72103,7336,13518,35344,35565,14003,21644,51,0,3
0,175326,0,49,72103,7336,13518,35344,35565,14003,21644,51,0,3
0,175326,0,-2048,72103,7336,13518,35344,35565,14003,21644,51,0,3
0,175326,0,1382,72103,7336,13518,35344,35565,14003,21644,51,0,3
0,175326,0,251,72103,7336,13518,35344,35565,14003,21644,51,0,3
0,175326,0,91,72103,7336,13518,35344,35565,14003,21644,51,0,3
0,175326,0,50,72103,7336,13518,35344,35565,14003,21644,51,0,3
0,175326,0,49,72103,7336,13518,35344,35565,14003,21644,51,0,3
0,175326,0,-555,72103,7336,13518,35344,35565,14003,21644,51,0,3
0,375283,0,-1643,49318,13406,23470,26782,11120,27018,24679,51,0,3
0,375283,0,1671,49318,13406,23470,26782,11120,27018,24679,51,0,3
0,375283,0,-377,49318,13406,23470,26782,11120,27018,24679,51,0,3
0,375283,0,2047,49318,13406,23470,26782,11120,27018,24679,51,0,3
0,375283,0,-2048,49318,13406,23470,26782,11120,27018,24679,51,0,3
0,375283,0,839,49318,13406,23470,26782,11120,27018,24679,51,0,3
0,375283,0,138,49318,13406,23470,26782,11120,27018,24679,51,0,3
0,375283,0,58,49318,13406,23470,26782,11120,27018,24679,51,0,3
0,375283,0,50,49318,13406,23470,26782,11120,27018,24679,51,0,3
0,375283,0,481,49318,13406,23470,26782,11120,27018,24679,51,0,3
0,218819,0,788,71179,40991,96986,61139,58815,80247,17016,51,0,3
0,218819,0,163,71179,40991,96986,61139,58815,80247,17016,51,0,3
0,218819,0,-225,71179,40991,96986,61139,58815,80247,17016,51,0,3
0,218819,0,93,71179,40991,96986,61139,58815,80247,17016,51,0,3
0,218819,0,50,71179,40991,96986,61139,58815,80247,17016,51,0,3
0,218819,0,1754,71179,40991,96986,61139,58815,80247,17016,51,0,3
0,218819,0,311,71179,40991,96986,61139,58815,80247,17016,51,0,3
0,218819,0,86,71179,40991,96986,61139,58815,80247,17016,51,0,3
0,218819,0,52,71179,40991,96986,61139,58815,80247,17016,51,0,3
0,218819,0,45,71179,40991,96986,61139,58815,80247,17016,51,0,3
0,954946,0,49,58013,8845,23536,63092,50877,17917,30088,51,0,3
0,954946,0,44,58013,8845,23536,63092,50877,17917,30088,51,0,3
0,954946,0,43,58013,8845,23536,63092,50877,17917,30088,51,0,3
0,954946,0,-2048,58013,8845,23536,63092,50877,17917,30088,51,0,3
0,954946,0,2047,58013,8845,23536,63092,50877,17917,30088,51,0,3
0,954946,0,391,58013,8845,23536,63092,50877,17917,30088,51,0,3
0,954946,0,2047,58013,8845,23536,63092,50877,17917,30088,51,0,3
0,954946,0,123,58013,8845,23536,63092,50877,17917,30088,51,0,3
0,954946,0,178,58013,8845,23536,63092,50877,17917,30088,51,0,3
0,954946,0,-1447,58013,8845,23536,63092,50877,17917,30088,51,0,3
0,2306777,0,-2048,904979,468261,714616,318208,175387,303655,160312,51,0,3
0,2306777,0,21,904979,468261,714616,318208,175387,303655,160312,51,0,3
0,2306777,0,2047,904979,468261,714616,318208,175387,303655,160312,51,0,3
0,2306777,0,359,904979,468261,714616,318208,175387,303655,160312,51,0,3
0,2306777,0,77,904979,468261,714616,318208,175387,303655,160312,51,0,3
0,2306777,0,-1324,904979,468261,714616,318208,175387,303655,160312,51,0,3
0,2306777,0,2047,904979,468261,714616,318208,175387,303655,160312,51,0,3
0,2306777,0,2047,904979,468261,714616,318208,175387,303655,160312,51,0,3
0,2306777,0,423,904979,468261,714616,318208,175387,303655,160312,51,0,3
0,2306777,0,103,904979,468261,714616,318208,175387,303655,160312,51,0,3
0,817686,0,52,76964,46373,80054,37579,37325,68911,63920,51,0,3
0,817686,0,-2048,76964,46373,80054,37579,37325,68911,63920,51,0,3
0,817686,0,-1190,76964,46373,80054,37579,37325,68911,63920,51,0,3
0,817686,0,-378,76964,46373,80054,37579,37325,68911,63920,51,0,3
0,817686,0,-1355,76964,46373,80054,37579,37325,68911,63920,51,0,3
0,817686,0,364,76964,46373,80054,37579,37325,68911,63920,51,0,3
0,817686,0,93,76964,46373,80054,37579,37325,68911,63920,51,0,3
0,817686,0,52,76964,46373,80054,37579,37325,68911,63920,51,0,3
0,817686,0,1780,76964,46373,80054,37579,37325,68911,63920,51,0,3
0,817686,0,311,76964,46373,80054,37579,37325,68911,63920,51,0,3
0,359122,0,80,357082,33134,24845,36881,15813,18976,23916,51,0,3
0,359122,0,50,357082,33134,24845,36881,15813,18976,23916,51,0,3
0,359122,0,49,357082,33134,24845,36881,15813,18976,23916,51,0,3
0,359122,0,1878,357082,33134,24845,36881,15813,18976,23916,51,0,3
0,359122,0,237,357082,33134,24845,36881,15813,18976,23916,51,0,3
0,359122,0,74,357082,33134,24845,36881,15813,18976,23916,51,0,3
0,359122,0,53,357082,33134,24845,36881,15813,18976,23916,51,0,3
0,359122,0,45,357082,33134,24845,36881,15813,18976,23916,51,0,3
0,359122,0,-2048,357082,33134,24845,36881,15813,18976,23916,51,0,3
0,359122,0,-535,357082,33134,24845,36881,15813,18976,23916,51,0,3
0,601543,0,872,518255,327871,168170,292441,306681,595787,599097,51,0,3
0,601543,0,-1576,518255,327871,168170,292441,306681,595787,599097,51,0,3
0,601543,0,-204,518255,327871,168170,292441,306681,595787,599097,51,0,3
0,601543,0,7,518255,327871,168170,292441,306681,595787,599097,51,0,3
0,601543,0,40,518255,327871,168170,292441,306681,595787,599097,51,0,3
0,601543,0,2047,518255,327871,168170,292441,306681,595787,599097,51,0,3
0,601543,0,659,518255,327871,168170,292441,306681,595787,599097,51,0,3
0,601543,0,139,518255,327871,168170,292441,306681,595787,599097,51,0,3
0,601543,0,53,518255,327871,168170,292441,306681,595787,599097,51,0,3
0,601543,0,-1398,518255,327871,168170,292441,306681,595787,599097,51,0,3
0,583553,0,-124,131862,132820,105628,212285,150095,201141,78366,51,0,3
0,583553,0,1975,131862,132820,105628,212285,150095,201141,78366,51,0,3
0,583553,0,345,131862,132820,105628,212285,150095,201141,78366,51,0,3
0,583553,0,90,131862,132820,105628,212285,150095,201141,78366,51,0,3
0,583553,0,52,131862,132820,105628,212285,150095,201141,78366,51,0,3
0,583553,0,45,131862,132820,105628,212285,150095,201141,78366,51,0,3
0,583553,0,45,131862,132820,105628,212285,150095,201141,78366,51,0,3
0,583553,0,-8,131862,132820,105628,212285,150095,201141,78366,51,0,3
0,583553,0,-65,131862,132820,105628,212285,150095,201141,78366,51,0,3
0,583553,0,-214,131862,132820,105628,212285,150095,201141,78366,51,0,3
0,1819803,0,-487,65466,75294,18105,15733,122005,70523,103446,51,0,3
0,1819803,0,-228,65466,75294,18105,15733,122005,70523,103446,51,0,3
0,1819803,0,2047,65466,75294,18105,15733,122005,70523,103446,51,0,3
0,1819803,0,490,65466,75294,18105,15733,122005,70523,103446,51,0,3
0,1819803,0,91,65466,75294,18105,15733,122005,70523,103446,51,0,3
0,1819803,0,52,65466,75294,18105,15733,122005,70523,103446,51,0,3
0,1819803,0,45,65466,75294,18105,15733,122005,70523,103446,51,0,3
0,1819803,0,45,65466,75294,18105,15733,122005,70523,103446,51,0,3
0,1819803,0,-391,65466,75294,18105,15733,122005,70523,103446,51,0,3
0,1494370,0,123,252063,147548,125834,109099,161236,32841,46260,51,0,3
0,1494370,0,-420,252063,147548,125834,109099,161236,32841,46260,51,0,3
0,1494370,0,-593,252063,147548,125834,109099,161236,32841,46260,51,0,3
0,1494370,0,365,252063,147548,125834,109099,161236,32841,46260,51,0,3
0,1494370,0,-1965,252063,147548,125834,109099,161236,32841,46260,51,0,3
0,1494370,0,739,252063,147548,125834,109099,161236,32841,46260,51,0,3
0,1494370,0,119,252063,147548,125834,109099,161236,32841,46260,51,0,3
0,1494370,0,56,252063,147548,125834,109099,161236,32841,46260,51,0,3
0,1494370,0,49,252063,147548,125834,109099,161236,32841,46260,51,0,3
0,1494370,0,45,252063,147548,125834,109099,161236,32841,46260,51,0,3
0,2214888,0,38,518485,562043,551265,357424,90427,45012,290502,51,0,3
0,2214888,0,86,518485,562043,551265,357424,90427,45012,290502,51,0,3
0,2214888,0,54,518485,562043,551265,357424,90427,45012,290502,51,0,3
0,2214888,0,-4,518485,562043,551265,357424,90427,45012,290502,51,0,3
0,2214888,0,-2048,518485,562043,551265,357424,90427,45012,290502,51,0,3
0,2214888,0,1891,518485,562043,551265,357424,90427,45012,290502,51,0,3
0,2214888,0,1431,518485,562043,551265,357424,90427,45012,290502,51,0,3
0,2214888,0,244,518485,562043,551265,357424,90427,45012,290502,51,0,3
0,2214888,0,75,518485,562043,551265,357424,90427,45012,290502,51,0,3
0,2214888,0,50,518485,562043,551265,357424,90427,45012,290502,51,0,3
0,255101,0,44,571028,141689,153993,45440,238508,234344,211271,51,0,3
0,255101,0,45,571028,141689,153993,45440,238508,234344,211271,51,0,3
0,255101,0,48,571028,141689,153993,45440,238508,234344,211271,51,0,3
0,255101,0,-2048,571028,141689,153993,45440,238508,234344,211271,51,0,3
0,255101,0,1914,571028,141689,153993,45440,238508,234344,211271,51,0,3
0,255101,0,252,571028,141689,153993,45440,238508,234344,211271,51,0,3
0,255101,0,76,571028,141689,153993,45440,238508,234344,211271,51,0,3
0,255101,0,1809,571028,141689,153993,45440,238508,234344,211271,51,0,3
0,255101,0,320,571028,141689,153993,45440,238508,234344,211271,51,0,3
0,255101,0,86,571028,141689,153993,45440,238508,234344,211271,51,0,3
0,867183,0,-2042,120099,41294,131057,187351,71617,49156,111299,51,0,3
0,867183,0,-369,120099,41294,131057,187351,71617,49156,111299,51,0,3
0,867183,0,-17,120099,41294,131057,187351,71617,49156,111299,51,0,3
0,867183,0,36,120099,41294,131057,187351,71617,49156,111299,51,0,3
0,867183,0,49,120099,41294,131057,187351,71617,49156,111299,51,0,3
0,867183,0,449,120099,41294,131057,187351,71617,49156,111299,51,0,3
0,867183,0,-578,120099,41294,131057,187351,71617,49156,111299,51,0,3
0,867183,0,-53,120099,41294,131057,187351,71617,49156,111299,51,0,3
0,867183,0,2047,120099,41294,131057,187351,71617,49156,111299,51,0,3
0,867183,0,776,120099,41294,131057,187351,71617,49156,111299,51,0,3
0,971830,0,138,520478,105342,99973,59150,43686,32930,29929,51,0,3
0,971830,0,58,520478,105342,99973,59150,43686,32930,29929,51,0,3
0,971830,0,-119,520478,105342,99973,59150,43686,32930,29929,51,0,3
0,971830,0,-2048,520478,105342,99973,59150,43686,32930,29929,51,0,3
0,971830,0,-454,520478,105342,99973,59150,43686,32930,29929,51,0,3
0,971830,0,2047,520478,105342,99973,59150,43686,32930,29929,51,0,3
0,971830,0,509,520478,105342,99973,59150,43686,32930,29929,51,0,3
0,971830,0,119,520478,105342,99973,59150,43686,32930,29929,51,0,3
0,971830,0,57,520478,105342,99973,59150,43686,32930,29929,51,0,3
0,971830,0,1872,520478,105342,99973,59150,43686,32930,29929,51,0,3
0,1398147,0,816,222682,52671,88211,146317,66624,28058,40084,51,0,3
0,1398147,0,164,222682,52671,88211,146317,66624,28058,40084,51,0,3
0,1398147,0,65,222682,52671,88211,146317,66624,28058,40084,51,0,3
0,1398147,0,50,222682,52671,88211,146317,66624,28058,40084,51,0,3
0,1398147,0,-41,222682,52671,88211,146317,66624,28058,40084,51,0,3
0,1398147,0,-1441,222682,52671,88211,146317,66624,28058,40084,51,0,3
0,1398147,0,985,222682,52671,88211,146317,66624,28058,40084,51,0,3
0,1398147,0,215,222682,52671,88211,146317,66624,28058,40084,51,0,3
0,1398147,0,-653,222682,52671,88211,146317,66624,28058,40084,51,0,3
0,1398147,0,771,222682,52671,88211,146317,66624,28058,40084,51,0,3
0,1373801,0,-2048,32175,10048,4324,6253,2937,1598,7450,51,0,3
0,1373801,0,2047,32175,10048,4324,6253,2937,1598,7450,51,0,3
0,1373801,0,386,32175,10048,4324,6253,2937,1598,7450,51,0,3
0,1373801,0,100,32175,10048,4324,6253,2937,1598,7450,51,0,3
0,1373801,0,53,32175,10048,4324,6253,2937,1598,7450,51,0,3
0,1373801,0,43,32175,10048,4324,6253,2937,1598,7450,51,0,3
0,1373801,0,-69,32175,10048,4324,6253,2937,1598,7450,51,0,3
0,1373801,0,268,32175,10048,4324,6253,2937,1598,7450,51,0,3
0,1373801,0,-1678,32175,10048,4324,6253,2937,1598,7450,51,0,3
0,1373801,0,12,32175,10048,4324,6253,2937,1598,7450,51,0,3
0,2486924,0,-178,383340,604918,75151,88713,86977,119903,48042,51,0,3
0,2486924,0,11,383340,604918,75151,88713,86977,119903,48042,51,0,3
0,2486924,0,-328,383340,604918,75151,88713,86977,119903,48042,51,0,3
0,2486924,0,891,383340,604918,75151,88713,86977,119903,48042,51,0,3
0,2486924,0,135,383340,604918,75151,88713,86977,119903,48042,51,0,3
0,2486924,0,58,383340,604918,75151,88713,86977,119903,48042,51,0,3
0,2486924,0,48,383340,604918,75151,88713,86977,119903,48042,51,0,3
0,2486924,0,44,383340,604918,75151,88713,86977,119903,48042,51,0,3
0,2486924,0,330,383340,604918,75151,88713,86977,119903,48042,51,0,3
0,2486924,0,88,383340,604918,75151,88713,86977,119903,48042,51,0,3
0,976262,0,425,54820,38551,67352,109740,67551,15971,15134,51,0,3
0,976262,0,103,54820,38551,67352,109740,67551,15971,15134,51,0,3
0,976262,0,23,54820,38551,67352,109740,67551,15971,15134,51,0,3
0,976262,0,-1049,54820,38551,67352,109740,67551,15971,15134,51,0,3
0,976262,0,1984,54820,38551,67352,109740,67551,15971,15134,51,0,3
0,976262,0,345,54820,38551,67352,109740,67551,15971,15134,51,0,3
0,976262,0,90,54820,38551,67352,109740,67551,15971,15134,51,0,3
0,976262,0,52,54820,38551,67352,109740,67551,15971,15134,51,0,3
0,976262,0,48,54820,38551,67352,109740,67551,15971,15134,51,0,3
0,976262,0,-674,54820,38551,67352,109740,67551,15971,15134,51,0,3
0,1186306,0,-302,233511,89121,63985,148274,124184,50643,24529,51,0,3
0,1186306,0,-7,233511,89121,63985,148274,124184,50643,24529,51,0,3
0,1186306,0,1210,233511,89121,63985,148274,124184,50643,24529,51,0,3
0,1186306,0,179,233511,89121,63985,148274,124184,50643,24529,51,0,3
0,1186306,0,65,233511,89121,63985,148274,124184,50643,24529,51,0,3
0,1186306,0,1416,233511,89121,63985,148274,124184,50643,24529,51,0,3
0,1186306,0,258,233511,89121,63985,148274,124184,50643,24529,51,0,3
0,1186306,0,76,233511,89121,63985,148274,124184,50643,24529,51,0,3
0,1186306,0,50,233511,89121,63985,148274,124184,50643,24529,51,0,3
0,1186306,0,44,233511,89121,63985,148274,124184,50643,24529,51,0,3
0,810960,0,49,39913,22217,21187,6280,13117,6515,3722,51,0,3
0,810960,0,-1109,39913,22217,21187,6280,13117,6515,3722,51,0,3
0,810960,0,-131,39913,22217,21187,6280,13117,6515,3722,51,0,3
0,810960,0,2044,39913,22217,21187,6280,13117,6515,3722,51,0,3
0,810960,0,356,39913,22217,21187,6280,13117,6515,3722,51,0,3
0,810960,0,97,39913,22217,21187,6280,13117,6515,3722,51,0,3
0,810960,0,1674,39913,22217,21187,6280,13117,6515,3722,51,0,3
0,810960,0,-521,39913,22217,21187,6280,13117,6515,3722,51,0,3
0,810960,0,132,39913,22217,21187,6280,13117,6515,3722,51,0,3
0,810960,0,65,39913,22217,21187,6280,13117,6515,3722,51,0,3
0,1176613,0,714,82365,35477,18664,41551,155031,78961,34111,51,0,3
0,1176613,0,59,82365,35477,18664,41551,155031,78961,34111,51,0,3
0,1176613,0,108,82365,35477,18664,41551,155031,78961,34111,51,0,3
0,1176613,0,55,82365,35477,18664,41551,155031,78961,34111,51,0,3
0,1176613,0,48,82365,35477,18664,41551,155031,78961,34111,51,0,3
0,1176613,0,74,82365,35477,18664,41551,155031,78961,34111,51,0,3
0,1176613,0,1513,82365,35477,18664,41551,155031,78961,34111,51,0,3
0,1176613,0,1853,82365,35477,18664,41551,155031,78961,34111,51,0,3
0,1176613,0,1266,82365,35477,18664,41551,155031,78961,34111,51,0,3
0,1176613,0,-1459,82365,35477,18664,41551,155031,78961,34111,51,0,3
0,1320842,0,-1113,445946,26526,66249,426369,374705,623794,281310,51,0,3
0,1320842,0,792,445946,26526,66249,426369,374705,623794,281310,51,0,3
0,1320842,0,-2048,445946,26526,66249,426369,374705,623794,281310,51,0,3
0,1320842,0,-1564,445946,26526,66249,426369,374705,623794,281310,51,0,3
0,1320842,0,136,445946,26526,66249,426369,374705,623794,281310,51,0,3
0,1320842,0,1227,445946,26526,66249,426369,374705,623794,281310,51,0,3
0,1320842,0,1064,445946,26526,66249,426369,374705,623794,281310,51,0,3
0,1320842,0,-1382,445946,26526,66249,426369,374705,623794,281310,51,0,3
0,1320842,0,-1763,445946,26526,66249,426369,374705,623794,281310,51,0,3
0,1320842,0,2047,445946,26526,66249,426369,374705,623794,281310,51,0,3
0,1588070,0,533,154949,38136,180090,204742,247370,85217,102591,51,0,3
0,1588070,0,-2048,154949,38136,180090,204742,247370,85217,102591,51,0,3
0,1588070,0,-2048,154949,38136,180090,204742,247370,85217,102591,51,0,3
0,1588070,0,843,154949,38136,180090,204742,247370,85217,102591,51,0,3
0,1588070,0,2047,154949,38136,180090,204742,247370,85217,102591,51,0,3
0,1588070,0,362,154949,38136,180090,204742,247370,85217,102591,51,0,3
0,1588070,0,1308,154949,38136,180090,204742,247370,85217,102591,51,0,3
0,1588070,0,-2048,154949,38136,180090,204742,247370,85217,102591,51,0,3
