0,1422010,0,33,390432,52500,121329,51364,25706,6084,5712,0,0,2
0,1422010,0,53,390432,52500,121329,51364,25706,6084,5712,0,0,2
0,1422010,0,17,390432,52500,121329,51364,25706,6084,5712,0,0,2
0,1422010,0,51,390432,52500,121329,51364,25706,6084,5712,0,0,2
0,1422010,0,45,390432,52500,121329,51364,25706,6084,5712,0,0,2
0,1422010,0,76,390432,52500,121329,51364,25706,6084,5712,0,0,2
0,1422010,0,7,390432,52500,121329,51364,25706,6084,5712,0,0,2
0,1422010,0,101,390432,52500,121329,51364,25706,6084,5712,0,0,2
0,1422010,0,26,390432,52500,121329,51364,25706,6084,5712,0,0,2
0,342139,0,85,49563,29869,6210,6611,3996,4373,3664,0,0,2
0,342139,0,53,49563,29869,6210,6611,3996,4373,3664,0,0,2
0,342139,0,-22,49563,29869,6210,6611,3996,4373,3664,0,0,2
0,342139,0,269,49563,29869,6210,6611,3996,4373,3664,0,0,2
0,342139,0,5,49563,29869,6210,6611,3996,4373,3664,0,0,2
0,342139,0,170,49563,29869,6210,6611,3996,4373,3664,0,0,2
0,342139,0,-182,49563,29869,6210,6611,3996,4373,3664,0,0,2
0,342139,0,-35,49563,29869,6210,6611,3996,4373,3664,0,0,2
0,342139,0,-44,49563,29869,6210,6611,3996,4373,3664,0,0,2
0,342139,0,141,49563,29869,6210,6611,3996,4373,3664,0,0,2
0,1846682,0,82,1030345,32513,58988,258461,41336,89014,37508,0,0,2
0,1846682,0,-33,1030345,32513,58988,258461,41336,89014,37508,0,0,2
0,1846682,0,-18,1030345,32513,58988,258461,41336,89014,37508,0,0,2
0,1846682,0,117,1030345,32513,58988,258461,41336,89014,37508,0,0,2
0,1846682,0,60,1030345,32513,58988,258461,41336,89014,37508,0,0,2
0,1846682,0,32,1030345,32513,58988,258461,41336,89014,37508,0,0,2
0,1846682,0,24,1030345,32513,58988,258461,41336,89014,37508,0,0,2
0,1846682,0,490,1030345,32513,58988,258461,41336,89014,37508,0,0,2
0,1846682,0,-135,1030345,32513,58988,258461,41336,89014,37508,0,0,2
0,1846682,0,16,1030345,32513,58988,258461,41336,89014,37508,0,0,2
30,94661,35,131,52273,2699,3176,4448,1784,5959,2726,0,0,2
30,94661,35,7,52273,2699,3176,4448,1784,5959,2726,0,0,2
30,94661,35,-13,52273,2699,3176,4448,1784,5959,2726,0,0,2
30,94661,35,405,52273,2699,3176,4448,1784,5959,2726,0,0,2
30,94661,35,-278,52273,2699,3176,4448,1784,5959,2726,0,0,2
30,94661,35,80,52273,2699,3176,4448,1784,5959,2726,0,0,2
30,94661,35,133,52273,2699,3176,4448,1784,5959,2726,0,0,2
30,94661,35,-61,52273,2699,3176,4448,1784,5959,2726,0,0,2
30,94661,35,104,52273,2699,3176,4448,1784,5959,2726,0,0,2
30,94661,35,82,52273,2699,3176,4448,1784,5959,2726,0,0,2
16,1876486,50,67,821777,559509,126783,144260,36793,53505,40695,0,0,2
16,1876486,50,39,821777,559509,126783,144260,36793,53505,40695,0,0,2
16,1876486,50,149,821777,559509,126783,144260,36793,53505,40695,0,0,2
16,1876486,50,-33,821777,559509,126783,144260,36793,53505,40695,0,0,2
16,1876486,50,257,821777,559509,126783,144260,36793,53505,40695,0,0,2
16,1876486,50,-226,821777,559509,126783,144260,36793,53505,40695,0,0,2
16,1876486,50,455,821777,559509,126783,144260,36793,53505,40695,0,0,2
16,1876486,50,-250,821777,559509,126783,144260,36793,53505,40695,0,0,2
16,1876486,50,193,821777,559509,126783,144260,36793,53505,40695,0,0,2
16,1876486,50,139,821777,559509,126783,144260,36793,53505,40695,0,0,2
29,1895652,54,-25,1307622,177372,151042,58509,73965,81462,67465,0,0,2
29,1895652,54,-157,1307622,177372,151042,58509,73965,81462,67465,0,0,2
29,1895652,54,-81,1307622,177372,151042,58509,73965,81462,67465,0,0,2
29,1895652,54,88,1307622,177372,151042,58509,73965,81462,67465,0,0,2
29,1895652,54,263,1307622,177372,151042,58509,73965,81462,67465,0,0,2
29,1895652,54,-264,1307622,177372,151042,58509,73965,81462,67465,0,0,2
29,1895652,54,-43,1307622,177372,151042,58509,73965,81462,67465,0,0,2
29,1895652,54,115,1307622,177372,151042,58509,73965,81462,67465,0,0,2
29,1895652,54,166,1307622,177372,151042,58509,73965,81462,67465,0,0,2
29,1895652,54,73,1307622,177372,151042,58509,73965,81462,67465,0,0,2
35,2268998,70,54,236429,187983,70582,49379,20809,29695,32362,0,0,2
35,2268998,70,4,236429,187983,70582,49379,20809,29695,32362,0,0,2
35,2268998,70,85,236429,187983,70582,49379,20809,29695,32362,0,0,2
35,2268998,70,160,236429,187983,70582,49379,20809,29695,32362,0,0,2
35,2268998,70,1,236429,187983,70582,49379,20809,29695,32362,0,0,2
35,2268998,70,-43,236429,187983,70582,49379,20809,29695,32362,0,0,2
35,2268998,70,97,236429,187983,70582,49379,20809,29695,32362,0,0,2
35,2268998,70,109,236429,187983,70582,49379,20809,29695,32362,0,0,2
35,2268998,70,74,236429,187983,70582,49379,20809,29695,32362,0,0,2
35,2268998,70,59,236429,187983,70582,49379,20809,29695,32362,0,0,2
24,224230,67,36,42505,990,2176,2624,972,584,529,0,0,2
24,224230,67,121,42505,990,2176,2624,972,584,529,0,0,2
24,224230,67,-27,42505,990,2176,2624,972,584,529,0,0,2
24,224230,67,-54,42505,990,2176,2624,972,584,529,0,0,2
24,224230,67,-18,42505,990,2176,2624,972,584,529,0,0,2
24,224230,67,74,42505,990,2176,2624,972,584,529,0,0,2
24,224230,67,35,42505,990,2176,2624,972,584,529,0,0,2
24,224230,67,43,42505,990,2176,2624,972,584,529,0,0,2
24,224230,67,83,42505,990,2176,2624,972,584,529,0,0,2
24,224230,67,53,42505,990,2176,2624,972,584,529,0,0,2
63,677779,69,37,18948,10699,19034,1450,14510,6479,2113,0,0,2
63,677779,69,74,18948,10699,19034,1450,14510,6479,2113,0,0,2
63,677779,69,81,18948,10699,19034,1450,14510,6479,2113,0,0,2
63,677779,69,80,18948,10699,19034,1450,14510,6479,2113,0,0,2
63,677779,69,72,18948,10699,19034,1450,14510,6479,2113,0,0,2
63,677779,69,9,18948,10699,19034,1450,14510,6479,2113,0,0,2
63,677779,69,146,18948,10699,19034,1450,14510,6479,2113,0,0,2
63,677779,69,-122,18948,10699,19034,1450,14510,6479,2113,0,0,2
63,677779,69,-73,18948,10699,19034,1450,14510,6479,2113,0,0,2
63,677779,69,-18,18948,10699,19034,1450,14510,6479,2113,0,0,2
34,215438,61,118,313290,18061,18758,39939,7996,2218,2651,0,0,2
34,215438,61,43,313290,18061,18758,39939,7996,2218,2651,0,0,2
34,215438,61,84,313290,18061,18758,39939,7996,2218,2651,0,0,2
34,215438,61,57,313290,18061,18758,39939,7996,2218,2651,0,0,2
34,215438,61,-90,313290,18061,18758,39939,7996,2218,2651,0,0,2
34,215438,61,-53,313290,18061,18758,39939,7996,2218,2651,0,0,2
34,215438,61,-22,313290,18061,18758,39939,7996,2218,2651,0,0,2
34,215438,61,251,313290,18061,18758,39939,7996,2218,2651,0,0,2
34,215438,61,-13,313290,18061,18758,39939,7996,2218,2651,0,0,2
34,215438,61,76,313290,18061,18758,39939,7996,2218,2651,0,0,2
34,700998,50,-49,126975,35959,6777,7050,17524,14700,6688,0,0,2
34,700998,50,180,126975,35959,6777,7050,17524,14700,6688,0,0,2
34,700998,50,-114,126975,35959,6777,7050,17524,14700,6688,0,0,2
34,700998,50,3,126975,35959,6777,7050,17524,14700,6688,0,0,2
34,700998,50,115,126975,35959,6777,7050,17524,14700,6688,0,0,2
34,700998,50,-60,126975,35959,6777,7050,17524,14700,6688,0,0,2
34,700998,50,134,126975,35959,6777,7050,17524,14700,6688,0,0,2
34,700998,50,70,126975,35959,6777,7050,17524,14700,6688,0,0,2
34,700998,50,305,126975,35959,6777,7050,17524,14700,6688,0,0,2
34,700998,50,-84,126975,35959,6777,7050,17524,14700,6688,0,0,2
48,320851,64,10,155815,3576,61577,37192,11662,13691,11811,0,0,2
48,320851,64,324,155815,3576,61577,37192,11662,13691,11811,0,0,2
48,320851,64,-118,155815,3576,61577,37192,11662,13691,11811,0,0,2
48,320851,64,-85,155815,3576,61577,37192,11662,13691,11811,0,0,2
48,320851,64,52,155815,3576,61577,37192,11662,13691,11811,0,0,2
48,320851,64,130,155815,3576,61577,37192,11662,13691,11811,0,0,2
48,320851,64,-3,155815,3576,61577,37192,11662,13691,11811,0,0,2
48,320851,64,21,155815,3576,61577,37192,11662,13691,11811,0,0,2
48,320851,64,475,155815,3576,61577,37192,11662,13691,11811,0,0,2
48,320851,64,-36,155815,3576,61577,37192,11662,13691,11811,0,0,2
23,1553317,64,11,31501,16727,18244,7366,5108,3618,5087,0,0,2
23,1553317,64,56,31501,16727,18244,7366,5108,3618,5087,0,0,2
23,1553317,64,224,31501,16727,18244,7366,5108,3618,5087,0,0,2
23,1553317,64,-209,31501,16727,18244,7366,5108,3618,5087,0,0,2
23,1553317,64,181,31501,16727,18244,7366,5108,3618,5087,0,0,2
23,1553317,64,-109,31501,16727,18244,7366,5108,3618,5087,0,0,2
23,1553317,64,-25,31501,16727,18244,7366,5108,3618,5087,0,0,2
23,1553317,64,93,31501,16727,18244,7366,5108,3618,5087,0,0,2
23,1553317,64,80,31501,16727,18244,7366,5108,3618,5087,0,0,2
23,1553317,64,138,31501,16727,18244,7366,5108,3618,5087,0,0,2
43,176774,77,-35,99513,19577,27129,21682,11755,8282,7773,0,0,2
43,176774,77,173,99513,19577,27129,21682,11755,8282,7773,0,0,2
43,176774,77,64,99513,19577,27129,21682,11755,8282,7773,0,0,2
43,176774,77,172,99513,19577,27129,21682,11755,8282,7773,0,0,2
43,176774,77,129,99513,19577,27129,21682,11755,8282,7773,0,0,2
43,176774,77,10,99513,19577,27129,21682,11755,8282,7773,0,0,2
43,176774,77,-61,99513,19577,27129,21682,11755,8282,7773,0,0,2
43,176774,77,-73,99513,19577,27129,21682,11755,8282,7773,0,0,2
43,176774,77,42,99513,19577,27129,21682,11755,8282,7773,0,0,2
53,345819,74,37,38279,7117,2440,8077,8412,8096,8361,0,0,2
53,345819,74,101,38279,7117,2440,8077,8412,8096,8361,0,0,2
53,345819,74,402,38279,7117,2440,8077,8412,8096,8361,0,0,2
53,345819,74,-218,38279,7117,2440,8077,8412,8096,8361,0,0,2
53,345819,74,53,38279,7117,2440,8077,8412,8096,8361,0,0,2
53,345819,74,122,38279,7117,2440,8077,8412,8096,8361,0,0,2
53,345819,74,74,38279,7117,2440,8077,8412,8096,8361,0,0,2
53,345819,74,11,38279,7117,2440,8077,8412,8096,8361,0,0,2
53,345819,74,-68,38279,7117,2440,8077,8412,8096,8361,0,0,2
53,345819,74,98,38279,7117,2440,8077,8412,8096,8361,0,0,2
63,162107,67,-5,33386,6598,2324,3666,4043,2984,2379,0,0,2
63,162107,67,36,33386,6598,2324,3666,4043,2984,2379,0,0,2
63,162107,67,-1,33386,6598,2324,3666,4043,2984,2379,0,0,2
63,162107,67,0,33386,6598,2324,3666,4043,2984,2379,0,0,2
63,162107,67,-27,33386,6598,2324,3666,4043,2984,2379,0,0,2
63,162107,67,6,33386,6598,2324,3666,4043,2984,2379,0,0,2
63,162107,67,-50,33386,6598,2324,3666,4043,2984,2379,0,0,2
63,162107,67,372,33386,6598,2324,3666,4043,2984,2379,0,0,2
63,162107,67,-235,33386,6598,2324,3666,4043,2984,2379,0,0,2
63,162107,67,9,33386,6598,2324,3666,4043,2984,2379,0,0,2
63,1308233,56,201,355512,20274,83735,11051,31307,8589,13119,0,0,2
63,1308233,56,322,355512,20274,83735,11051,31307,8589,13119,0,0,2
63,1308233,56,-257,355512,20274,83735,11051,31307,8589,13119,0,0,2
63,1308233,56,28,355512,20274,83735,11051,31307,8589,13119,0,0,2
63,1308233,56,119,355512,20274,83735,11051,31307,8589,13119,0,0,2
63,1308233,56,109,355512,20274,83735,11051,31307,8589,13119,0,0,2
63,1308233,56,75,355512,20274,83735,11051,31307,8589,13119,0,0,2
63,1308233,56,395,355512,20274,83735,11051,31307,8589,13119,0,0,2
63,1308233,56,-244,355512,20274,83735,11051,31307,8589,13119,0,0,2
63,1308233,56,19,355512,20274,83735,11051,31307,8589,13119,0,0,2
53,407076,67,57,14642,16809,4352,5540,1647,3707,1542,0,0,2
53,407076,67,48,14642,16809,4352,5540,1647,3707,1542,0,0,2
53,407076,67,68,14642,16809,4352,5540,1647,3707,1542,0,0,2
53,407076,67,56,14642,16809,4352,5540,1647,3707,1542,0,0,2
53,407076,67,1,14642,16809,4352,5540,1647,3707,1542,0,0,2
53,407076,67,82,14642,16809,4352,5540,1647,3707,1542,0,0,2
53,407076,67,57,14642,16809,4352,5540,1647,3707,1542,0,0,2
53,407076,67,27,14642,16809,4352,5540,1647,3707,1542,0,0,2
53,407076,67,60,14642,16809,4352,5540,1647,3707,1542,0,0,2
53,407076,67,58,14642,16809,4352,5540,1647,3707,1542,0,0,2
53,94026,78,60,15726,12810,9871,23630,7328,5787,7118,0,0,2
53,94026,78,21,15726,12810,9871,23630,7328,5787,7118,0,0,2
53,94026,78,122,15726,12810,9871,23630,7328,5787,7118,0,0,2
53,94026,78,-20,15726,12810,9871,23630,7328,5787,7118,0,0,2
53,94026,78,-123,15726,12810,9871,23630,7328,5787,7118,0,0,2
53,94026,78,-1,15726,12810,9871,23630,7328,5787,7118,0,0,2
53,94026,78,32,15726,12810,9871,23630,7328,5787,7118,0,0,2
53,94026,78,75,15726,12810,9871,23630,7328,5787,7118,0,0,2
53,94026,78,70,15726,12810,9871,23630,7328,5787,7118,0,0,2
53,94026,78,50,15726,12810,9871,23630,7328,5787,7118,0,0,2
37,689674,90,52,184681,97222,32850,13352,10334,6138,6587,0,0,2
37,689674,90,133,184681,97222,32850,13352,10334,6138,6587,0,0,2
37,689674,90,23,184681,97222,32850,13352,10334,6138,6587,0,0,2
37,689674,90,-14,184681,97222,32850,13352,10334,6138,6587,0,0,2
37,689674,90,75,184681,97222,32850,13352,10334,6138,6587,0,0,2
37,689674,90,57,184681,97222,32850,13352,10334,6138,6587,0,0,2
37,689674,90,1,184681,97222,32850,13352,10334,6138,6587,0,0,2
37,689674,90,37,184681,97222,32850,13352,10334,6138,6587,0,0,2
37,689674,90,389,184681,97222,32850,13352,10334,6138,6587,0,0,2
37,689674,90,-375,184681,97222,32850,13352,10334,6138,6587,0,0,2
48,939679,100,144,158274,192293,12335,17453,56438,34179,36498,0,0,2
48,939679,100,-738,158274,192293,12335,17453,56438,34179,36498,0,0,2
48,939679,100,311,158274,192293,12335,17453,56438,34179,36498,0,0,2
48,939679,100,679,158274,192293,12335,17453,56438,34179,36498,0,0,2
48,939679,100,148,158274,192293,12335,17453,56438,34179,36498,0,0,2
48,939679,100,401,158274,192293,12335,17453,56438,34179,36498,0,0,2
48,939679,100,345,158274,192293,12335,17453,56438,34179,36498,0,0,2
48,939679,100,381,158274,192293,12335,17453,56438,34179,36498,0,0,2
48,939679,100,71,158274,192293,12335,17453,56438,34179,36498,0,0,2
48,939679,100,120,158274,192293,12335,17453,56438,34179,36498,0,0,2
54,705500,96,-14,144373,82881,39331,20705,19940,4388,4489,0,0,2
54,705500,96,-86,144373,82881,39331,20705,19940,4388,4489,0,0,2
54,705500,96,135,144373,82881,39331,20705,19940,4388,4489,0,0,2
54,705500,96,98,144373,82881,39331,20705,19940,4388,4489,0,0,2
54,705500,96,-42,144373,82881,39331,20705,19940,4388,4489,0,0,2
54,705500,96,162,144373,82881,39331,20705,19940,4388,4489,0,0,2
54,705500,96,-27,144373,82881,39331,20705,19940,4388,4489,0,0,2
54,705500,96,-39,144373,82881,39331,20705,19940,4388,4489,0,0,2
54,705500,96,68,144373,82881,39331,20705,19940,4388,4489,0,0,2
54,705500,96,43,144373,82881,39331,20705,19940,4388,4489,0,0,2
23,106413,100,-51,12127,8711,2162,1303,597,393,635,0,0,2
23,106413,100,90,12127,8711,2162,1303,597,393,635,0,0,2
23,106413,100,226,12127,8711,2162,1303,597,393,635,0,0,2
23,106413,100,156,12127,8711,2162,1303,597,393,635,0,0,2
23,106413,100,-172,12127,8711,2162,1303,597,393,635,0,0,2
23,106413,100,-3,12127,8711,2162,1303,597,393,635,0,0,2
23,106413,100,-53,12127,8711,2162,1303,597,393,635,0,0,2
23,106413,100,-23,12127,8711,2162,1303,597,393,635,0,0,2
23,106413,100,-77,12127,8711,2162,1303,597,393,635,0,0,2
23,106413,100,-43,12127,8711,2162,1303,597,393,635,0,0,2
38,3607991,100,66,367746,190272,184879,126405,62566,39004,29452,0,0,2
38,3607991,100,258,367746,190272,184879,126405,62566,39004,29452,0,0,2
38,3607991,100,176,367746,190272,184879,126405,62566,39004,29452,0,0,2
38,3607991,100,-45,367746,190272,184879,126405,62566,39004,29452,0,0,2
38,3607991,100,-121,367746,190272,184879,126405,62566,39004,29452,0,0,2
38,3607991,100,135,367746,190272,184879,126405,62566,39004,29452,0,0,2
38,3607991,100,92,367746,190272,184879,126405,62566,39004,29452,0,0,2
38,3607991,100,210,367746,190272,184879,126405,62566,39004,29452,0,0,2
38,3607991,100,-53,367746,190272,184879,126405,62566,39004,29452,0,0,2
38,3607991,100,41,367746,190272,184879,126405,62566,39004,29452,0,0,2
27,3961128,90,-107,656538,60196,145372,13466,63720,128316,56662,0,0,2
27,3961128,90,-136,656538,60196,145372,13466,63720,128316,56662,0,0,2
27,3961128,90,-170,656538,60196,145372,13466,63720,128316,56662,0,0,2
27,3961128,90,215,656538,60196,145372,13466,63720,128316,56662,0,0,2
27,3961128,90,-146,656538,60196,145372,13466,63720,128316,56662,0,0,2
27,3961128,90,13,656538,60196,145372,13466,63720,128316,56662,0,0,2
27,3961128,90,117,656538,60196,145372,13466,63720,128316,56662,0,0,2
27,3961128,90,107,656538,60196,145372,13466,63720,128316,56662,0,0,2
27,3961128,90,-212,656538,60196,145372,13466,63720,128316,56662,0,0,2
37,279523,91,25,76934,39899,57627,31968,18942,14548,19973,0,0,2
37,279523,91,39,76934,39899,57627,31968,18942,14548,19973,0,0,2
37,279523,91,107,76934,39899,57627,31968,18942,14548,19973,0,0,2
37,279523,91,49,76934,39899,57627,31968,18942,14548,19973,0,0,2
37,279523,91,91,76934,39899,57627,31968,18942,14548,19973,0,0,2
37,279523,91,-86,76934,39899,57627,31968,18942,14548,19973,0,0,2
37,279523,91,-1,76934,39899,57627,31968,18942,14548,19973,0,0,2
37,279523,91,69,76934,39899,57627,31968,18942,14548,19973,0,0,2
37,279523,91,189,76934,39899,57627,31968,18942,14548,19973,0,0,2
37,279523,91,-83,76934,39899,57627,31968,18942,14548,19973,0,0,2
48,478309,83,-4,212614,48122,50005,61872,16776,13565,22695,0,0,2
48,478309,83,43,212614,48122,50005,61872,16776,13565,22695,0,0,2
48,478309,83,232,212614,48122,50005,61872,16776,13565,22695,0,0,2
48,478309,83,26,212614,48122,50005,61872,16776,13565,22695,0,0,2
48,478309,83,17,212614,48122,50005,61872,16776,13565,22695,0,0,2
48,478309,83,102,212614,48122,50005,61872,16776,13565,22695,0,0,2
48,478309,83,-55,212614,48122,50005,61872,16776,13565,22695,0,0,2
48,478309,83,109,212614,48122,50005,61872,16776,13565,22695,0,0,2
48,478309,83,-26,212614,48122,50005,61872,16776,13565,22695,0,0,2
48,478309,83,32,212614,48122,50005,61872,16776,13565,22695,0,0,2
43,1132844,74,38,268314,37392,40191,7828,21850,10043,15631,0,0,2
43,1132844,74,28,268314,37392,40191,7828,21850,10043,15631,0,0,2
43,1132844,74,-109,268314,37392,40191,7828,21850,10043,15631,0,0,2
43,1132844,74,181,268314,37392,40191,7828,21850,10043,15631,0,0,2
43,1132844,74,172,268314,37392,40191,7828,21850,10043,15631,0,0,2
43,1132844,74,32,268314,37392,40191,7828,21850,10043,15631,0,0,2
43,1132844,74,-183,268314,37392,40191,7828,21850,10043,15631,0,0,2
43,1132844,74,10,268314,37392,40191,7828,21850,10043,15631,0,0,2
43,1132844,74,76,268314,37392,40191,7828,21850,10043,15631,0,0,2
43,1132844,74,258,268314,37392,40191,7828,21850,10043,15631,0,0,2
30,1194825,64,96,943242,109063,35675,129177,42290,44892,81684,0,0,2
30,1194825,64,229,943242,109063,35675,129177,42290,44892,81684,0,0,2
30,1194825,64,-140,943242,109063,35675,129177,42290,44892,81684,0,0,2
30,1194825,64,167,943242,109063,35675,129177,42290,44892,81684,0,0,2
30,1194825,64,167,943242,109063,35675,129177,42290,44892,81684,0,0,2
30,1194825,64,100,943242,109063,35675,129177,42290,44892,81684,0,0,2
30,1194825,64,103,943242,109063,35675,129177,42290,44892,81684,0,0,2
30,1194825,64,137,943242,109063,35675,129177,42290,44892,81684,0,0,2
30,1194825,64,22,943242,109063,35675,129177,42290,44892,81684,0,0,2
30,1194825,64,-10,943242,109063,35675,129177,42290,44892,81684,0,0,2
41,1540185,57,54,135832,21072,47785,29036,41548,13214,14135,0,0,2
41,1540185,57,-171,135832,21072,47785,29036,41548,13214,14135,0,0,2
41,1540185,57,182,135832,21072,47785,29036,41548,13214,14135,0,0,2
41,1540185,57,-23,135832,21072,47785,29036,41548,13214,14135,0,0,2
41,1540185,57,7,135832,21072,47785,29036,41548,13214,14135,0,0,2
41,1540185,57,130,135832,21072,47785,29036,41548,13214,14135,0,0,2
41,1540185,57,-70,135832,21072,47785,29036,41548,13214,14135,0,0,2
41,1540185,57,6,135832,21072,47785,29036,41548,13214,14135,0,0,2
41,1540185,57,85,135832,21072,47785,29036,41548,13214,14135,0,0,2
41,1540185,57,66,135832,21072,47785,29036,41548,13214,14135,0,0,2
67,194393,51,149,15416,3776,2566,12459,7118,4003,2936,0,0,2
67,194393,51,227,15416,3776,2566,12459,7118,4003,2936,0,0,2
67,194393,51,188,15416,3776,2566,12459,7118,4003,2936,0,0,2
67,194393,51,-25,15416,3776,2566,12459,7118,4003,2936,0,0,2
67,194393,51,-298,15416,3776,2566,12459,7118,4003,2936,0,0,2
67,194393,51,-249,15416,3776,2566,12459,7118,4003,2936,0,0,2
67,194393,51,118,15416,3776,2566,12459,7118,4003,2936,0,0,2
67,194393,51,279,15416,3776,2566,12459,7118,4003,2936,0,0,2
67,194393,51,146,15416,3776,2566,12459,7118,4003,2936,0,0,2
67,194393,51,122,15416,3776,2566,12459,7118,4003,2936,0,0,2
87,1350822,54,35,236666,67276,45673,29922,62093,21407,15559,0,0,2
87,1350822,54,91,236666,67276,45673,29922,62093,21407,15559,0,0,2
87,1350822,54,-20,236666,67276,45673,29922,62093,21407,15559,0,0,2
87,1350822,54,53,236666,67276,45673,29922,62093,21407,15559,0,0,2
87,1350822,54,2,236666,67276,45673,29922,62093,21407,15559,0,0,2
87,1350822,54,180,236666,67276,45673,29922,62093,21407,15559,0,0,2
87,1350822,54,-6,236666,67276,45673,29922,62093,21407,15559,0,0,2
87,1350822,54,102,236666,67276,45673,29922,62093,21407,15559,0,0,2
87,1350822,54,-65,236666,67276,45673,29922,62093,21407,15559,0,0,2
87,1350822,54,73,236666,67276,45673,29922,62093,21407,15559,0,0,2
96,701707,64,92,17852,10273,3724,15363,2424,2854,3405,0,0,2
96,701707,64,2,17852,10273,3724,15363,2424,2854,3405,0,0,2
96,701707,64,-140,17852,10273,3724,15363,2424,2854,3405,0,0,2
96,701707,64,179,17852,10273,3724,15363,2424,2854,3405,0,0,2
96,701707,64,99,17852,10273,3724,15363,2424,2854,3405,0,0,2
96,701707,64,25,17852,10273,3724,15363,2424,2854,3405,0,0,2
96,701707,64,201,17852,10273,3724,15363,2424,2854,3405,0,0,2
96,701707,64,-43,17852,10273,3724,15363,2424,2854,3405,0,0,2
96,701707,64,-86,17852,10273,3724,15363,2424,2854,3405,0,0,2
96,701707,64,112,17852,10273,3724,15363,2424,2854,3405,0,0,2
80,361602,67,72,47250,20641,7300,4199,5150,5697,8944,0,0,2
80,361602,67,64,47250,20641,7300,4199,5150,5697,8944,0,0,2
80,361602,67,99,47250,20641,7300,4199,5150,5697,8944,0,0,2
80,361602,67,50,47250,20641,7300,4199,5150,5697,8944,0,0,2
80,361602,67,55,47250,20641,7300,4199,5150,5697,8944,0,0,2
80,361602,67,51,47250,20641,7300,4199,5150,5697,8944,0,0,2
80,361602,67,38,47250,20641,7300,4199,5150,5697,8944,0,0,2
80,361602,67,61,47250,20641,7300,4199,5150,5697,8944,0,0,2
80,361602,67,-81,47250,20641,7300,4199,5150,5697,8944,0,0,2
80,361602,67,90,47250,20641,7300,4199,5150,5697,8944,0,0,2
64,17888,77,113,16118,5158,2753,2995,2984,2644,2542,0,0,2
64,17888,77,45,16118,5158,2753,2995,2984,2644,2542,0,0,2
64,17888,77,73,16118,5158,2753,2995,2984,2644,2542,0,0,2
64,17888,77,3,16118,5158,2753,2995,2984,2644,2542,0,0,2
64,17888,77,340,16118,5158,2753,2995,2984,2644,2542,0,0,2
64,17888,77,-55,16118,5158,2753,2995,2984,2644,2542,0,0,2
64,17888,77,24,16118,5158,2753,2995,2984,2644,2542,0,0,2
64,17888,77,45,16118,5158,2753,2995,2984,2644,2542,0,0,2
64,17888,77,68,16118,5158,2753,2995,2984,2644,2542,0,0,2
64,17888,77,76,16118,5158,2753,2995,2984,2644,2542,0,0,2
70,1209470,84,82,8554,17476,13231,17004,18444,4786,4353,0,0,2
70,1209470,84,52,8554,17476,13231,17004,18444,4786,4353,0,0,2
70,1209470,84,139,8554,17476,13231,17004,18444,4786,4353,0,0,2
70,1209470,84,26,8554,17476,13231,17004,18444,4786,4353,0,0,2
70,1209470,84,202,8554,17476,13231,17004,18444,4786,4353,0,0,2
70,1209470,84,-101,8554,17476,13231,17004,18444,4786,4353,0,0,2
70,1209470,84,-68,8554,17476,13231,17004,18444,4786,4353,0,0,2
70,1209470,84,106,8554,17476,13231,17004,18444,4786,4353,0,0,2
70,1209470,84,-51,8554,17476,13231,17004,18444,4786,4353,0,0,2
70,1209470,84,6,8554,17476,13231,17004,18444,4786,4353,0,0,2
77,505656,80,210,35237,9543,926,2661,5755,5049,821,0,0,2
77,505656,80,186,35237,9543,926,2661,5755,5049,821,0,0,2
77,505656,80,-25,35237,9543,926,2661,5755,5049,821,0,0,2
77,505656,80,234,35237,9543,926,2661,5755,5049,821,0,0,2
77,505656,80,-211,35237,9543,926,2661,5755,5049,821,0,0,2
77,505656,80,11,35237,9543,926,2661,5755,5049,821,0,0,2
77,505656,80,-25,35237,9543,926,2661,5755,5049,821,0,0,2
77,505656,80,171,35237,9543,926,2661,5755,5049,821,0,0,2
77,505656,80,36,35237,9543,926,2661,5755,5049,821,0,0,2
75,627770,77,279,205811,61490,29352,23986,26411,7427,7921,0,0,2
75,627770,77,-265,205811,61490,29352,23986,26411,7427,7921,0,0,2
75,627770,77,-75,205811,61490,29352,23986,26411,7427,7921,0,0,2
75,627770,77,164,205811,61490,29352,23986,26411,7427,7921,0,0,2
75,627770,77,103,205811,61490,29352,23986,26411,7427,7921,0,0,2
75,627770,77,136,205811,61490,29352,23986,26411,7427,7921,0,0,2
75,627770,77,115,205811,61490,29352,23986,26411,7427,7921,0,0,2
75,627770,77,-34,205811,61490,29352,23986,26411,7427,7921,0,0,2
75,627770,77,13,205811,61490,29352,23986,26411,7427,7921,0,0,2
75,627770,77,-54,205811,61490,29352,23986,26411,7427,7921,0,0,2
57,1044457,74,25,159106,40867,9995,3906,10905,15557,10655,0,0,2
57,1044457,74,84,159106,40867,9995,3906,10905,15557,10655,0,0,2
57,1044457,74,54,159106,40867,9995,3906,10905,15557,10655,0,0,2
57,1044457,74,88,159106,40867,9995,3906,10905,15557,10655,0,0,2
57,1044457,74,12,159106,40867,9995,3906,10905,15557,10655,0,0,2
57,1044457,74,170,159106,40867,9995,3906,10905,15557,10655,0,0,2
57,1044457,74,48,159106,40867,9995,3906,10905,15557,10655,0,0,2
57,1044457,74,221,159106,40867,9995,3906,10905,15557,10655,0,0,2
57,1044457,74,-116,159106,40867,9995,3906,10905,15557,10655,0,0,2
57,1044457,74,-138,159106,40867,9995,3906,10905,15557,10655,0,0,2
27,1163014,61,164,779792,153569,45533,67792,49359,56682,46465,0,0,2
27,1163014,61,241,779792,153569,45533,67792,49359,56682,46465,0,0,2
27,1163014,61,-340,779792,153569,45533,67792,49359,56682,46465,0,0,2
27,1163014,61,-152,779792,153569,45533,67792,49359,56682,46465,0,0,2
27,1163014,61,102,779792,153569,45533,67792,49359,56682,46465,0,0,2
27,1163014,61,120,779792,153569,45533,67792,49359,56682,46465,0,0,2
27,1163014,61,59,779792,153569,45533,67792,49359,56682,46465,0,0,2
27,1163014,61,-29,779792,153569,45533,67792,49359,56682,46465,0,0,2
27,1163014,61,90,779792,153569,45533,67792,49359,56682,46465,0,0,2
27,1163014,61,232,779792,153569,45533,67792,49359,56682,46465,0,0,2
26,441742,64,-151,172673,39496,51854,37261,30286,30198,25274,0,0,2
26,441742,64,32,172673,39496,51854,37261,30286,30198,25274,0,0,2
26,441742,64,64,172673,39496,51854,37261,30286,30198,25274,0,0,2
26,441742,64,135,172673,39496,51854,37261,30286,30198,25274,0,0,2
26,441742,64,108,172673,39496,51854,37261,30286,30198,25274,0,0,2
26,441742,64,-3,172673,39496,51854,37261,30286,30198,25274,0,0,2
26,441742,64,34,172673,39496,51854,37261,30286,30198,25274,0,0,2
26,441742,64,240,172673,39496,51854,37261,30286,30198,25274,0,0,2
26,441742,64,77,172673,39496,51854,37261,30286,30198,25274,0,0,2
26,441742,64,277,172673,39496,51854,37261,30286,30198,25274,0,0,2
26,258903,74,-142,18076,6295,14272,3770,3189,4610,1848,0,0,2
26,258903,74,-49,18076,6295,14272,3770,3189,4610,1848,0,0,2
26,258903,74,396,18076,6295,14272,3770,3189,4610,1848,0,0,2
26,258903,74,-152,18076,6295,14272,3770,3189,4610,1848,0,0,2
26,258903,74,-52,18076,6295,14272,3770,3189,4610,1848,0,0,2
26,258903,74,124,18076,6295,14272,3770,3189,4610,1848,0,0,2
26,258903,74,85,18076,6295,14272,3770,3189,4610,1848,0,0,2
26,258903,74,180,18076,6295,14272,3770,3189,4610,1848,0,0,2
26,258903,74,297,18076,6295,14272,3770,3189,4610,1848,0,0,2
26,258903,74,-49,18076,6295,14272,3770,3189,4610,1848,0,0,2
24,964167,69,133,334375,42444,45742,11951,17862,20334,25552,0,0,2
24,964167,69,391,334375,42444,45742,11951,17862,20334,25552,0,0,2
24,964167,69,11,334375,42444,45742,11951,17862,20334,25552,0,0,2
24,964167,69,-145,334375,42444,45742,11951,17862,20334,25552,0,0,2
24,964167,69,39,334375,42444,45742,11951,17862,20334,25552,0,0,2
24,964167,69,112,334375,42444,45742,11951,17862,20334,25552,0,0,2
24,964167,69,312,334375,42444,45742,11951,17862,20334,25552,0,0,2
24,964167,69,-250,334375,42444,45742,11951,17862,20334,25552,0,0,2
24,964167,69,-93,334375,42444,45742,11951,17862,20334,25552,0,0,2
24,964167,69,54,334375,42444,45742,11951,17862,20334,25552,0,0,2
13,2704665,66,122,2069362,219117,167498,128936,48801,61798,107046,0,0,2
13,2704665,66,68,2069362,219117,167498,128936,48801,61798,107046,0,0,2
13,2704665,66,-37,2069362,219117,167498,128936,48801,61798,107046,0,0,2
13,2704665,66,42,2069362,219117,167498,128936,48801,61798,107046,0,0,2
13,2704665,66,40,2069362,219117,167498,128936,48801,61798,107046,0,0,2
13,2704665,66,-27,2069362,219117,167498,128936,48801,61798,107046,0,0,2
13,2704665,66,33,2069362,219117,167498,128936,48801,61798,107046,0,0,2
13,2704665,66,100,2069362,219117,167498,128936,48801,61798,107046,0,0,2
13,2704665,66,51,2069362,219117,167498,128936,48801,61798,107046,0,0,2
13,2704665,66,216,2069362,219117,167498,128936,48801,61798,107046,0,0,2
1,535039,66,42,181371,52198,21629,10553,7078,41796,15038,0,0,2
1,535039,66,74,181371,52198,21629,10553,7078,41796,15038,0,0,2
1,535039,66,19,181371,52198,21629,10553,7078,41796,15038,0,0,2
1,535039,66,-211,181371,52198,21629,10553,7078,41796,15038,0,0,2
1,535039,66,538,181371,52198,21629,10553,7078,41796,15038,0,0,2
1,535039,66,-202,181371,52198,21629,10553,7078,41796,15038,0,0,2
1,535039,66,134,181371,52198,21629,10553,7078,41796,15038,0,0,2
1,535039,66,-24,181371,52198,21629,10553,7078,41796,15038,0,0,2
1,535039,66,405,181371,52198,21629,10553,7078,41796,15038,0,0,2
1,535039,66,-211,181371,52198,21629,10553,7078,41796,15038,0,0,2
1,1874104,61,107,131889,7716,59700,10755,19370,19290,26979,0,0,2
1,1874104,61,162,131889,7716,59700,10755,19370,19290,26979,0,0,2
1,1874104,61,-171,131889,7716,59700,10755,19370,19290,26979,0,0,2
1,1874104,61,410,131889,7716,59700,10755,19370,19290,26979,0,0,2
1,1874104,61,-84,131889,7716,59700,10755,19370,19290,26979,0,0,2
1,1874104,61,202,131889,7716,59700,10755,19370,19290,26979,0,0,2
1,1874104,61,228,131889,7716,59700,10755,19370,19290,26979,0,0,2
1,1874104,61,161,131889,7716,59700,10755,19370,19290,26979,0,0,2
1,1874104,61,123,131889,7716,59700,10755,19370,19290,26979,0,0,2
1,1874104,61,86,131889,7716,59700,10755,19370,19290,26979,0,0,2
16,551147,64,90,44476,7920,11236,6336,8897,4177,2658,0,0,2
16,551147,64,67,44476,7920,11236,6336,8897,4177,2658,0,0,2
16,551147,64,262,44476,7920,11236,6336,8897,4177,2658,0,0,2
16,551147,64,-358,44476,7920,11236,6336,8897,4177,2658,0,0,2
16,551147,64,280,44476,7920,11236,6336,8897,4177,2658,0,0,2
16,551147,64,41,44476,7920,11236,6336,8897,4177,2658,0,0,2
16,551147,64,-65,44476,7920,11236,6336,8897,4177,2658,0,0,2
16,551147,64,21,44476,7920,11236,6336,8897,4177,2658,0,0,2
16,551147,64,89,44476,7920,11236,6336,8897,4177,2658,0,0,2
16,551147,64,-12,44476,7920,11236,6336,8897,4177,2658,0,0,2
30,1647658,74,214,877606,263116,171504,113920,83988,67470,75044,0,0,2
30,1647658,74,267,877606,263116,171504,113920,83988,67470,75044,0,0,2
30,1647658,74,-247,877606,263116,171504,113920,83988,67470,75044,0,0,2
30,1647658,74,34,877606,263116,171504,113920,83988,67470,75044,0,0,2
30,1647658,74,201,877606,263116,171504,113920,83988,67470,75044,0,0,2
30,1647658,74,-2,877606,263116,171504,113920,83988,67470,75044,0,0,2
30,1647658,74,9,877606,263116,171504,113920,83988,67470,75044,0,0,2
30,1647658,74,154,877606,263116,171504,113920,83988,67470,75044,0,0,2
30,1647658,74,-38,877606,263116,171504,113920,83988,67470,75044,0,0,2
30,1647658,74,182,877606,263116,171504,113920,83988,67470,75044,0,0,2
44,1683729,75,280,174319,29923,56893,6923,21245,17838,13098,0,0,2
44,1683729,75,-234,174319,29923,56893,6923,21245,17838,13098,0,0,2
44,1683729,75,-67,174319,29923,56893,6923,21245,17838,13098,0,0,2
44,1683729,75,211,174319,29923,56893,6923,21245,17838,13098,0,0,2
44,1683729,75,329,174319,29923,56893,6923,21245,17838,13098,0,0,2
44,1683729,75,147,174319,29923,56893,6923,21245,17838,13098,0,0,2
44,1683729,75,-212,174319,29923,56893,6923,21245,17838,13098,0,0,2
44,1683729,75,-26,174319,29923,56893,6923,21245,17838,13098,0,0,2
44,1683729,75,161,174319,29923,56893,6923,21245,17838,13098,0,0,2
44,1683729,75,13,174319,29923,56893,6923,21245,17838,13098,0,0,2
47,1008319,61,-153,191457,15661,15122,29973,24488,6499,6015,0,0,2
47,1008319,61,98,191457,15661,15122,29973,24488,6499,6015,0,0,2
47,1008319,61,82,191457,15661,15122,29973,24488,6499,6015,0,0,2
47,1008319,61,58,191457,15661,15122,29973,24488,6499,6015,0,0,2
47,1008319,61,198,191457,15661,15122,29973,24488,6499,6015,0,0,2
47,1008319,61,92,191457,15661,15122,29973,24488,6499,6015,0,0,2
47,1008319,61,-50,191457,15661,15122,29973,24488,6499,6015,0,0,2
47,1008319,61,-52,191457,15661,15122,29973,24488,6499,6015,0,0,2
47,1008319,61,41,191457,15661,15122,29973,24488,6499,6015,0,0,2
37,760226,53,35,455739,45723,35655,16013,37010,13776,12715,0,0,2
37,760226,53,71,455739,45723,35655,16013,37010,13776,12715,0,0,2
37,760226,53,203,455739,45723,35655,16013,37010,13776,12715,0,0,2
37,760226,53,249,455739,45723,35655,16013,37010,13776,12715,0,0,2
37,760226,53,-180,455739,45723,35655,16013,37010,13776,12715,0,0,2
37,760226,53,75,455739,45723,35655,16013,37010,13776,12715,0,0,2
37,760226,53,133,455739,45723,35655,16013,37010,13776,12715,0,0,2
37,760226,53,-89,455739,45723,35655,16013,37010,13776,12715,0,0,2
37,760226,53,104,455739,45723,35655,16013,37010,13776,12715,0,0,2
37,760226,53,10,455739,45723,35655,16013,37010,13776,12715,0,0,2
30,60137,56,163,6919,3065,1535,593,458,425,580,0,0,2
30,60137,56,40,6919,3065,1535,593,458,425,580,0,0,2
30,60137,56,19,6919,3065,1535,593,458,425,580,0,0,2
30,60137,56,265,6919,3065,1535,593,458,425,580,0,0,2
30,60137,56,136,6919,3065,1535,593,458,425,580,0,0,2
30,60137,56,-197,6919,3065,1535,593,458,425,580,0,0,2
30,60137,56,140,6919,3065,1535,593,458,425,580,0,0,2
30,60137,56,-88,6919,3065,1535,593,458,425,580,0,0,2
30,60137,56,29,6919,3065,1535,593,458,425,580,0,0,2
30,60137,56,-172,6919,3065,1535,593,458,425,580,0,0,2
27,753636,40,82,955371,18288,73815,144627,64448,105365,15751,0,0,2
27,753636,40,275,955371,18288,73815,144627,64448,105365,15751,0,0,2
27,753636,40,80,955371,18288,73815,144627,64448,105365,15751,0,0,2
27,753636,40,-37,955371,18288,73815,144627,64448,105365,15751,0,0,2
27,753636,40,71,955371,18288,73815,144627,64448,105365,15751,0,0,2
27,753636,40,-215,955371,18288,73815,144627,64448,105365,15751,0,0,2
27,753636,40,-81,955371,18288,73815,144627,64448,105365,15751,0,0,2
27,753636,40,40,955371,18288,73815,144627,64448,105365,15751,0,0,2
27,753636,40,-76,955371,18288,73815,144627,64448,105365,15751,0,0,2
27,753636,40,139,955371,18288,73815,144627,64448,105365,15751,0,0,2
29,1028653,57,75,383338,83535,298937,46965,89529,102453,98699,0,0,2
29,1028653,57,-106,383338,83535,298937,46965,89529,102453,98699,0,0,2
29,1028653,57,-25,383338,83535,298937,46965,89529,102453,98699,0,0,2
29,1028653,57,177,383338,83535,298937,46965,89529,102453,98699,0,0,2
29,1028653,57,77,383338,83535,298937,46965,89529,102453,98699,0,0,2
29,1028653,57,-60,383338,83535,298937,46965,89529,102453,98699,0,0,2
29,1028653,57,169,383338,83535,298937,46965,89529,102453,98699,0,0,2
29,1028653,57,-214,383338,83535,298937,46965,89529,102453,98699,0,0,2
29,1028653,57,-23,383338,83535,298937,46965,89529,102453,98699,0,0,2
29,1028653,57,452,383338,83535,298937,46965,89529,102453,98699,0,0,2
43,2508787,61,-227,372140,45378,75797,80910,103341,40297,37291,0,0,2
43,2508787,61,22,372140,45378,75797,80910,103341,40297,37291,0,0,2
43,2508787,61,204,372140,45378,75797,80910,103341,40297,37291,0,0,2
43,2508787,61,125,372140,45378,75797,80910,103341,40297,37291,0,0,2
43,2508787,61,168,372140,45378,75797,80910,103341,40297,37291,0,0,2
43,2508787,61,69,372140,45378,75797,80910,103341,40297,37291,0,0,2
43,2508787,61,162,372140,45378,75797,80910,103341,40297,37291,0,0,2
43,2508787,61,-33,372140,45378,75797,80910,103341,40297,37291,0,0,2
43,2508787,61,54,372140,45378,75797,80910,103341,40297,37291,0,0,2
43,2508787,61,-50,372140,45378,75797,80910,103341,40297,37291,0,0,2
48,785255,40,72,679902,8357,45525,91671,48858,66057,57324,0,0,2
48,785255,40,-17,679902,8357,45525,91671,48858,66057,57324,0,0,2
48,785255,40,74,679902,8357,45525,91671,48858,66057,57324,0,0,2
48,785255,40,43,679902,8357,45525,91671,48858,66057,57324,0,0,2
48,785255,40,36,679902,8357,45525,91671,48858,66057,57324,0,0,2
48,785255,40,74,679902,8357,45525,91671,48858,66057,57324,0,0,2
48,785255,40,113,679902,8357,45525,91671,48858,66057,57324,0,0,2
48,785255,40,-177,679902,8357,45525,91671,48858,66057,57324,0,0,2
48,785255,40,81,679902,8357,45525,91671,48858,66057,57324,0,0,2
48,785255,40,274,679902,8357,45525,91671,48858,66057,57324,0,0,2
47,2110049,56,-45,759363,173103,155970,56669,58167,32242,41328,0,0,2
47,2110049,56,75,759363,173103,155970,56669,58167,32242,41328,0,0,2
47,2110049,56,53,759363,173103,155970,56669,58167,32242,41328,0,0,2
47,2110049,56,36,759363,173103,155970,56669,58167,32242,41328,0,0,2
47,2110049,56,93,759363,173103,155970,56669,58167,32242,41328,0,0,2
47,2110049,56,-89,759363,173103,155970,56669,58167,32242,41328,0,0,2
47,2110049,56,51,759363,173103,155970,56669,58167,32242,41328,0,0,2
47,2110049,56,220,759363,173103,155970,56669,58167,32242,41328,0,0,2
47,2110049,56,-84,759363,173103,155970,56669,58167,32242,41328,0,0,2
47,2110049,56,140,759363,173103,155970,56669,58167,32242,41328,0,0,2
43,526902,51,48,80830,47872,8453,16851,13231,22659,11970,0,0,2
43,526902,51,155,80830,47872,8453,16851,13231,22659,11970,0,0,2
43,526902,51,-161,80830,47872,8453,16851,13231,22659,11970,0,0,2
43,526902,51,-92,80830,47872,8453,16851,13231,22659,11970,0,0,2
43,526902,51,128,80830,47872,8453,16851,13231,22659,11970,0,0,2
43,526902,51,59,80830,47872,8453,16851,13231,22659,11970,0,0,2
43,526902,51,74,80830,47872,8453,16851,13231,22659,11970,0,0,2
43,526902,51,75,80830,47872,8453,16851,13231,22659,11970,0,0,2
43,526902,51,74,80830,47872,8453,16851,13231,22659,11970,0,0,2
43,526902,51,219,80830,47872,8453,16851,13231,22659,11970,0,0,2
26,1866257,53,-286,127471,15995,23961,14000,8455,13334,15144,0,0,2
26,1866257,53,-20,127471,15995,23961,14000,8455,13334,15144,0,0,2
26,1866257,53,22,127471,15995,23961,14000,8455,13334,15144,0,0,2
26,1866257,53,136,127471,15995,23961,14000,8455,13334,15144,0,0,2
26,1866257,53,-163,127471,15995,23961,14000,8455,13334,15144,0,0,2
26,1866257,53,138,127471,15995,23961,14000,8455,13334,15144,0,0,2
26,1866257,53,27,127471,15995,23961,14000,8455,13334,15144,0,0,2
26,1866257,53,-94,127471,15995,23961,14000,8455,13334,15144,0,0,2
26,1866257,53,-123,127471,15995,23961,14000,8455,13334,15144,0,0,2
26,1866257,53,123,127471,15995,23961,14000,8455,13334,15144,0,0,2
21,2511036,75,101,308173,120262,74001,55276,23989,14256,34772,0,0,2
21,2511036,75,2,308173,120262,74001,55276,23989,14256,34772,0,0,2
21,2511036,75,17,308173,120262,74001,55276,23989,14256,34772,0,0,2
21,2511036,75,-136,308173,120262,74001,55276,23989,14256,34772,0,0,2
21,2511036,75,23,308173,120262,74001,55276,23989,14256,34772,0,0,2
21,2511036,75,178,308173,120262,74001,55276,23989,14256,34772,0,0,2
21,2511036,75,229,308173,120262,74001,55276,23989,14256,34772,0,0,2
21,2511036,75,297,308173,120262,74001,55276,23989,14256,34772,0,0,2
21,2511036,75,-35,308173,120262,74001,55276,23989,14256,34772,0,0,2
21,2511036,75,186,308173,120262,74001,55276,23989,14256,34772,0,0,2
10,570407,64,58,607371,55829,46569,12426,12338,16563,14821,0,0,2
10,570407,64,83,607371,55829,46569,12426,12338,16563,14821,0,0,2
10,570407,64,3,607371,55829,46569,12426,12338,16563,14821,0,0,2
10,570407,64,-20,607371,55829,46569,12426,12338,16563,14821,0,0,2
10,570407,64,124,607371,55829,46569,12426,12338,16563,14821,0,0,2
10,570407,64,85,607371,55829,46569,12426,12338,16563,14821,0,0,2
10,570407,64,338,607371,55829,46569,12426,12338,16563,14821,0,0,2
10,570407,64,-276,607371,55829,46569,12426,12338,16563,14821,0,0,2
10,570407,64,6,607371,55829,46569,12426,12338,16563,14821,0,0,2
10,570407,64,133,607371,55829,46569,12426,12338,16563,14821,0,0,2
1,1070926,64,76,283264,89998,45785,7869,18970,17127,12063,0,0,2
1,1070926,64,146,283264,89998,45785,7869,18970,17127,12063,0,0,2
1,1070926,64,55,283264,89998,45785,7869,18970,17127,12063,0,0,2
1,1070926,64,96,283264,89998,45785,7869,18970,17127,12063,0,0,2
1,1070926,64,75,283264,89998,45785,7869,18970,17127,12063,0,0,2
1,1070926,64,88,283264,89998,45785,7869,18970,17127,12063,0,0,2
1,1070926,64,-12,283264,89998,45785,7869,18970,17127,12063,0,0,2
1,1070926,64,-9,283264,89998,45785,7869,18970,17127,12063,0,0,2
1,1070926,64,48,283264,89998,45785,7869,18970,17127,12063,0,0,2
7,732176,81,-17,62625,33025,121199,39279,16050,29216,24389,0,0,2
7,732176,81,514,62625,33025,121199,39279,16050,29216,24389,0,0,2
7,732176,81,153,62625,33025,121199,39279,16050,29216,24389,0,0,2
7,732176,81,-285,62625,33025,121199,39279,16050,29216,24389,0,0,2
7,732176,81,-162,62625,33025,121199,39279,16050,29216,24389,0,0,2
7,732176,81,137,62625,33025,121199,39279,16050,29216,24389,0,0,2
7,732176,81,-22,62625,33025,121199,39279,16050,29216,24389,0,0,2
7,732176,81,312,62625,33025,121199,39279,16050,29216,24389,0,0,2
7,732176,81,130,62625,33025,121199,39279,16050,29216,24389,0,0,2
7,732176,81,-53,62625,33025,121199,39279,16050,29216,24389,0,0,2
11,733541,81,37,247645,32331,139710,55016,26989,34406,17022,0,0,2
11,733541,81,155,247645,32331,139710,55016,26989,34406,17022,0,0,2
11,733541,81,485,247645,32331,139710,55016,26989,34406,17022,0,0,2
11,733541,81,-53,247645,32331,139710,55016,26989,34406,17022,0,0,2
11,733541,81,-40,247645,32331,139710,55016,26989,34406,17022,0,0,2
11,733541,81,51,247645,32331,139710,55016,26989,34406,17022,0,0,2
11,733541,81,164,247645,32331,139710,55016,26989,34406,17022,0,0,2
11,733541,81,-1,247645,32331,139710,55016,26989,34406,17022,0,0,2
11,733541,81,-149,247645,32331,139710,55016,26989,34406,17022,0,0,2
11,733541,81,321,247645,32331,139710,55016,26989,34406,17022,0,0,2
13,479809,81,-100,420703,51574,18022,7576,10675,26008,13731,0,0,2
13,479809,81,2,420703,51574,18022,7576,10675,26008,13731,0,0,2
13,479809,81,200,420703,51574,18022,7576,10675,26008,13731,0,0,2
13,479809,81,-40,420703,51574,18022,7576,10675,26008,13731,0,0,2
13,479809,81,52,420703,51574,18022,7576,10675,26008,13731,0,0,2
13,479809,81,-134,420703,51574,18022,7576,10675,26008,13731,0,0,2
13,479809,81,50,420703,51574,18022,7576,10675,26008,13731,0,0,2
13,479809,81,89,420703,51574,18022,7576,10675,26008,13731,0,0,2
13,479809,81,134,420703,51574,18022,7576,10675,26008,13731,0,0,2
13,479809,81,188,420703,51574,18022,7576,10675,26008,13731,0,0,2
20,1065496,90,113,27968,19966,20652,4131,5944,9231,10432,0,0,2
20,1065496,90,18,27968,19966,20652,4131,5944,9231,10432,0,0,2
20,1065496,90,-227,27968,19966,20652,4131,5944,9231,10432,0,0,2
20,1065496,90,122,27968,19966,20652,4131,5944,9231,10432,0,0,2
20,1065496,90,245,27968,19966,20652,4131,5944,9231,10432,0,0,2
20,1065496,90,6,27968,19966,20652,4131,5944,9231,10432,0,0,2
20,1065496,90,281,27968,19966,20652,4131,5944,9231,10432,0,0,2
20,1065496,90,246,27968,19966,20652,4131,5944,9231,10432,0,0,2
20,1065496,90,-133,27968,19966,20652,4131,5944,9231,10432,0,0,2
20,1065496,90,188,27968,19966,20652,4131,5944,9231,10432,0,0,2
11,1539896,70,69,905611,181303,34658,72649,41872,31421,86206,0,0,2
11,1539896,70,21,905611,181303,34658,72649,41872,31421,86206,0,0,2
11,1539896,70,150,905611,181303,34658,72649,41872,31421,86206,0,0,2
11,1539896,70,28,905611,181303,34658,72649,41872,31421,86206,0,0,2
11,1539896,70,28,905611,181303,34658,72649,41872,31421,86206,0,0,2
11,1539896,70,-9,905611,181303,34658,72649,41872,31421,86206,0,0,2
11,1539896,70,20,905611,181303,34658,72649,41872,31421,86206,0,0,2
11,1539896,70,86,905611,181303,34658,72649,41872,31421,86206,0,0,2
11,1539896,70,51,905611,181303,34658,72649,41872,31421,86206,0,0,2
11,1539896,70,-36,905611,181303,34658,72649,41872,31421,86206,0,0,2
20,645878,64,-20,128524,24316,16874,10805,24560,8002,11348,0,0,2
20,645878,64,149,128524,24316,16874,10805,24560,8002,11348,0,0,2
20,645878,64,70,128524,24316,16874,10805,24560,8002,11348,0,0,2
20,645878,64,205,128524,24316,16874,10805,24560,8002,11348,0,0,2
20,645878,64,-324,128524,24316,16874,10805,24560,8002,11348,0,0,2
20,645878,64,-184,128524,24316,16874,10805,24560,8002,11348,0,0,2
20,645878,64,152,128524,24316,16874,10805,24560,8002,11348,0,0,2
20,645878,64,6,128524,24316,16874,10805,24560,8002,11348,0,0,2
20,645878,64,69,128524,24316,16874,10805,24560,8002,11348,0,0,2
20,645878,64,145,128524,24316,16874,10805,24560,8002,11348,0,0,2
35,711730,70,75,164550,50932,13919,27597,17508,8785,12930,0,0,2
35,711730,70,-22,164550,50932,13919,27597,17508,8785,12930,0,0,2
35,711730,70,120,164550,50932,13919,27597,17508,8785,12930,0,0,2
35,711730,70,32,164550,50932,13919,27597,17508,8785,12930,0,0,2
35,711730,70,71,164550,50932,13919,27597,17508,8785,12930,0,0,2
35,711730,70,50,164550,50932,13919,27597,17508,8785,12930,0,0,2
35,711730,70,305,164550,50932,13919,27597,17508,8785,12930,0,0,2
35,711730,70,-234,164550,50932,13919,27597,17508,8785,12930,0,0,2
35,711730,70,-131,164550,50932,13919,27597,17508,8785,12930,0,0,2
35,711730,70,38,164550,50932,13919,27597,17508,8785,12930,0,0,2
35,71979,41,245,20215,621,760,1567,1620,994,840,0,0,2
35,71979,41,65,20215,621,760,1567,1620,994,840,0,0,2
35,71979,41,7,20215,621,760,1567,1620,994,840,0,0,2
35,71979,41,209,20215,621,760,1567,1620,994,840,0,0,2
35,71979,41,-205,20215,621,760,1567,1620,994,840,0,0,2
35,71979,41,43,20215,621,760,1567,1620,994,840,0,0,2
35,71979,41,100,20215,621,760,1567,1620,994,840,0,0,2
35,71979,41,-114,20215,621,760,1567,1620,994,840,0,0,2
35,71979,41,106,20215,621,760,1567,1620,994,840,0,0,2
35,71979,41,109,20215,621,760,1567,1620,994,840,0,0,2
27,549242,41,118,116346,22834,5423,10722,3463,3456,4012,0,0,2
27,549242,41,-34,116346,22834,5423,10722,3463,3456,4012,0,0,2
27,549242,41,21,116346,22834,5423,10722,3463,3456,4012,0,0,2
27,549242,41,235,116346,22834,5423,10722,3463,3456,4012,0,0,2
27,549242,41,-268,116346,22834,5423,10722,3463,3456,4012,0,0,2
27,549242,41,160,116346,22834,5423,10722,3463,3456,4012,0,0,2
27,549242,41,-156,116346,22834,5423,10722,3463,3456,4012,0,0,2
27,549242,41,-114,116346,22834,5423,10722,3463,3456,4012,0,0,2
27,549242,41,167,116346,22834,5423,10722,3463,3456,4012,0,0,2
27,549242,41,616,116346,22834,5423,10722,3463,3456,4012,0,0,2
20,875256,57,-343,82162,119359,14849,18834,15070,11031,7337,0,0,2
20,875256,57,33,82162,119359,14849,18834,15070,11031,7337,0,0,2
20,875256,57,61,82162,119359,14849,18834,15070,11031,7337,0,0,2
20,875256,57,138,82162,119359,14849,18834,15070,11031,7337,0,0,2
20,875256,57,17,82162,119359,14849,18834,15070,11031,7337,0,0,2
20,875256,57,-121,82162,119359,14849,18834,15070,11031,7337,0,0,2
20,875256,57,82,82162,119359,14849,18834,15070,11031,7337,0,0,2
20,875256,57,84,82162,119359,14849,18834,15070,11031,7337,0,0,2
20,875256,57,-39,82162,119359,14849,18834,15070,11031,7337,0,0,2
20,875256,57,145,82162,119359,14849,18834,15070,11031,7337,0,0,2
21,1472464,61,215,599290,300261,77594,49067,74048,50315,28058,0,0,2
21,1472464,61,-154,599290,300261,77594,49067,74048,50315,28058,0,0,2
21,1472464,61,17,599290,300261,77594,49067,74048,50315,28058,0,0,2
21,1472464,61,169,599290,300261,77594,49067,74048,50315,28058,0,0,2
21,1472464,61,498,599290,300261,77594,49067,74048,50315,28058,0,0,2
21,1472464,61,-406,599290,300261,77594,49067,74048,50315,28058,0,0,2
21,1472464,61,116,599290,300261,77594,49067,74048,50315,28058,0,0,2
21,1472464,61,57,599290,300261,77594,49067,74048,50315,28058,0,0,2
21,1472464,61,-3,599290,300261,77594,49067,74048,50315,28058,0,0,2
21,1472464,61,29,599290,300261,77594,49067,74048,50315,28058,0,0,2
16,1092415,83,370,149114,51739,28582,14820,12708,33022,21822,0,0,2
16,1092415,83,-116,149114,51739,28582,14820,12708,33022,21822,0,0,2
16,1092415,83,229,149114,51739,28582,14820,12708,33022,21822,0,0,2
16,1092415,83,-231,149114,51739,28582,14820,12708,33022,21822,0,0,2
16,1092415,83,-75,149114,51739,28582,14820,12708,33022,21822,0,0,2
16,1092415,83,-188,149114,51739,28582,14820,12708,33022,21822,0,0,2
16,1092415,83,148,149114,51739,28582,14820,12708,33022,21822,0,0,2
16,1092415,83,352,149114,51739,28582,14820,12708,33022,21822,0,0,2
16,1092415,83,-6,149114,51739,28582,14820,12708,33022,21822,0,0,2
16,1092415,83,106,149114,51739,28582,14820,12708,33022,21822,0,0,2
27,467048,87,16,247048,62075,20996,10036,21084,17860,20756,0,0,2
27,467048,87,17,247048,62075,20996,10036,21084,17860,20756,0,0,2
27,467048,87,234,247048,62075,20996,10036,21084,17860,20756,0,0,2
27,467048,87,-209,247048,62075,20996,10036,21084,17860,20756,0,0,2
27,467048,87,3,247048,62075,20996,10036,21084,17860,20756,0,0,2
27,467048,87,-28,247048,62075,20996,10036,21084,17860,20756,0,0,2
27,467048,87,-189,247048,62075,20996,10036,21084,17860,20756,0,0,2
27,467048,87,-39,247048,62075,20996,10036,21084,17860,20756,0,0,2
27,467048,87,51,247048,62075,20996,10036,21084,17860,20756,0,0,2
35,1776956,69,-121,127105,10364,20697,10861,16884,12683,18030,0,0,2
35,1776956,69,709,127105,10364,20697,10861,16884,12683,18030,0,0,2
35,1776956,69,-51,127105,10364,20697,10861,16884,12683,18030,0,0,2
35,1776956,69,115,127105,10364,20697,10861,16884,12683,18030,0,0,2
35,1776956,69,58,127105,10364,20697,10861,16884,12683,18030,0,0,2
35,1776956,69,197,127105,10364,20697,10861,16884,12683,18030,0,0,2
35,1776956,69,297,127105,10364,20697,10861,16884,12683,18030,0,0,2
35,1776956,69,-248,127105,10364,20697,10861,16884,12683,18030,0,0,2
35,1776956,69,-13,127105,10364,20697,10861,16884,12683,18030,0,0,2
35,1776956,69,72,127105,10364,20697,10861,16884,12683,18030,0,0,2
29,578477,63,124,150744,30111,24816,27407,10910,23586,18308,0,0,2
29,578477,63,24,150744,30111,24816,27407,10910,23586,18308,0,0,2
29,578477,63,34,150744,30111,24816,27407,10910,23586,18308,0,0,2
29,578477,63,-41,150744,30111,24816,27407,10910,23586,18308,0,0,2
29,578477,63,-61,150744,30111,24816,27407,10910,23586,18308,0,0,2
29,578477,63,154,150744,30111,24816,27407,10910,23586,18308,0,0,2
29,578477,63,55,150744,30111,24816,27407,10910,23586,18308,0,0,2
29,578477,63,-33,150744,30111,24816,27407,10910,23586,18308,0,0,2
29,578477,63,42,150744,30111,24816,27407,10910,23586,18308,0,0,2
29,578477,63,-218,150744,30111,24816,27407,10910,23586,18308,0,0,2
24,854086,56,41,319632,27550,39011,6725,13059,15208,23201,0,0,2
24,854086,56,168,319632,27550,39011,6725,13059,15208,23201,0,0,2
24,854086,56,81,319632,27550,39011,6725,13059,15208,23201,0,0,2
24,854086,56,-125,319632,27550,39011,6725,13059,15208,23201,0,0,2
24,854086,56,50,319632,27550,39011,6725,13059,15208,23201,0,0,2
24,854086,56,-260,319632,27550,39011,6725,13059,15208,23201,0,0,2
24,854086,56,90,319632,27550,39011,6725,13059,15208,23201,0,0,2
24,854086,56,82,319632,27550,39011,6725,13059,15208,23201,0,0,2
24,854086,56,56,319632,27550,39011,6725,13059,15208,23201,0,0,2
24,854086,56,128,319632,27550,39011,6725,13059,15208,23201,0,0,2
26,267209,50,108,39912,5429,2542,7855,3367,1423,3029,0,0,2
26,267209,50,86,39912,5429,2542,7855,3367,1423,3029,0,0,2
26,267209,50,82,39912,5429,2542,7855,3367,1423,3029,0,0,2
26,267209,50,17,39912,5429,2542,7855,3367,1423,3029,0,0,2
26,267209,50,65,39912,5429,2542,7855,3367,1423,3029,0,0,2
26,267209,50,182,39912,5429,2542,7855,3367,1423,3029,0,0,2
26,267209,50,-101,39912,5429,2542,7855,3367,1423,3029,0,0,2
26,267209,50,5,39912,5429,2542,7855,3367,1423,3029,0,0,2
26,267209,50,100,39912,5429,2542,7855,3367,1423,3029,0,0,2
26,267209,50,322,39912,5429,2542,7855,3367,1423,3029,0,0,2
24,123606,54,-430,14546,4643,2319,2406,2257,3646,1563,0,0,2
24,123606,54,160,14546,4643,2319,2406,2257,3646,1563,0,0,2
24,123606,54,192,14546,4643,2319,2406,2257,3646,1563,0,0,2
24,123606,54,9,14546,4643,2319,2406,2257,3646,1563,0,0,2
24,123606,54,-40,14546,4643,2319,2406,2257,3646,1563,0,0,2
24,123606,54,85,14546,4643,2319,2406,2257,3646,1563,0,0,2
24,123606,54,103,14546,4643,2319,2406,2257,3646,1563,0,0,2
24,123606,54,289,14546,4643,2319,2406,2257,3646,1563,0,0,2
24,123606,54,-254,14546,4643,2319,2406,2257,3646,1563,0,0,2
24,123606,54,55,14546,4643,2319,2406,2257,3646,1563,0,0,2
30,2113156,57,539,179165,59507,28597,23568,22932,12299,17556,0,0,2
30,2113156,57,-210,179165,59507,28597,23568,22932,12299,17556,0,0,2
30,2113156,57,-97,179165,59507,28597,23568,22932,12299,17556,0,0,2
30,2113156,57,34,179165,59507,28597,23568,22932,12299,17556,0,0,2
30,2113156,57,196,179165,59507,28597,23568,22932,12299,17556,0,0,2
30,2113156,57,54,179165,59507,28597,23568,22932,12299,17556,0,0,2
30,2113156,57,43,179165,59507,28597,23568,22932,12299,17556,0,0,2
30,2113156,57,91,179165,59507,28597,23568,22932,12299,17556,0,0,2
30,2113156,57,54,179165,59507,28597,23568,22932,12299,17556,0,0,2
30,2113156,57,41,179165,59507,28597,23568,22932,12299,17556,0,0,2
44,66954,70,32,8611,4638,3690,1234,1684,525,655,0,0,2
44,66954,70,52,8611,4638,3690,1234,1684,525,655,0,0,2
44,66954,70,129,8611,4638,3690,1234,1684,525,655,0,0,2
44,66954,70,21,8611,4638,3690,1234,1684,525,655,0,0,2
44,66954,70,50,8611,4638,3690,1234,1684,525,655,0,0,2
44,66954,70,-20,8611,4638,3690,1234,1684,525,655,0,0,2
44,66954,70,73,8611,4638,3690,1234,1684,525,655,0,0,2
44,66954,70,59,8611,4638,3690,1234,1684,525,655,0,0,2
44,66954,70,24,8611,4638,3690,1234,1684,525,655,0,0,2
44,66954,70,21,8611,4638,3690,1234,1684,525,655,0,0,2
61,71112,81,9,8038,4432,7218,11786,5983,4165,5349,0,0,2
61,71112,81,64,8038,4432,7218,11786,5983,4165,5349,0,0,2
61,71112,81,29,8038,4432,7218,11786,5983,4165,5349,0,0,2
61,71112,81,-9,8038,4432,7218,11786,5983,4165,5349,0,0,2
61,71112,81,252,8038,4432,7218,11786,5983,4165,5349,0,0,2
61,71112,81,-141,8038,4432,7218,11786,5983,4165,5349,0,0,2
61,71112,81,109,8038,4432,7218,11786,5983,4165,5349,0,0,2
61,71112,81,233,8038,4432,7218,11786,5983,4165,5349,0,0,2
61,71112,81,242,8038,4432,7218,11786,5983,4165,5349,0,0,2
61,71112,81,-349,8038,4432,7218,11786,5983,4165,5349,0,0,2
53,231111,67,-196,206157,9390,15140,19803,12953,4456,4904,0,0,2
53,231111,67,149,206157,9390,15140,19803,12953,4456,4904,0,0,2
53,231111,67,55,206157,9390,15140,19803,12953,4456,4904,0,0,2
53,231111,67,10,206157,9390,15140,19803,12953,4456,4904,0,0,2
53,231111,67,-66,206157,9390,15140,19803,12953,4456,4904,0,0,2
53,231111,67,197,206157,9390,15140,19803,12953,4456,4904,0,0,2
53,231111,67,117,206157,9390,15140,19803,12953,4456,4904,0,0,2
53,231111,67,68,206157,9390,15140,19803,12953,4456,4904,0,0,2
53,231111,67,38,206157,9390,15140,19803,12953,4456,4904,0,0,2
53,231111,67,209,206157,9390,15140,19803,12953,4456,4904,0,0,2
61,335445,60,187,14058,2941,830,5162,2779,6279,4108,0,0,2
61,335445,60,-298,14058,2941,830,5162,2779,6279,4108,0,0,2
61,335445,60,90,14058,2941,830,5162,2779,6279,4108,0,0,2
61,335445,60,124,14058,2941,830,5162,2779,6279,4108,0,0,2
61,335445,60,-11,14058,2941,830,5162,2779,6279,4108,0,0,2
61,335445,60,-73,14058,2941,830,5162,2779,6279,4108,0,0,2
61,335445,60,114,14058,2941,830,5162,2779,6279,4108,0,0,2
61,335445,60,308,14058,2941,830,5162,2779,6279,4108,0,0,2
61,335445,60,-157,14058,2941,830,5162,2779,6279,4108,0,0,2
61,335445,60,-55,14058,2941,830,5162,2779,6279,4108,0,0,2
50,1399042,41,65,1008317,153614,35237,323557,51446,85797,67461,0,0,2
50,1399042,41,53,1008317,153614,35237,323557,51446,85797,67461,0,0,2
50,1399042,41,-14,1008317,153614,35237,323557,51446,85797,67461,0,0,2
50,1399042,41,56,1008317,153614,35237,323557,51446,85797,67461,0,0,2
50,1399042,41,74,1008317,153614,35237,323557,51446,85797,67461,0,0,2
50,1399042,41,-34,1008317,153614,35237,323557,51446,85797,67461,0,0,2
50,1399042,41,71,1008317,153614,35237,323557,51446,85797,67461,0,0,2
50,1399042,41,-274,1008317,153614,35237,323557,51446,85797,67461,0,0,2
50,1399042,41,-124,1008317,153614,35237,323557,51446,85797,67461,0,0,2
50,1399042,41,-99,1008317,153614,35237,323557,51446,85797,67461,0,0,2
38,596918,41,-52,100905,38351,25988,12179,19915,20489,6305,0,0,2
38,596918,41,226,100905,38351,25988,12179,19915,20489,6305,0,0,2
38,596918,41,172,100905,38351,25988,12179,19915,20489,6305,0,0,2
38,596918,41,170,100905,38351,25988,12179,19915,20489,6305,0,0,2
38,596918,41,145,100905,38351,25988,12179,19915,20489,6305,0,0,2
38,596918,41,234,100905,38351,25988,12179,19915,20489,6305,0,0,2
38,596918,41,196,100905,38351,25988,12179,19915,20489,6305,0,0,2
38,596918,41,-46,100905,38351,25988,12179,19915,20489,6305,0,0,2
38,596918,41,-101,100905,38351,25988,12179,19915,20489,6305,0,0,2
38,596918,41,308,100905,38351,25988,12179,19915,20489,6305,0,0,2
35,46503,54,161,44687,12647,3162,3433,2656,5252,1831,0,0,2
35,46503,54,-201,44687,12647,3162,3433,2656,5252,1831,0,0,2
35,46503,54,32,44687,12647,3162,3433,2656,5252,1831,0,0,2
35,46503,54,98,44687,12647,3162,3433,2656,5252,1831,0,0,2
35,46503,54,88,44687,12647,3162,3433,2656,5252,1831,0,0,2
35,46503,54,53,44687,12647,3162,3433,2656,5252,1831,0,0,2
35,46503,54,48,44687,12647,3162,3433,2656,5252,1831,0,0,2
35,46503,54,-26,44687,12647,3162,3433,2656,5252,1831,0,0,2
35,46503,54,-37,44687,12647,3162,3433,2656,5252,1831,0,0,2
13,197427,70,-37,49375,36597,20615,6299,3012,4211,11134,0,0,2
13,197427,70,-23,49375,36597,20615,6299,3012,4211,11134,0,0,2
13,197427,70,115,49375,36597,20615,6299,3012,4211,11134,0,0,2
13,197427,70,65,49375,36597,20615,6299,3012,4211,11134,0,0,2
13,197427,70,67,49375,36597,20615,6299,3012,4211,11134,0,0,2
13,197427,70,102,49375,36597,20615,6299,3012,4211,11134,0,0,2
13,197427,70,51,49375,36597,20615,6299,3012,4211,11134,0,0,2
13,197427,70,23,49375,36597,20615,6299,3012,4211,11134,0,0,2
13,197427,70,-265,49375,36597,20615,6299,3012,4211,11134,0,0,2
13,197427,70,-66,49375,36597,20615,6299,3012,4211,11134,0,0,2
10,1487106,74,12,484775,46226,29938,17996,16635,10432,36825,0,0,2
10,1487106,74,237,484775,46226,29938,17996,16635,10432,36825,0,0,2
10,1487106,74,39,484775,46226,29938,17996,16635,10432,36825,0,0,2
10,1487106,74,216,484775,46226,29938,17996,16635,10432,36825,0,0,2
10,1487106,74,1,484775,46226,29938,17996,16635,10432,36825,0,0,2
10,1487106,74,-325,484775,46226,29938,17996,16635,10432,36825,0,0,2
10,1487106,74,-213,484775,46226,29938,17996,16635,10432,36825,0,0,2
10,1487106,74,316,484775,46226,29938,17996,16635,10432,36825,0,0,2
10,1487106,74,281,484775,46226,29938,17996,16635,10432,36825,0,0,2
10,1487106,74,313,484775,46226,29938,17996,16635,10432,36825,0,0,2
4,1547705,63,60,242212,30367,25854,54987,26454,24854,23443,0,0,2
4,1547705,63,457,242212,30367,25854,54987,26454,24854,23443,0,0,2
4,1547705,63,-161,242212,30367,25854,54987,26454,24854,23443,0,0,2
4,1547705,63,296,242212,30367,25854,54987,26454,24854,23443,0,0,2
4,1547705,63,-72,242212,30367,25854,54987,26454,24854,23443,0,0,2
4,1547705,63,-71,242212,30367,25854,54987,26454,24854,23443,0,0,2
4,1547705,63,171,242212,30367,25854,54987,26454,24854,23443,0,0,2
4,1547705,63,-118,242212,30367,25854,54987,26454,24854,23443,0,0,2
4,1547705,63,69,242212,30367,25854,54987,26454,24854,23443,0,0,2
4,1547705,63,152,242212,30367,25854,54987,26454,24854,23443,0,0,2
1,2259227,63,220,1804650,414249,211054,59785,58392,163436,141875,0,0,2
1,2259227,63,-188,1804650,414249,211054,59785,58392,163436,141875,0,0,2
1,2259227,63,124,1804650,414249,211054,59785,58392,163436,141875,0,0,2
1,2259227,63,21,1804650,414249,211054,59785,58392,163436,141875,0,0,2
1,2259227,63,-39,1804650,414249,211054,59785,58392,163436,141875,0,0,2
1,2259227,63,11,1804650,414249,211054,59785,58392,163436,141875,0,0,2
1,2259227,63,89,1804650,414249,211054,59785,58392,163436,141875,0,0,2
1,2259227,63,40,1804650,414249,211054,59785,58392,163436,141875,0,0,2
1,2259227,63,86,1804650,414249,211054,59785,58392,163436,141875,0,0,2
1,2259227,63,-75,1804650,414249,211054,59785,58392,163436,141875,0,0,2
8,503619,37,-38,1003837,42257,42284,37715,69366,119513,49374,0,0,2
8,503619,37,41,1003837,42257,42284,37715,69366,119513,49374,0,0,2
8,503619,37,-209,1003837,42257,42284,37715,69366,119513,49374,0,0,2
8,503619,37,56,1003837,42257,42284,37715,69366,119513,49374,0,0,2
8,503619,37,-28,1003837,42257,42284,37715,69366,119513,49374,0,0,2
8,503619,37,101,1003837,42257,42284,37715,69366,119513,49374,0,0,2
8,503619,37,-262,1003837,42257,42284,37715,69366,119513,49374,0,0,2
8,503619,37,-86,1003837,42257,42284,37715,69366,119513,49374,0,0,2
8,503619,37,-194,1003837,42257,42284,37715,69366,119513,49374,0,0,2
8,503619,37,152,1003837,42257,42284,37715,69366,119513,49374,0,0,2
24,239534,53,22,175639,84682,127449,31685,44698,32604,26550,0,0,2
24,239534,53,54,175639,84682,127449,31685,44698,32604,26550,0,0,2
24,239534,53,-17,175639,84682,127449,31685,44698,32604,26550,0,0,2
24,239534,53,135,175639,84682,127449,31685,44698,32604,26550,0,0,2
24,239534,53,92,175639,84682,127449,31685,44698,32604,26550,0,0,2
24,239534,53,345,175639,84682,127449,31685,44698,32604,26550,0,0,2
24,239534,53,92,175639,84682,127449,31685,44698,32604,26550,0,0,2
24,239534,53,-452,175639,84682,127449,31685,44698,32604,26550,0,0,2
24,239534,53,-246,175639,84682,127449,31685,44698,32604,26550,0,0,2
24,239534,53,-282,175639,84682,127449,31685,44698,32604,26550,0,0,2
27,729861,66,214,174000,33917,125155,35039,30940,25843,24667,0,0,2
27,729861,66,96,174000,33917,125155,35039,30940,25843,24667,0,0,2
27,729861,66,418,174000,33917,125155,35039,30940,25843,24667,0,0,2
27,729861,66,-290,174000,33917,125155,35039,30940,25843,24667,0,0,2
27,729861,66,130,174000,33917,125155,35039,30940,25843,24667,0,0,2
27,729861,66,145,174000,33917,125155,35039,30940,25843,24667,0,0,2
27,729861,66,-19,174000,33917,125155,35039,30940,25843,24667,0,0,2
27,729861,66,89,174000,33917,125155,35039,30940,25843,24667,0,0,2
27,729861,66,121,174000,33917,125155,35039,30940,25843,24667,0,0,2
27,729861,66,53,174000,33917,125155,35039,30940,25843,24667,0,0,2
40,26629,66,-9,10720,3092,712,1278,942,336,335,0,0,2
40,26629,66,-10,10720,3092,712,1278,942,336,335,0,0,2
40,26629,66,21,10720,3092,712,1278,942,336,335,0,0,2
40,26629,66,27,10720,3092,712,1278,942,336,335,0,0,2
40,26629,66,50,10720,3092,712,1278,942,336,335,0,0,2
40,26629,66,-102,10720,3092,712,1278,942,336,335,0,0,2
40,26629,66,28,10720,3092,712,1278,942,336,335,0,0,2
40,26629,66,59,10720,3092,712,1278,942,336,335,0,0,2
40,26629,66,-147,10720,3092,712,1278,942,336,335,0,0,2
40,26629,66,-19,10720,3092,712,1278,942,336,335,0,0,2
56,193071,84,42,33618,18332,9916,16559,14725,18528,7230,0,0,2
56,193071,84,163,33618,18332,9916,16559,14725,18528,7230,0,0,2
56,193071,84,93,33618,18332,9916,16559,14725,18528,7230,0,0,2
56,193071,84,233,33618,18332,9916,16559,14725,18528,7230,0,0,2
56,193071,84,122,33618,18332,9916,16559,14725,18528,7230,0,0,2
56,193071,84,245,33618,18332,9916,16559,14725,18528,7230,0,0,2
56,193071,84,171,33618,18332,9916,16559,14725,18528,7230,0,0,2
56,193071,84,0,33618,18332,9916,16559,14725,18528,7230,0,0,2
56,193071,84,128,33618,18332,9916,16559,14725,18528,7230,0,0,2
56,193071,84,-142,33618,18332,9916,16559,14725,18528,7230,0,0,2
64,512832,69,-117,192975,16759,43133,51574,61290,39129,16935,0,0,2
64,512832,69,-1,192975,16759,43133,51574,61290,39129,16935,0,0,2
64,512832,69,109,192975,16759,43133,51574,61290,39129,16935,0,0,2
64,512832,69,-93,192975,16759,43133,51574,61290,39129,16935,0,0,2
64,512832,69,310,192975,16759,43133,51574,61290,39129,16935,0,0,2
64,512832,69,100,192975,16759,43133,51574,61290,39129,16935,0,0,2
64,512832,69,311,192975,16759,43133,51574,61290,39129,16935,0,0,2
64,512832,69,18,192975,16759,43133,51574,61290,39129,16935,0,0,2
64,512832,69,-460,192975,16759,43133,51574,61290,39129,16935,0,0,2
64,512832,69,-73,192975,16759,43133,51574,61290,39129,16935,0,0,2
69,263419,69,124,18256,12970,7890,11167,5530,3882,2895,0,0,2
69,263419,69,152,18256,12970,7890,11167,5530,3882,2895,0,0,2
69,263419,69,12,18256,12970,7890,11167,5530,3882,2895,0,0,2
69,263419,69,20,18256,12970,7890,11167,5530,3882,2895,0,0,2
69,263419,69,69,18256,12970,7890,11167,5530,3882,2895,0,0,2
69,263419,69,124,18256,12970,7890,11167,5530,3882,2895,0,0,2
69,263419,69,70,18256,12970,7890,11167,5530,3882,2895,0,0,2
69,263419,69,-178,18256,12970,7890,11167,5530,3882,2895,0,0,2
69,263419,69,-83,18256,12970,7890,11167,5530,3882,2895,0,0,2
69,263419,69,60,18256,12970,7890,11167,5530,3882,2895,0,0,2
61,137640,69,5,51200,15154,1561,4700,2469,3279,4539,0,0,2
61,137640,69,133,51200,15154,1561,4700,2469,3279,4539,0,0,2
61,137640,69,13,51200,15154,1561,4700,2469,3279,4539,0,0,2
61,137640,69,65,51200,15154,1561,4700,2469,3279,4539,0,0,2
61,137640,69,-11,51200,15154,1561,4700,2469,3279,4539,0,0,2
61,137640,69,66,51200,15154,1561,4700,2469,3279,4539,0,0,2
61,137640,69,77,51200,15154,1561,4700,2469,3279,4539,0,0,2
61,137640,69,43,51200,15154,1561,4700,2469,3279,4539,0,0,2
61,137640,69,36,51200,15154,1561,4700,2469,3279,4539,0,0,2
61,137640,69,-4,51200,15154,1561,4700,2469,3279,4539,0,0,2
60,31933,66,98,35170,3854,13186,9589,10134,20709,6272,0,0,2
60,31933,66,9,35170,3854,13186,9589,10134,20709,6272,0,0,2
60,31933,66,22,35170,3854,13186,9589,10134,20709,6272,0,0,2
60,31933,66,73,35170,3854,13186,9589,10134,20709,6272,0,0,2
60,31933,66,5,35170,3854,13186,9589,10134,20709,6272,0,0,2
60,31933,66,325,35170,3854,13186,9589,10134,20709,6272,0,0,2
60,31933,66,-238,35170,3854,13186,9589,10134,20709,6272,0,0,2
60,31933,66,56,35170,3854,13186,9589,10134,20709,6272,0,0,2
60,31933,66,109,35170,3854,13186,9589,10134,20709,6272,0,0,2
48,188742,75,80,16315,4386,5171,5284,2547,1496,2129,0,0,2
48,188742,75,82,16315,4386,5171,5284,2547,1496,2129,0,0,2
48,188742,75,44,16315,4386,5171,5284,2547,1496,2129,0,0,2
48,188742,75,77,16315,4386,5171,5284,2547,1496,2129,0,0,2
48,188742,75,99,16315,4386,5171,5284,2547,1496,2129,0,0,2
48,188742,75,36,16315,4386,5171,5284,2547,1496,2129,0,0,2
48,188742,75,-200,16315,4386,5171,5284,2547,1496,2129,0,0,2
48,188742,75,-470,16315,4386,5171,5284,2547,1496,2129,0,0,2
48,188742,75,352,16315,4386,5171,5284,2547,1496,2129,0,0,2
48,188742,75,220,16315,4386,5171,5284,2547,1496,2129,0,0,2
35,716755,66,-33,795381,112235,123270,60569,51566,125001,69223,0,0,2
35,716755,66,-190,795381,112235,123270,60569,51566,125001,69223,0,0,2
35,716755,66,-49,795381,112235,123270,60569,51566,125001,69223,0,0,2
35,716755,66,279,795381,112235,123270,60569,51566,125001,69223,0,0,2
35,716755,66,92,795381,112235,123270,60569,51566,125001,69223,0,0,2
35,716755,66,88,795381,112235,123270,60569,51566,125001,69223,0,0,2
35,716755,66,-24,795381,112235,123270,60569,51566,125001,69223,0,0,2
35,716755,66,-91,795381,112235,123270,60569,51566,125001,69223,0,0,2
35,716755,66,-29,795381,112235,123270,60569,51566,125001,69223,0,0,2
35,716755,66,-3,795381,112235,123270,60569,51566,125001,69223,0,0,2
51,2527376,60,66,577961,38950,74345,88618,88633,62533,36580,0,0,2
51,2527376,60,-110,577961,38950,74345,88618,88633,62533,36580,0,0,2
51,2527376,60,156,577961,38950,74345,88618,88633,62533,36580,0,0,2
51,2527376,60,124,577961,38950,74345,88618,88633,62533,36580,0,0,2
51,2527376,60,29,577961,38950,74345,88618,88633,62533,36580,0,0,2
51,2527376,60,104,577961,38950,74345,88618,88633,62533,36580,0,0,2
51,2527376,60,-27,577961,38950,74345,88618,88633,62533,36580,0,0,2
51,2527376,60,-5,577961,38950,74345,88618,88633,62533,36580,0,0,2
51,2527376,60,51,577961,38950,74345,88618,88633,62533,36580,0,0,2
51,2527376,60,118,577961,38950,74345,88618,88633,62533,36580,0,0,2
40,1201253,69,162,42092,20147,24965,2655,6810,5634,5953,0,0,2
40,1201253,69,201,42092,20147,24965,2655,6810,5634,5953,0,0,2
40,1201253,69,162,42092,20147,24965,2655,6810,5634,5953,0,0,2
40,1201253,69,409,42092,20147,24965,2655,6810,5634,5953,0,0,2
40,1201253,69,-299,42092,20147,24965,2655,6810,5634,5953,0,0,2
40,1201253,69,106,42092,20147,24965,2655,6810,5634,5953,0,0,2
40,1201253,69,-1,42092,20147,24965,2655,6810,5634,5953,0,0,2
40,1201253,69,75,42092,20147,24965,2655,6810,5634,5953,0,0,2
40,1201253,69,-214,42092,20147,24965,2655,6810,5634,5953,0,0,2
40,1201253,69,265,42092,20147,24965,2655,6810,5634,5953,0,0,2
54,240972,69,160,58605,20307,20194,16376,29097,4780,5822,0,0,2
54,240972,69,-40,58605,20307,20194,16376,29097,4780,5822,0,0,2
54,240972,69,12,58605,20307,20194,16376,29097,4780,5822,0,0,2
54,240972,69,38,58605,20307,20194,16376,29097,4780,5822,0,0,2
54,240972,69,42,58605,20307,20194,16376,29097,4780,5822,0,0,2
54,240972,69,73,58605,20307,20194,16376,29097,4780,5822,0,0,2
54,240972,69,124,58605,20307,20194,16376,29097,4780,5822,0,0,2
54,240972,69,105,58605,20307,20194,16376,29097,4780,5822,0,0,2
54,240972,69,-21,58605,20307,20194,16376,29097,4780,5822,0,0,2
54,240972,69,58,58605,20307,20194,16376,29097,4780,5822,0,0,2
57,349765,80,-140,32050,16292,15156,5292,3895,11446,5879,0,0,2
57,349765,80,236,32050,16292,15156,5292,3895,11446,5879,0,0,2
57,349765,80,1,32050,16292,15156,5292,3895,11446,5879,0,0,2
57,349765,80,61,32050,16292,15156,5292,3895,11446,5879,0,0,2
57,349765,80,531,32050,16292,15156,5292,3895,11446,5879,0,0,2
57,349765,80,-324,32050,16292,15156,5292,3895,11446,5879,0,0,2
57,349765,80,-328,32050,16292,15156,5292,3895,11446,5879,0,0,2
57,349765,80,101,32050,16292,15156,5292,3895,11446,5879,0,0,2
57,349765,80,217,32050,16292,15156,5292,3895,11446,5879,0,0,2
57,349765,80,93,32050,16292,15156,5292,3895,11446,5879,0,0,2
50,257400,96,86,109841,87754,19607,10355,13716,8441,14593,0,0,2
50,257400,96,-12,109841,87754,19607,10355,13716,8441,14593,0,0,2
50,257400,96,43,109841,87754,19607,10355,13716,8441,14593,0,0,2
50,257400,96,-88,109841,87754,19607,10355,13716,8441,14593,0,0,2
50,257400,96,282,109841,87754,19607,10355,13716,8441,14593,0,0,2
50,257400,96,-54,109841,87754,19607,10355,13716,8441,14593,0,0,2
50,257400,96,28,109841,87754,19607,10355,13716,8441,14593,0,0,2
50,257400,96,42,109841,87754,19607,10355,13716,8441,14593,0,0,2
50,257400,96,82,109841,87754,19607,10355,13716,8441,14593,0,0,2
50,257400,96,201,109841,87754,19607,10355,13716,8441,14593,0,0,2
63,102017,88,-234,19816,7606,5003,4751,7317,3257,3825,0,0,2
63,102017,88,-53,19816,7606,5003,4751,7317,3257,3825,0,0,2
63,102017,88,151,19816,7606,5003,4751,7317,3257,3825,0,0,2
63,102017,88,323,19816,7606,5003,4751,7317,3257,3825,0,0,2
63,102017,88,-157,19816,7606,5003,4751,7317,3257,3825,0,0,2
63,102017,88,27,19816,7606,5003,4751,7317,3257,3825,0,0,2
63,102017,88,146,19816,7606,5003,4751,7317,3257,3825,0,0,2
63,102017,88,-26,19816,7606,5003,4751,7317,3257,3825,0,0,2
63,102017,88,85,19816,7606,5003,4751,7317,3257,3825,0,0,2
63,102017,88,28,19816,7606,5003,4751,7317,3257,3825,0,0,2
40,235981,91,38,49013,17110,14144,4558,3815,2541,3257,0,0,2
40,235981,91,170,49013,17110,14144,4558,3815,2541,3257,0,0,2
40,235981,91,185,49013,17110,14144,4558,3815,2541,3257,0,0,2
40,235981,91,-72,49013,17110,14144,4558,3815,2541,3257,0,0,2
40,235981,91,-88,49013,17110,14144,4558,3815,2541,3257,0,0,2
40,235981,91,16,49013,17110,14144,4558,3815,2541,3257,0,0,2
40,235981,91,234,49013,17110,14144,4558,3815,2541,3257,0,0,2
40,235981,91,-149,49013,17110,14144,4558,3815,2541,3257,0,0,2
40,235981,91,11,49013,17110,14144,4558,3815,2541,3257,0,0,2
40,235981,91,-115,49013,17110,14144,4558,3815,2541,3257,0,0,2
41,672779,78,137,562832,11009,121774,74106,51218,27577,5538,0,0,2
41,672779,78,68,562832,11009,121774,74106,51218,27577,5538,0,0,2
41,672779,78,148,562832,11009,121774,74106,51218,27577,5538,0,0,2
41,672779,78,24,562832,11009,121774,74106,51218,27577,5538,0,0,2
41,672779,78,-155,562832,11009,121774,74106,51218,27577,5538,0,0,2
41,672779,78,49,562832,11009,121774,74106,51218,27577,5538,0,0,2
41,672779,78,102,562832,11009,121774,74106,51218,27577,5538,0,0,2
41,672779,78,43,562832,11009,121774,74106,51218,27577,5538,0,0,2
41,672779,78,26,562832,11009,121774,74106,51218,27577,5538,0,0,2
41,672779,78,109,562832,11009,121774,74106,51218,27577,5538,0,0,2
57,1650005,70,182,120833,62290,8787,16228,42989,30600,14276,0,0,2
57,1650005,70,-93,120833,62290,8787,16228,42989,30600,14276,0,0,2
57,1650005,70,24,120833,62290,8787,16228,42989,30600,14276,0,0,2
57,1650005,70,9,120833,62290,8787,16228,42989,30600,14276,0,0,2
57,1650005,70,92,120833,62290,8787,16228,42989,30600,14276,0,0,2
57,1650005,70,51,120833,62290,8787,16228,42989,30600,14276,0,0,2
57,1650005,70,86,120833,62290,8787,16228,42989,30600,14276,0,0,2
57,1650005,70,108,120833,62290,8787,16228,42989,30600,14276,0,0,2
57,1650005,70,92,120833,62290,8787,16228,42989,30600,14276,0,0,2
57,1650005,70,44,120833,62290,8787,16228,42989,30600,14276,0,0,2
56,111228,66,308,19899,3415,2449,1549,5556,2288,5577,0,0,2
56,111228,66,-211,19899,3415,2449,1549,5556,2288,5577,0,0,2
56,111228,66,52,19899,3415,2449,1549,5556,2288,5577,0,0,2
56,111228,66,116,19899,3415,2449,1549,5556,2288,5577,0,0,2
56,111228,66,67,19899,3415,2449,1549,5556,2288,5577,0,0,2
56,111228,66,122,19899,3415,2449,1549,5556,2288,5577,0,0,2
56,111228,66,51,19899,3415,2449,1549,5556,2288,5577,0,0,2
56,111228,66,16,19899,3415,2449,1549,5556,2288,5577,0,0,2
56,111228,66,5,19899,3415,2449,1549,5556,2288,5577,0,0,2
56,111228,66,17,19899,3415,2449,1549,5556,2288,5577,0,0,2
66,330035,63,107,116429,45159,15003,21100,16452,17432,13588,0,0,2
66,330035,63,42,116429,45159,15003,21100,16452,17432,13588,0,0,2
66,330035,63,52,116429,45159,15003,21100,16452,17432,13588,0,0,2
66,330035,63,60,116429,45159,15003,21100,16452,17432,13588,0,0,2
66,330035,63,84,116429,45159,15003,21100,16452,17432,13588,0,0,2
66,330035,63,-109,116429,45159,15003,21100,16452,17432,13588,0,0,2
66,330035,63,145,116429,45159,15003,21100,16452,17432,13588,0,0,2
66,330035,63,165,116429,45159,15003,21100,16452,17432,13588,0,0,2
66,330035,63,107,116429,45159,15003,21100,16452,17432,13588,0,0,2
90,105668,75,9,6401,10276,1717,1942,7770,5890,7212,0,0,2
90,105668,75,105,6401,10276,1717,1942,7770,5890,7212,0,0,2
90,105668,75,8,6401,10276,1717,1942,7770,5890,7212,0,0,2
90,105668,75,-14,6401,10276,1717,1942,7770,5890,7212,0,0,2
90,105668,75,-2,6401,10276,1717,1942,7770,5890,7212,0,0,2
90,105668,75,144,6401,10276,1717,1942,7770,5890,7212,0,0,2
90,105668,75,90,6401,10276,1717,1942,7770,5890,7212,0,0,2
90,105668,75,87,6401,10276,1717,1942,7770,5890,7212,0,0,2
90,105668,75,-140,6401,10276,1717,1942,7770,5890,7212,0,0,2
90,105668,75,-56,6401,10276,1717,1942,7770,5890,7212,0,0,2
81,108505,70,-204,46253,8699,12970,8824,8083,12744,8191,0,0,2
81,108505,70,250,46253,8699,12970,8824,8083,12744,8191,0,0,2
81,108505,70,-35,46253,8699,12970,8824,8083,12744,8191,0,0,2
81,108505,70,272,46253,8699,12970,8824,8083,12744,8191,0,0,2
81,108505,70,16,46253,8699,12970,8824,8083,12744,8191,0,0,2
81,108505,70,-12,46253,8699,12970,8824,8083,12744,8191,0,0,2
81,108505,70,99,46253,8699,12970,8824,8083,12744,8191,0,0,2
81,108505,70,-44,46253,8699,12970,8824,8083,12744,8191,0,0,2
81,108505,70,27,46253,8699,12970,8824,8083,12744,8191,0,0,2
81,108505,70,-19,46253,8699,12970,8824,8083,12744,8191,0,0,2
78,476848,80,3,108160,40529,36847,45013,28817,16704,6115,0,0,2
78,476848,80,-107,108160,40529,36847,45013,28817,16704,6115,0,0,2
78,476848,80,-101,108160,40529,36847,45013,28817,16704,6115,0,0,2
78,476848,80,-72,108160,40529,36847,45013,28817,16704,6115,0,0,2
78,476848,80,-83,108160,40529,36847,45013,28817,16704,6115,0,0,2
78,476848,80,-59,108160,40529,36847,45013,28817,16704,6115,0,0,2
78,476848,80,309,108160,40529,36847,45013,28817,16704,6115,0,0,2
78,476848,80,98,108160,40529,36847,45013,28817,16704,6115,0,0,2
78,476848,80,-104,108160,40529,36847,45013,28817,16704,6115,0,0,2
78,476848,80,83,108160,40529,36847,45013,28817,16704,6115,0,0,2
66,231817,81,23,62380,25592,6821,6475,4064,3395,8119,0,0,2
66,231817,81,-39,62380,25592,6821,6475,4064,3395,8119,0,0,2
66,231817,81,91,62380,25592,6821,6475,4064,3395,8119,0,0,2
66,231817,81,7,62380,25592,6821,6475,4064,3395,8119,0,0,2
66,231817,81,128,62380,25592,6821,6475,4064,3395,8119,0,0,2
66,231817,81,416,62380,25592,6821,6475,4064,3395,8119,0,0,2
66,231817,81,-42,62380,25592,6821,6475,4064,3395,8119,0,0,2
66,231817,81,-14,62380,25592,6821,6475,4064,3395,8119,0,0,2
66,231817,81,89,62380,25592,6821,6475,4064,3395,8119,0,0,2
66,231817,81,42,62380,25592,6821,6475,4064,3395,8119,0,0,2
44,639177,66,-129,135250,18715,21757,62392,13290,36286,16851,0,0,2
44,639177,66,25,135250,18715,21757,62392,13290,36286,16851,0,0,2
44,639177,66,41,135250,18715,21757,62392,13290,36286,16851,0,0,2
44,639177,66,-44,135250,18715,21757,62392,13290,36286,16851,0,0,2
44,639177,66,87,135250,18715,21757,62392,13290,36286,16851,0,0,2
44,639177,66,36,135250,18715,21757,62392,13290,36286,16851,0,0,2
44,639177,66,-204,135250,18715,21757,62392,13290,36286,16851,0,0,2
44,639177,66,-294,135250,18715,21757,62392,13290,36286,16851,0,0,2
44,639177,66,-260,135250,18715,21757,62392,13290,36286,16851,0,0,2
44,639177,66,115,135250,18715,21757,62392,13290,36286,16851,0,0,2
35,845930,61,97,726817,136413,25495,20831,50236,37581,10969,0,0,2
35,845930,61,231,726817,136413,25495,20831,50236,37581,10969,0,0,2
35,845930,61,-201,726817,136413,25495,20831,50236,37581,10969,0,0,2
35,845930,61,92,726817,136413,25495,20831,50236,37581,10969,0,0,2
35,845930,61,155,726817,136413,25495,20831,50236,37581,10969,0,0,2
35,845930,61,84,726817,136413,25495,20831,50236,37581,10969,0,0,2
35,845930,61,51,726817,136413,25495,20831,50236,37581,10969,0,0,2
35,845930,61,482,726817,136413,25495,20831,50236,37581,10969,0,0,2
35,845930,61,-260,726817,136413,25495,20831,50236,37581,10969,0,0,2
35,845930,61,35,726817,136413,25495,20831,50236,37581,10969,0,0,2
16,70980,53,-316,26986,4410,1263,1162,1124,488,780,0,0,2
16,70980,53,-45,26986,4410,1263,1162,1124,488,780,0,0,2
16,70980,53,83,26986,4410,1263,1162,1124,488,780,0,0,2
16,70980,53,97,26986,4410,1263,1162,1124,488,780,0,0,2
16,70980,53,71,26986,4410,1263,1162,1124,488,780,0,0,2
16,70980,53,106,26986,4410,1263,1162,1124,488,780,0,0,2
16,70980,53,52,26986,4410,1263,1162,1124,488,780,0,0,2
16,70980,53,56,26986,4410,1263,1162,1124,488,780,0,0,2
16,70980,53,80,26986,4410,1263,1162,1124,488,780,0,0,2
16,70980,53,82,26986,4410,1263,1162,1124,488,780,0,0,2
30,149136,51,90,9608,3767,1678,2306,2331,640,954,0,0,2
30,149136,51,132,9608,3767,1678,2306,2331,640,954,0,0,2
30,149136,51,-104,9608,3767,1678,2306,2331,640,954,0,0,2
30,149136,51,-197,9608,3767,1678,2306,2331,640,954,0,0,2
30,149136,51,171,9608,3767,1678,2306,2331,640,954,0,0,2
30,149136,51,256,9608,3767,1678,2306,2331,640,954,0,0,2
30,149136,51,119,9608,3767,1678,2306,2331,640,954,0,0,2
30,149136,51,-7,9608,3767,1678,2306,2331,640,954,0,0,2
30,149136,51,104,9608,3767,1678,2306,2331,640,954,0,0,2
30,149136,51,244,9608,3767,1678,2306,2331,640,954,0,0,2
34,443616,56,-433,113007,25505,21715,33243,13152,17703,15697,0,0,2
34,443616,56,26,113007,25505,21715,33243,13152,17703,15697,0,0,2
34,443616,56,182,113007,25505,21715,33243,13152,17703,15697,0,0,2
34,443616,56,214,113007,25505,21715,33243,13152,17703,15697,0,0,2
34,443616,56,11,113007,25505,21715,33243,13152,17703,15697,0,0,2
34,443616,56,183,113007,25505,21715,33243,13152,17703,15697,0,0,2
34,443616,56,-6,113007,25505,21715,33243,13152,17703,15697,0,0,2
34,443616,56,164,113007,25505,21715,33243,13152,17703,15697,0,0,2
34,443616,56,107,113007,25505,21715,33243,13152,17703,15697,0,0,2
34,443616,56,-3,113007,25505,21715,33243,13152,17703,15697,0,0,2
40,1819470,66,-59,217547,112461,54929,46427,38281,26322,19404,0,0,2
40,1819470,66,6,217547,112461,54929,46427,38281,26322,19404,0,0,2
40,1819470,66,73,217547,112461,54929,46427,38281,26322,19404,0,0,2
40,1819470,66,89,217547,112461,54929,46427,38281,26322,19404,0,0,2
40,1819470,66,89,217547,112461,54929,46427,38281,26322,19404,0,0,2
40,1819470,66,11,217547,112461,54929,46427,38281,26322,19404,0,0,2
40,1819470,66,278,217547,112461,54929,46427,38281,26322,19404,0,0,2
40,1819470,66,-337,217547,112461,54929,46427,38281,26322,19404,0,0,2
40,1819470,66,-44,217547,112461,54929,46427,38281,26322,19404,0,0,2
40,1819470,66,-434,217547,112461,54929,46427,38281,26322,19404,0,0,2
56,421384,83,188,60090,18686,70328,12214,17377,9709,7976,0,0,2
56,421384,83,196,60090,18686,70328,12214,17377,9709,7976,0,0,2
56,421384,83,205,60090,18686,70328,12214,17377,9709,7976,0,0,2
56,421384,83,-261,60090,18686,70328,12214,17377,9709,7976,0,0,2
56,421384,83,54,60090,18686,70328,12214,17377,9709,7976,0,0,2
56,421384,83,-51,60090,18686,70328,12214,17377,9709,7976,0,0,2
56,421384,83,104,60090,18686,70328,12214,17377,9709,7976,0,0,2
56,421384,83,0,60090,18686,70328,12214,17377,9709,7976,0,0,2
56,421384,83,135,60090,18686,70328,12214,17377,9709,7976,0,0,2
56,421384,83,88,60090,18686,70328,12214,17377,9709,7976,0,0,2
38,819404,70,226,599797,70489,21858,22908,24611,10097,11050,0,0,2
38,819404,70,-11,599797,70489,21858,22908,24611,10097,11050,0,0,2
38,819404,70,-37,599797,70489,21858,22908,24611,10097,11050,0,0,2
38,819404,70,45,599797,70489,21858,22908,24611,10097,11050,0,0,2
38,819404,70,529,599797,70489,21858,22908,24611,10097,11050,0,0,2
38,819404,70,118,599797,70489,21858,22908,24611,10097,11050,0,0,2
38,819404,70,-401,599797,70489,21858,22908,24611,10097,11050,0,0,2
38,819404,70,117,599797,70489,21858,22908,24611,10097,11050,0,0,2
38,819404,70,35,599797,70489,21858,22908,24611,10097,11050,0,0,2
43,752939,70,50,83776,14576,21339,12646,15038,14631,5044,0,0,2
43,752939,70,28,83776,14576,21339,12646,15038,14631,5044,0,0,2
43,752939,70,104,83776,14576,21339,12646,15038,14631,5044,0,0,2
43,752939,70,65,83776,14576,21339,12646,15038,14631,5044,0,0,2
43,752939,70,-46,83776,14576,21339,12646,15038,14631,5044,0,0,2
43,752939,70,-189,83776,14576,21339,12646,15038,14631,5044,0,0,2
43,752939,70,11,83776,14576,21339,12646,15038,14631,5044,0,0,2
43,752939,70,55,83776,14576,21339,12646,15038,14631,5044,0,0,2
43,752939,70,17,83776,14576,21339,12646,15038,14631,5044,0,0,2
43,752939,70,697,83776,14576,21339,12646,15038,14631,5044,0,0,2
38,875636,61,-628,317070,22002,48099,23128,25093,27019,28162,0,0,2
38,875636,61,-145,317070,22002,48099,23128,25093,27019,28162,0,0,2
38,875636,61,39,317070,22002,48099,23128,25093,27019,28162,0,0,2
38,875636,61,313,317070,22002,48099,23128,25093,27019,28162,0,0,2
38,875636,61,-469,317070,22002,48099,23128,25093,27019,28162,0,0,2
38,875636,61,248,317070,22002,48099,23128,25093,27019,28162,0,0,2
38,875636,61,497,317070,22002,48099,23128,25093,27019,28162,0,0,2
38,875636,61,416,317070,22002,48099,23128,25093,27019,28162,0,0,2
38,875636,61,-683,317070,22002,48099,23128,25093,27019,28162,0,0,2
38,875636,61,-343,317070,22002,48099,23128,25093,27019,28162,0,0,2
23,944009,41,228,99648,7625,7854,2058,4311,6529,5233,0,0,2
23,944009,41,-139,99648,7625,7854,2058,4311,6529,5233,0,0,2
23,944009,41,34,99648,7625,7854,2058,4311,6529,5233,0,0,2
23,944009,41,13,99648,7625,7854,2058,4311,6529,5233,0,0,2
23,944009,41,305,99648,7625,7854,2058,4311,6529,5233,0,0,2
23,944009,41,304,99648,7625,7854,2058,4311,6529,5233,0,0,2
23,944009,41,-172,99648,7625,7854,2058,4311,6529,5233,0,0,2
23,944009,41,290,99648,7625,7854,2058,4311,6529,5233,0,0,2
23,944009,41,-23,99648,7625,7854,2058,4311,6529,5233,0,0,2
23,944009,41,138,99648,7625,7854,2058,4311,6529,5233,0,0,2
43,1191261,54,324,61551,51946,32704,67732,25026,37856,38782,0,0,2
43,1191261,54,41,61551,51946,32704,67732,25026,37856,38782,0,0,2
43,1191261,54,-101,61551,51946,32704,67732,25026,37856,38782,0,0,2
43,1191261,54,99,61551,51946,32704,67732,25026,37856,38782,0,0,2
43,1191261,54,-66,61551,51946,32704,67732,25026,37856,38782,0,0,2
43,1191261,54,240,61551,51946,32704,67732,25026,37856,38782,0,0,2
43,1191261,54,65,61551,51946,32704,67732,25026,37856,38782,0,0,2
43,1191261,54,12,61551,51946,32704,67732,25026,37856,38782,0,0,2
43,1191261,54,-52,61551,51946,32704,67732,25026,37856,38782,0,0,2
43,1191261,54,132,61551,51946,32704,67732,25026,37856,38782,0,0,2
41,309754,63,93,26164,10266,16613,10485,5546,9684,6736,0,0,2
41,309754,63,74,26164,10266,16613,10485,5546,9684,6736,0,0,2
41,309754,63,-145,26164,10266,16613,10485,5546,9684,6736,0,0,2
41,309754,63,-182,26164,10266,16613,10485,5546,9684,6736,0,0,2
41,309754,63,248,26164,10266,16613,10485,5546,9684,6736,0,0,2
41,309754,63,-6,26164,10266,16613,10485,5546,9684,6736,0,0,2
41,309754,63,96,26164,10266,16613,10485,5546,9684,6736,0,0,2
41,309754,63,392,26164,10266,16613,10485,5546,9684,6736,0,0,2
41,309754,63,37,26164,10266,16613,10485,5546,9684,6736,0,0,2
41,309754,63,-376,26164,10266,16613,10485,5546,9684,6736,0,0,2
56,1125825,74,236,123556,42639,118149,104850,66801,46064,24327,0,0,2
